$MeshFormat
4.1 0 8
$EndMeshFormat
$Entities
4 4 1 0
1 0 0 0 0 
2 1 0 0 0 
3 1 1 0 0 
4 0 1 0 0 
1 -9.999999994736442e-08 -1e-07 -1e-07 1.0000001 1e-07 1e-07 1 1 2 1 -2 
2 0.9999999000000001 -9.999999994736442e-08 -1e-07 1.0000001 1.0000001 1e-07 1 2 2 2 -3 
3 -9.999999994736442e-08 0.9999999000000001 -1e-07 1.0000001 1.0000001 1e-07 1 2 2 3 -4 
4 -1e-07 -9.999999994736442e-08 -1e-07 1e-07 1.0000001 1e-07 1 2 2 4 -1 
1 -9.999999994736442e-08 -9.999999994736442e-08 -1e-07 1.0000001 1.0000001 1e-07 1 10 4 1 2 3 4 
$EndEntities
$Nodes
9 4917 1 4917
0 1 0 1
1
0 0 0
0 2 0 1
2
1 0 0
0 3 0 1
3
1 1 0
0 4 0 1
4
0 1 0
1 1 0 63
5
6
7
8
9
10
11
12
13
14
15
16
17
18
19
20
21
22
23
24
25
26
27
28
29
30
31
32
33
34
35
36
37
38
39
40
41
42
43
44
45
46
47
48
49
50
51
52
53
54
55
56
57
58
59
60
61
62
63
64
65
66
67
0.03125 0 0
0.0625 0 0
0.09375 0 0
0.125 0 0
0.15625 0 0
0.1875 0 0
0.21875 0 0
0.25 0 0
0.28125 0 0
0.3125 0 0
0.34375 0 0
0.375 0 0
0.40625 0 0
0.4375 0 0
0.46875 0 0
0.5 0 0
0.53125 0 0
0.5625 0 0
0.59375 0 0
0.625 0 0
0.65625 0 0
0.6875 0 0
0.71875 0 0
0.75 0 0
0.78125 0 0
0.8125 0 0
0.84375 0 0
0.875 0 0
0.90625 0 0
0.9375 0 0
0.96875 0 0
0.015625 0 0
0.046875 0 0
0.078125 0 0
0.109375 0 0
0.140625 0 0
0.171875 0 0
0.203125 0 0
0.234375 0 0
0.265625 0 0
0.296875 0 0
0.328125 0 0
0.359375 0 0
0.390625 0 0
0.421875 0 0
0.453125 0 0
0.484375 0 0
0.515625 0 0
0.546875 0 0
0.578125 0 0
0.609375 0 0
0.640625 0 0
0.671875 0 0
0.703125 0 0
0.734375 0 0
0.765625 0 0
0.796875 0 0
0.828125 0 0
0.859375 0 0
0.890625 0 0
0.921875 0 0
0.953125 0 0
0.984375 0 0
1 2 0 63
68
69
70
71
72
73
74
75
76
77
78
79
80
81
82
83
84
85
86
87
88
89
90
91
92
93
94
95
96
97
98
99
100
101
102
103
104
105
106
107
108
109
110
111
112
113
114
115
116
117
118
119
120
121
122
123
124
125
126
127
128
129
130
1 0.03125 0
1 0.0625 0
1 0.09375 0
1 0.125 0
1 0.15625 0
1 0.1875 0
1 0.21875 0
1 0.25 0
1 0.28125 0
1 0.3125 0
1 0.34375 0
1 0.375 0
1 0.40625 0
1 0.4375 0
1 0.46875 0
1 0.5 0
1 0.53125 0
1 0.5625 0
1 0.59375 0
1 0.625 0
1 0.65625 0
1 0.6875 0
1 0.71875 0
1 0.75 0
1 0.78125 0
1 0.8125 0
1 0.84375 0
1 0.875 0
1 0.90625 0
1 0.9375 0
1 0.96875 0
1 0.015625 0
1 0.046875 0
1 0.078125 0
1 0.109375 0
1 0.140625 0
1 0.171875 0
1 0.203125 0
1 0.234375 0
1 0.265625 0
1 0.296875 0
1 0.328125 0
1 0.359375 0
1 0.390625 0
1 0.421875 0
1 0.453125 0
1 0.484375 0
1 0.515625 0
1 0.546875 0
1 0.578125 0
1 0.609375 0
1 0.640625 0
1 0.671875 0
1 0.703125 0
1 0.734375 0
1 0.765625 0
1 0.796875 0
1 0.828125 0
1 0.859375 0
1 0.890625 0
1 0.921875 0
1 0.953125 0
1 0.984375 0
1 3 0 63
131
132
133
134
135
136
137
138
139
140
141
142
143
144
145
146
147
148
149
150
151
152
153
154
155
156
157
158
159
160
161
162
163
164
165
166
167
168
169
170
171
172
173
174
175
176
177
178
179
180
181
182
183
184
185
186
187
188
189
190
191
192
193
0.96875 1 0
0.9375 1 0
0.90625 1 0
0.875 1 0
0.84375 1 0
0.8125 1 0
0.78125 1 0
0.75 1 0
0.71875 1 0
0.6875 1 0
0.65625 1 0
0.625 1 0
0.59375 1 0
0.5625 1 0
0.53125 1 0
0.5 1 0
0.46875 1 0
0.4375 1 0
0.40625 1 0
0.375 1 0
0.34375 1 0
0.3125 1 0
0.28125 1 0
0.25 1 0
0.21875 1 0
0.1875 1 0
0.15625 1 0
0.125 1 0
0.09375 1 0
0.0625 1 0
0.03125 1 0
0.984375 1 0
0.953125 1 0
0.921875 1 0
0.890625 1 0
0.859375 1 0
0.828125 1 0
0.796875 1 0
0.765625 1 0
0.734375 1 0
0.703125 1 0
0.671875 1 0
0.640625 1 0
0.609375 1 0
0.578125 1 0
0.546875 1 0
0.515625 1 0
0.484375 1 0
0.453125 1 0
0.421875 1 0
0.390625 1 0
0.359375 1 0
0.328125 1 0
0.296875 1 0
0.265625 1 0
0.234375 1 0
0.203125 1 0
0.171875 1 0
0.140625 1 0
0.109375 1 0
0.078125 1 0
0.046875 1 0
0.015625 1 0
1 4 0 63
194
195
196
197
198
199
200
201
202
203
204
205
206
207
208
209
210
211
212
213
214
215
216
217
218
219
220
221
222
223
224
225
226
227
228
229
230
231
232
233
234
235
236
237
238
239
240
241
242
243
244
245
246
247
248
249
250
251
252
253
254
255
256
0 0.96875 0
0 0.9375 0
0 0.90625 0
0 0.875 0
0 0.84375 0
0 0.8125 0
0 0.78125 0
0 0.75 0
0 0.71875 0
0 0.6875 0
0 0.65625 0
0 0.625 0
0 0.59375 0
0 0.5625 0
0 0.53125 0
0 0.5 0
0 0.46875 0
0 0.4375 0
0 0.40625 0
0 0.375 0
0 0.34375 0
0 0.3125 0
0 0.28125 0
0 0.25 0
0 0.21875 0
0 0.1875 0
0 0.15625 0
0 0.125 0
0 0.09375 0
0 0.0625 0
0 0.03125 0
0 0.984375 0
0 0.953125 0
0 0.921875 0
0 0.890625 0
0 0.859375 0
0 0.828125 0
0 0.796875 0
0 0.765625 0
0 0.734375 0
0 0.703125 0
0 0.671875 0
0 0.640625 0
0 0.609375 0
0 0.578125 0
0 0.546875 0
0 0.515625 0
0 0.484375 0
0 0.453125 0
0 0.421875 0
0 0.390625 0
0 0.359375 0
0 0.328125 0
0 0.296875 0
0 0.265625 0
0 0.234375 0
0 0.203125 0
0 0.171875 0
0 0.140625 0
0 0.109375 0
0 0.078125 0
0 0.046875 0
0 0.015625 0
2 1 0 4661
257
258
259
260
261
262
263
264
265
266
267
268
269
270
271
272
273
274
275
276
277
278
279
280
281
282
283
284
285
286
287
288
289
290
291
292
293
294
295
296
297
298
299
300
301
302
303
304
305
306
307
308
309
310
311
312
313
314
315
316
317
318
319
320
321
322
323
324
325
326
327
328
329
330
331
332
333
334
335
336
337
338
339
340
341
342
343
344
345
346
347
348
349
350
351
352
353
354
355
356
357
358
359
360
361
362
363
364
365
366
367
368
369
370
371
372
373
374
375
376
377
378
379
380
381
382
383
384
385
386
387
388
389
390
391
392
393
394
395
396
397
398
399
400
401
402
403
404
405
406
407
408
409
410
411
412
413
414
415
416
417
418
419
420
421
422
423
424
425
426
427
428
429
430
431
432
433
434
435
436
437
438
439
440
441
442
443
444
445
446
447
448
449
450
451
452
453
454
455
456
457
458
459
460
461
462
463
464
465
466
467
468
469
470
471
472
473
474
475
476
477
478
479
480
481
482
483
484
485
486
487
488
489
490
491
492
493
494
495
496
497
498
499
500
501
502
503
504
505
506
507
508
509
510
511
512
513
514
515
516
517
518
519
520
521
522
523
524
525
526
527
528
529
530
531
532
533
534
535
536
537
538
539
540
541
542
543
544
545
546
547
548
549
550
551
552
553
554
555
556
557
558
559
560
561
562
563
564
565
566
567
568
569
570
571
572
573
574
575
576
577
578
579
580
581
582
583
584
585
586
587
588
589
590
591
592
593
594
595
596
597
598
599
600
601
602
603
604
605
606
607
608
609
610
611
612
613
614
615
616
617
618
619
620
621
622
623
624
625
626
627
628
629
630
631
632
633
634
635
636
637
638
639
640
641
642
643
644
645
646
647
648
649
650
651
652
653
654
655
656
657
658
659
660
661
662
663
664
665
666
667
668
669
670
671
672
673
674
675
676
677
678
679
680
681
682
683
684
685
686
687
688
689
690
691
692
693
694
695
696
697
698
699
700
701
702
703
704
705
706
707
708
709
710
711
712
713
714
715
716
717
718
719
720
721
722
723
724
725
726
727
728
729
730
731
732
733
734
735
736
737
738
739
740
741
742
743
744
745
746
747
748
749
750
751
752
753
754
755
756
757
758
759
760
761
762
763
764
765
766
767
768
769
770
771
772
773
774
775
776
777
778
779
780
781
782
783
784
785
786
787
788
789
790
791
792
793
794
795
796
797
798
799
800
801
802
803
804
805
806
807
808
809
810
811
812
813
814
815
816
817
818
819
820
821
822
823
824
825
826
827
828
829
830
831
832
833
834
835
836
837
838
839
840
841
842
843
844
845
846
847
848
849
850
851
852
853
854
855
856
857
858
859
860
861
862
863
864
865
866
867
868
869
870
871
872
873
874
875
876
877
878
879
880
881
882
883
884
885
886
887
888
889
890
891
892
893
894
895
896
897
898
899
900
901
902
903
904
905
906
907
908
909
910
911
912
913
914
915
916
917
918
919
920
921
922
923
924
925
926
927
928
929
930
931
932
933
934
935
936
937
938
939
940
941
942
943
944
945
946
947
948
949
950
951
952
953
954
955
956
957
958
959
960
961
962
963
964
965
966
967
968
969
970
971
972
973
974
975
976
977
978
979
980
981
982
983
984
985
986
987
988
989
990
991
992
993
994
995
996
997
998
999
1000
1001
1002
1003
1004
1005
1006
1007
1008
1009
1010
1011
1012
1013
1014
1015
1016
1017
1018
1019
1020
1021
1022
1023
1024
1025
1026
1027
1028
1029
1030
1031
1032
1033
1034
1035
1036
1037
1038
1039
1040
1041
1042
1043
1044
1045
1046
1047
1048
1049
1050
1051
1052
1053
1054
1055
1056
1057
1058
1059
1060
1061
1062
1063
1064
1065
1066
1067
1068
1069
1070
1071
1072
1073
1074
1075
1076
1077
1078
1079
1080
1081
1082
1083
1084
1085
1086
1087
1088
1089
1090
1091
1092
1093
1094
1095
1096
1097
1098
1099
1100
1101
1102
1103
1104
1105
1106
1107
1108
1109
1110
1111
1112
1113
1114
1115
1116
1117
1118
1119
1120
1121
1122
1123
1124
1125
1126
1127
1128
1129
1130
1131
1132
1133
1134
1135
1136
1137
1138
1139
1140
1141
1142
1143
1144
1145
1146
1147
1148
1149
1150
1151
1152
1153
1154
1155
1156
1157
1158
1159
1160
1161
1162
1163
1164
1165
1166
1167
1168
1169
1170
1171
1172
1173
1174
1175
1176
1177
1178
1179
1180
1181
1182
1183
1184
1185
1186
1187
1188
1189
1190
1191
1192
1193
1194
1195
1196
1197
1198
1199
1200
1201
1202
1203
1204
1205
1206
1207
1208
1209
1210
1211
1212
1213
1214
1215
1216
1217
1218
1219
1220
1221
1222
1223
1224
1225
1226
1227
1228
1229
1230
1231
1232
1233
1234
1235
1236
1237
1238
1239
1240
1241
1242
1243
1244
1245
1246
1247
1248
1249
1250
1251
1252
1253
1254
1255
1256
1257
1258
1259
1260
1261
1262
1263
1264
1265
1266
1267
1268
1269
1270
1271
1272
1273
1274
1275
1276
1277
1278
1279
1280
1281
1282
1283
1284
1285
1286
1287
1288
1289
1290
1291
1292
1293
1294
1295
1296
1297
1298
1299
1300
1301
1302
1303
1304
1305
1306
1307
1308
1309
1310
1311
1312
1313
1314
1315
1316
1317
1318
1319
1320
1321
1322
1323
1324
1325
1326
1327
1328
1329
1330
1331
1332
1333
1334
1335
1336
1337
1338
1339
1340
1341
1342
1343
1344
1345
1346
1347
1348
1349
1350
1351
1352
1353
1354
1355
1356
1357
1358
1359
1360
1361
1362
1363
1364
1365
1366
1367
1368
1369
1370
1371
1372
1373
1374
1375
1376
1377
1378
1379
1380
1381
1382
1383
1384
1385
1386
1387
1388
1389
1390
1391
1392
1393
1394
1395
1396
1397
1398
1399
1400
1401
1402
1403
1404
1405
1406
1407
1408
1409
1410
1411
1412
1413
1414
1415
1416
1417
1418
1419
1420
1421
1422
1423
1424
1425
1426
1427
1428
1429
1430
1431
1432
1433
1434
1435
1436
1437
1438
1439
1440
1441
1442
1443
1444
1445
1446
1447
1448
1449
1450
1451
1452
1453
1454
1455
1456
1457
1458
1459
1460
1461
1462
1463
1464
1465
1466
1467
1468
1469
1470
1471
1472
1473
1474
1475
1476
1477
1478
1479
1480
1481
1482
1483
1484
1485
1486
1487
1488
1489
1490
1491
1492
1493
1494
1495
1496
1497
1498
1499
1500
1501
1502
1503
1504
1505
1506
1507
1508
1509
1510
1511
1512
1513
1514
1515
1516
1517
1518
1519
1520
1521
1522
1523
1524
1525
1526
1527
1528
1529
1530
1531
1532
1533
1534
1535
1536
1537
1538
1539
1540
1541
1542
1543
1544
1545
1546
1547
1548
1549
1550
1551
1552
1553
1554
1555
1556
1557
1558
1559
1560
1561
1562
1563
1564
1565
1566
1567
1568
1569
1570
1571
1572
1573
1574
1575
1576
1577
1578
1579
1580
1581
1582
1583
1584
1585
1586
1587
1588
1589
1590
1591
1592
1593
1594
1595
1596
1597
1598
1599
1600
1601
1602
1603
1604
1605
1606
1607
1608
1609
1610
1611
1612
1613
1614
1615
1616
1617
1618
1619
1620
1621
1622
1623
1624
1625
1626
1627
1628
1629
1630
1631
1632
1633
1634
1635
1636
1637
1638
1639
1640
1641
1642
1643
1644
1645
1646
1647
1648
1649
1650
1651
1652
1653
1654
1655
1656
1657
1658
1659
1660
1661
1662
1663
1664
1665
1666
1667
1668
1669
1670
1671
1672
1673
1674
1675
1676
1677
1678
1679
1680
1681
1682
1683
1684
1685
1686
1687
1688
1689
1690
1691
1692
1693
1694
1695
1696
1697
1698
1699
1700
1701
1702
1703
1704
1705
1706
1707
1708
1709
1710
1711
1712
1713
1714
1715
1716
1717
1718
1719
1720
1721
1722
1723
1724
1725
1726
1727
1728
1729
1730
1731
1732
1733
1734
1735
1736
1737
1738
1739
1740
1741
1742
1743
1744
1745
1746
1747
1748
1749
1750
1751
1752
1753
1754
1755
1756
1757
1758
1759
1760
1761
1762
1763
1764
1765
1766
1767
1768
1769
1770
1771
1772
1773
1774
1775
1776
1777
1778
1779
1780
1781
1782
1783
1784
1785
1786
1787
1788
1789
1790
1791
1792
1793
1794
1795
1796
1797
1798
1799
1800
1801
1802
1803
1804
1805
1806
1807
1808
1809
1810
1811
1812
1813
1814
1815
1816
1817
1818
1819
1820
1821
1822
1823
1824
1825
1826
1827
1828
1829
1830
1831
1832
1833
1834
1835
1836
1837
1838
1839
1840
1841
1842
1843
1844
1845
1846
1847
1848
1849
1850
1851
1852
1853
1854
1855
1856
1857
1858
1859
1860
1861
1862
1863
1864
1865
1866
1867
1868
1869
1870
1871
1872
1873
1874
1875
1876
1877
1878
1879
1880
1881
1882
1883
1884
1885
1886
1887
1888
1889
1890
1891
1892
1893
1894
1895
1896
1897
1898
1899
1900
1901
1902
1903
1904
1905
1906
1907
1908
1909
1910
1911
1912
1913
1914
1915
1916
1917
1918
1919
1920
1921
1922
1923
1924
1925
1926
1927
1928
1929
1930
1931
1932
1933
1934
1935
1936
1937
1938
1939
1940
1941
1942
1943
1944
1945
1946
1947
1948
1949
1950
1951
1952
1953
1954
1955
1956
1957
1958
1959
1960
1961
1962
1963
1964
1965
1966
1967
1968
1969
1970
1971
1972
1973
1974
1975
1976
1977
1978
1979
1980
1981
1982
1983
1984
1985
1986
1987
1988
1989
1990
1991
1992
1993
1994
1995
1996
1997
1998
1999
2000
2001
2002
2003
2004
2005
2006
2007
2008
2009
2010
2011
2012
2013
2014
2015
2016
2017
2018
2019
2020
2021
2022
2023
2024
2025
2026
2027
2028
2029
2030
2031
2032
2033
2034
2035
2036
2037
2038
2039
2040
2041
2042
2043
2044
2045
2046
2047
2048
2049
2050
2051
2052
2053
2054
2055
2056
2057
2058
2059
2060
2061
2062
2063
2064
2065
2066
2067
2068
2069
2070
2071
2072
2073
2074
2075
2076
2077
2078
2079
2080
2081
2082
2083
2084
2085
2086
2087
2088
2089
2090
2091
2092
2093
2094
2095
2096
2097
2098
2099
2100
2101
2102
2103
2104
2105
2106
2107
2108
2109
2110
2111
2112
2113
2114
2115
2116
2117
2118
2119
2120
2121
2122
2123
2124
2125
2126
2127
2128
2129
2130
2131
2132
2133
2134
2135
2136
2137
2138
2139
2140
2141
2142
2143
2144
2145
2146
2147
2148
2149
2150
2151
2152
2153
2154
2155
2156
2157
2158
2159
2160
2161
2162
2163
2164
2165
2166
2167
2168
2169
2170
2171
2172
2173
2174
2175
2176
2177
2178
2179
2180
2181
2182
2183
2184
2185
2186
2187
2188
2189
2190
2191
2192
2193
2194
2195
2196
2197
2198
2199
2200
2201
2202
2203
2204
2205
2206
2207
2208
2209
2210
2211
2212
2213
2214
2215
2216
2217
2218
2219
2220
2221
2222
2223
2224
2225
2226
2227
2228
2229
2230
2231
2232
2233
2234
2235
2236
2237
2238
2239
2240
2241
2242
2243
2244
2245
2246
2247
2248
2249
2250
2251
2252
2253
2254
2255
2256
2257
2258
2259
2260
2261
2262
2263
2264
2265
2266
2267
2268
2269
2270
2271
2272
2273
2274
2275
2276
2277
2278
2279
2280
2281
2282
2283
2284
2285
2286
2287
2288
2289
2290
2291
2292
2293
2294
2295
2296
2297
2298
2299
2300
2301
2302
2303
2304
2305
2306
2307
2308
2309
2310
2311
2312
2313
2314
2315
2316
2317
2318
2319
2320
2321
2322
2323
2324
2325
2326
2327
2328
2329
2330
2331
2332
2333
2334
2335
2336
2337
2338
2339
2340
2341
2342
2343
2344
2345
2346
2347
2348
2349
2350
2351
2352
2353
2354
2355
2356
2357
2358
2359
2360
2361
2362
2363
2364
2365
2366
2367
2368
2369
2370
2371
2372
2373
2374
2375
2376
2377
2378
2379
2380
2381
2382
2383
2384
2385
2386
2387
2388
2389
2390
2391
2392
2393
2394
2395
2396
2397
2398
2399
2400
2401
2402
2403
2404
2405
2406
2407
2408
2409
2410
2411
2412
2413
2414
2415
2416
2417
2418
2419
2420
2421
2422
2423
2424
2425
2426
2427
2428
2429
2430
2431
2432
2433
2434
2435
2436
2437
2438
2439
2440
2441
2442
2443
2444
2445
2446
2447
2448
2449
2450
2451
2452
2453
2454
2455
2456
2457
2458
2459
2460
2461
2462
2463
2464
2465
2466
2467
2468
2469
2470
2471
2472
2473
2474
2475
2476
2477
2478
2479
2480
2481
2482
2483
2484
2485
2486
2487
2488
2489
2490
2491
2492
2493
2494
2495
2496
2497
2498
2499
2500
2501
2502
2503
2504
2505
2506
2507
2508
2509
2510
2511
2512
2513
2514
2515
2516
2517
2518
2519
2520
2521
2522
2523
2524
2525
2526
2527
2528
2529
2530
2531
2532
2533
2534
2535
2536
2537
2538
2539
2540
2541
2542
2543
2544
2545
2546
2547
2548
2549
2550
2551
2552
2553
2554
2555
2556
2557
2558
2559
2560
2561
2562
2563
2564
2565
2566
2567
2568
2569
2570
2571
2572
2573
2574
2575
2576
2577
2578
2579
2580
2581
2582
2583
2584
2585
2586
2587
2588
2589
2590
2591
2592
2593
2594
2595
2596
2597
2598
2599
2600
2601
2602
2603
2604
2605
2606
2607
2608
2609
2610
2611
2612
2613
2614
2615
2616
2617
2618
2619
2620
2621
2622
2623
2624
2625
2626
2627
2628
2629
2630
2631
2632
2633
2634
2635
2636
2637
2638
2639
2640
2641
2642
2643
2644
2645
2646
2647
2648
2649
2650
2651
2652
2653
2654
2655
2656
2657
2658
2659
2660
2661
2662
2663
2664
2665
2666
2667
2668
2669
2670
2671
2672
2673
2674
2675
2676
2677
2678
2679
2680
2681
2682
2683
2684
2685
2686
2687
2688
2689
2690
2691
2692
2693
2694
2695
2696
2697
2698
2699
2700
2701
2702
2703
2704
2705
2706
2707
2708
2709
2710
2711
2712
2713
2714
2715
2716
2717
2718
2719
2720
2721
2722
2723
2724
2725
2726
2727
2728
2729
2730
2731
2732
2733
2734
2735
2736
2737
2738
2739
2740
2741
2742
2743
2744
2745
2746
2747
2748
2749
2750
2751
2752
2753
2754
2755
2756
2757
2758
2759
2760
2761
2762
2763
2764
2765
2766
2767
2768
2769
2770
2771
2772
2773
2774
2775
2776
2777
2778
2779
2780
2781
2782
2783
2784
2785
2786
2787
2788
2789
2790
2791
2792
2793
2794
2795
2796
2797
2798
2799
2800
2801
2802
2803
2804
2805
2806
2807
2808
2809
2810
2811
2812
2813
2814
2815
2816
2817
2818
2819
2820
2821
2822
2823
2824
2825
2826
2827
2828
2829
2830
2831
2832
2833
2834
2835
2836
2837
2838
2839
2840
2841
2842
2843
2844
2845
2846
2847
2848
2849
2850
2851
2852
2853
2854
2855
2856
2857
2858
2859
2860
2861
2862
2863
2864
2865
2866
2867
2868
2869
2870
2871
2872
2873
2874
2875
2876
2877
2878
2879
2880
2881
2882
2883
2884
2885
2886
2887
2888
2889
2890
2891
2892
2893
2894
2895
2896
2897
2898
2899
2900
2901
2902
2903
2904
2905
2906
2907
2908
2909
2910
2911
2912
2913
2914
2915
2916
2917
2918
2919
2920
2921
2922
2923
2924
2925
2926
2927
2928
2929
2930
2931
2932
2933
2934
2935
2936
2937
2938
2939
2940
2941
2942
2943
2944
2945
2946
2947
2948
2949
2950
2951
2952
2953
2954
2955
2956
2957
2958
2959
2960
2961
2962
2963
2964
2965
2966
2967
2968
2969
2970
2971
2972
2973
2974
2975
2976
2977
2978
2979
2980
2981
2982
2983
2984
2985
2986
2987
2988
2989
2990
2991
2992
2993
2994
2995
2996
2997
2998
2999
3000
3001
3002
3003
3004
3005
3006
3007
3008
3009
3010
3011
3012
3013
3014
3015
3016
3017
3018
3019
3020
3021
3022
3023
3024
3025
3026
3027
3028
3029
3030
3031
3032
3033
3034
3035
3036
3037
3038
3039
3040
3041
3042
3043
3044
3045
3046
3047
3048
3049
3050
3051
3052
3053
3054
3055
3056
3057
3058
3059
3060
3061
3062
3063
3064
3065
3066
3067
3068
3069
3070
3071
3072
3073
3074
3075
3076
3077
3078
3079
3080
3081
3082
3083
3084
3085
3086
3087
3088
3089
3090
3091
3092
3093
3094
3095
3096
3097
3098
3099
3100
3101
3102
3103
3104
3105
3106
3107
3108
3109
3110
3111
3112
3113
3114
3115
3116
3117
3118
3119
3120
3121
3122
3123
3124
3125
3126
3127
3128
3129
3130
3131
3132
3133
3134
3135
3136
3137
3138
3139
3140
3141
3142
3143
3144
3145
3146
3147
3148
3149
3150
3151
3152
3153
3154
3155
3156
3157
3158
3159
3160
3161
3162
3163
3164
3165
3166
3167
3168
3169
3170
3171
3172
3173
3174
3175
3176
3177
3178
3179
3180
3181
3182
3183
3184
3185
3186
3187
3188
3189
3190
3191
3192
3193
3194
3195
3196
3197
3198
3199
3200
3201
3202
3203
3204
3205
3206
3207
3208
3209
3210
3211
3212
3213
3214
3215
3216
3217
3218
3219
3220
3221
3222
3223
3224
3225
3226
3227
3228
3229
3230
3231
3232
3233
3234
3235
3236
3237
3238
3239
3240
3241
3242
3243
3244
3245
3246
3247
3248
3249
3250
3251
3252
3253
3254
3255
3256
3257
3258
3259
3260
3261
3262
3263
3264
3265
3266
3267
3268
3269
3270
3271
3272
3273
3274
3275
3276
3277
3278
3279
3280
3281
3282
3283
3284
3285
3286
3287
3288
3289
3290
3291
3292
3293
3294
3295
3296
3297
3298
3299
3300
3301
3302
3303
3304
3305
3306
3307
3308
3309
3310
3311
3312
3313
3314
3315
3316
3317
3318
3319
3320
3321
3322
3323
3324
3325
3326
3327
3328
3329
3330
3331
3332
3333
3334
3335
3336
3337
3338
3339
3340
3341
3342
3343
3344
3345
3346
3347
3348
3349
3350
3351
3352
3353
3354
3355
3356
3357
3358
3359
3360
3361
3362
3363
3364
3365
3366
3367
3368
3369
3370
3371
3372
3373
3374
3375
3376
3377
3378
3379
3380
3381
3382
3383
3384
3385
3386
3387
3388
3389
3390
3391
3392
3393
3394
3395
3396
3397
3398
3399
3400
3401
3402
3403
3404
3405
3406
3407
3408
3409
3410
3411
3412
3413
3414
3415
3416
3417
3418
3419
3420
3421
3422
3423
3424
3425
3426
3427
3428
3429
3430
3431
3432
3433
3434
3435
3436
3437
3438
3439
3440
3441
3442
3443
3444
3445
3446
3447
3448
3449
3450
3451
3452
3453
3454
3455
3456
3457
3458
3459
3460
3461
3462
3463
3464
3465
3466
3467
3468
3469
3470
3471
3472
3473
3474
3475
3476
3477
3478
3479
3480
3481
3482
3483
3484
3485
3486
3487
3488
3489
3490
3491
3492
3493
3494
3495
3496
3497
3498
3499
3500
3501
3502
3503
3504
3505
3506
3507
3508
3509
3510
3511
3512
3513
3514
3515
3516
3517
3518
3519
3520
3521
3522
3523
3524
3525
3526
3527
3528
3529
3530
3531
3532
3533
3534
3535
3536
3537
3538
3539
3540
3541
3542
3543
3544
3545
3546
3547
3548
3549
3550
3551
3552
3553
3554
3555
3556
3557
3558
3559
3560
3561
3562
3563
3564
3565
3566
3567
3568
3569
3570
3571
3572
3573
3574
3575
3576
3577
3578
3579
3580
3581
3582
3583
3584
3585
3586
3587
3588
3589
3590
3591
3592
3593
3594
3595
3596
3597
3598
3599
3600
3601
3602
3603
3604
3605
3606
3607
3608
3609
3610
3611
3612
3613
3614
3615
3616
3617
3618
3619
3620
3621
3622
3623
3624
3625
3626
3627
3628
3629
3630
3631
3632
3633
3634
3635
3636
3637
3638
3639
3640
3641
3642
3643
3644
3645
3646
3647
3648
3649
3650
3651
3652
3653
3654
3655
3656
3657
3658
3659
3660
3661
3662
3663
3664
3665
3666
3667
3668
3669
3670
3671
3672
3673
3674
3675
3676
3677
3678
3679
3680
3681
3682
3683
3684
3685
3686
3687
3688
3689
3690
3691
3692
3693
3694
3695
3696
3697
3698
3699
3700
3701
3702
3703
3704
3705
3706
3707
3708
3709
3710
3711
3712
3713
3714
3715
3716
3717
3718
3719
3720
3721
3722
3723
3724
3725
3726
3727
3728
3729
3730
3731
3732
3733
3734
3735
3736
3737
3738
3739
3740
3741
3742
3743
3744
3745
3746
3747
3748
3749
3750
3751
3752
3753
3754
3755
3756
3757
3758
3759
3760
3761
3762
3763
3764
3765
3766
3767
3768
3769
3770
3771
3772
3773
3774
3775
3776
3777
3778
3779
3780
3781
3782
3783
3784
3785
3786
3787
3788
3789
3790
3791
3792
3793
3794
3795
3796
3797
3798
3799
3800
3801
3802
3803
3804
3805
3806
3807
3808
3809
3810
3811
3812
3813
3814
3815
3816
3817
3818
3819
3820
3821
3822
3823
3824
3825
3826
3827
3828
3829
3830
3831
3832
3833
3834
3835
3836
3837
3838
3839
3840
3841
3842
3843
3844
3845
3846
3847
3848
3849
3850
3851
3852
3853
3854
3855
3856
3857
3858
3859
3860
3861
3862
3863
3864
3865
3866
3867
3868
3869
3870
3871
3872
3873
3874
3875
3876
3877
3878
3879
3880
3881
3882
3883
3884
3885
3886
3887
3888
3889
3890
3891
3892
3893
3894
3895
3896
3897
3898
3899
3900
3901
3902
3903
3904
3905
3906
3907
3908
3909
3910
3911
3912
3913
3914
3915
3916
3917
3918
3919
3920
3921
3922
3923
3924
3925
3926
3927
3928
3929
3930
3931
3932
3933
3934
3935
3936
3937
3938
3939
3940
3941
3942
3943
3944
3945
3946
3947
3948
3949
3950
3951
3952
3953
3954
3955
3956
3957
3958
3959
3960
3961
3962
3963
3964
3965
3966
3967
3968
3969
3970
3971
3972
3973
3974
3975
3976
3977
3978
3979
3980
3981
3982
3983
3984
3985
3986
3987
3988
3989
3990
3991
3992
3993
3994
3995
3996
3997
3998
3999
4000
4001
4002
4003
4004
4005
4006
4007
4008
4009
4010
4011
4012
4013
4014
4015
4016
4017
4018
4019
4020
4021
4022
4023
4024
4025
4026
4027
4028
4029
4030
4031
4032
4033
4034
4035
4036
4037
4038
4039
4040
4041
4042
4043
4044
4045
4046
4047
4048
4049
4050
4051
4052
4053
4054
4055
4056
4057
4058
4059
4060
4061
4062
4063
4064
4065
4066
4067
4068
4069
4070
4071
4072
4073
4074
4075
4076
4077
4078
4079
4080
4081
4082
4083
4084
4085
4086
4087
4088
4089
4090
4091
4092
4093
4094
4095
4096
4097
4098
4099
4100
4101
4102
4103
4104
4105
4106
4107
4108
4109
4110
4111
4112
4113
4114
4115
4116
4117
4118
4119
4120
4121
4122
4123
4124
4125
4126
4127
4128
4129
4130
4131
4132
4133
4134
4135
4136
4137
4138
4139
4140
4141
4142
4143
4144
4145
4146
4147
4148
4149
4150
4151
4152
4153
4154
4155
4156
4157
4158
4159
4160
4161
4162
4163
4164
4165
4166
4167
4168
4169
4170
4171
4172
4173
4174
4175
4176
4177
4178
4179
4180
4181
4182
4183
4184
4185
4186
4187
4188
4189
4190
4191
4192
4193
4194
4195
4196
4197
4198
4199
4200
4201
4202
4203
4204
4205
4206
4207
4208
4209
4210
4211
4212
4213
4214
4215
4216
4217
4218
4219
4220
4221
4222
4223
4224
4225
4226
4227
4228
4229
4230
4231
4232
4233
4234
4235
4236
4237
4238
4239
4240
4241
4242
4243
4244
4245
4246
4247
4248
4249
4250
4251
4252
4253
4254
4255
4256
4257
4258
4259
4260
4261
4262
4263
4264
4265
4266
4267
4268
4269
4270
4271
4272
4273
4274
4275
4276
4277
4278
4279
4280
4281
4282
4283
4284
4285
4286
4287
4288
4289
4290
4291
4292
4293
4294
4295
4296
4297
4298
4299
4300
4301
4302
4303
4304
4305
4306
4307
4308
4309
4310
4311
4312
4313
4314
4315
4316
4317
4318
4319
4320
4321
4322
4323
4324
4325
4326
4327
4328
4329
4330
4331
4332
4333
4334
4335
4336
4337
4338
4339
4340
4341
4342
4343
4344
4345
4346
4347
4348
4349
4350
4351
4352
4353
4354
4355
4356
4357
4358
4359
4360
4361
4362
4363
4364
4365
4366
4367
4368
4369
4370
4371
4372
4373
4374
4375
4376
4377
4378
4379
4380
4381
4382
4383
4384
4385
4386
4387
4388
4389
4390
4391
4392
4393
4394
4395
4396
4397
4398
4399
4400
4401
4402
4403
4404
4405
4406
4407
4408
4409
4410
4411
4412
4413
4414
4415
4416
4417
4418
4419
4420
4421
4422
4423
4424
4425
4426
4427
4428
4429
4430
4431
4432
4433
4434
4435
4436
4437
4438
4439
4440
4441
4442
4443
4444
4445
4446
4447
4448
4449
4450
4451
4452
4453
4454
4455
4456
4457
4458
4459
4460
4461
4462
4463
4464
4465
4466
4467
4468
4469
4470
4471
4472
4473
4474
4475
4476
4477
4478
4479
4480
4481
4482
4483
4484
4485
4486
4487
4488
4489
4490
4491
4492
4493
4494
4495
4496
4497
4498
4499
4500
4501
4502
4503
4504
4505
4506
4507
4508
4509
4510
4511
4512
4513
4514
4515
4516
4517
4518
4519
4520
4521
4522
4523
4524
4525
4526
4527
4528
4529
4530
4531
4532
4533
4534
4535
4536
4537
4538
4539
4540
4541
4542
4543
4544
4545
4546
4547
4548
4549
4550
4551
4552
4553
4554
4555
4556
4557
4558
4559
4560
4561
4562
4563
4564
4565
4566
4567
4568
4569
4570
4571
4572
4573
4574
4575
4576
4577
4578
4579
4580
4581
4582
4583
4584
4585
4586
4587
4588
4589
4590
4591
4592
4593
4594
4595
4596
4597
4598
4599
4600
4601
4602
4603
4604
4605
4606
4607
4608
4609
4610
4611
4612
4613
4614
4615
4616
4617
4618
4619
4620
4621
4622
4623
4624
4625
4626
4627
4628
4629
4630
4631
4632
4633
4634
4635
4636
4637
4638
4639
4640
4641
4642
4643
4644
4645
4646
4647
4648
4649
4650
4651
4652
4653
4654
4655
4656
4657
4658
4659
4660
4661
4662
4663
4664
4665
4666
4667
4668
4669
4670
4671
4672
4673
4674
4675
4676
4677
4678
4679
4680
4681
4682
4683
4684
4685
4686
4687
4688
4689
4690
4691
4692
4693
4694
4695
4696
4697
4698
4699
4700
4701
4702
4703
4704
4705
4706
4707
4708
4709
4710
4711
4712
4713
4714
4715
4716
4717
4718
4719
4720
4721
4722
4723
4724
4725
4726
4727
4728
4729
4730
4731
4732
4733
4734
4735
4736
4737
4738
4739
4740
4741
4742
4743
4744
4745
4746
4747
4748
4749
4750
4751
4752
4753
4754
4755
4756
4757
4758
4759
4760
4761
4762
4763
4764
4765
4766
4767
4768
4769
4770
4771
4772
4773
4774
4775
4776
4777
4778
4779
4780
4781
4782
4783
4784
4785
4786
4787
4788
4789
4790
4791
4792
4793
4794
4795
4796
4797
4798
4799
4800
4801
4802
4803
4804
4805
4806
4807
4808
4809
4810
4811
4812
4813
4814
4815
4816
4817
4818
4819
4820
4821
4822
4823
4824
4825
4826
4827
4828
4829
4830
4831
4832
4833
4834
4835
4836
4837
4838
4839
4840
4841
4842
4843
4844
4845
4846
4847
4848
4849
4850
4851
4852
4853
4854
4855
4856
4857
4858
4859
4860
4861
4862
4863
4864
4865
4866
4867
4868
4869
4870
4871
4872
4873
4874
4875
4876
4877
4878
4879
4880
4881
4882
4883
4884
4885
4886
4887
4888
4889
4890
4891
4892
4893
4894
4895
4896
4897
4898
4899
4900
4901
4902
4903
4904
4905
4906
4907
4908
4909
4910
4911
4912
4913
4914
4915
4916
4917
0.4843749999999994 0.02706329386826345 0
0.9751061557285488 0.5174523591723216 0
0.4877391803304245 0.9692265520165801 0
0.0283505175021268 0.4855596955551777 0
0.640625 0.0270632938682635 0
0.640625 0.9729367061317362 0
0.02846283010651907 0.6437522858687967 0
0.9709556844555223 0.360360697119922 0
0.3281249999999999 0.02706329386826384 0
0.9720798077828755 0.6697839777705463 0
0.328125 0.9729367061317362 0
0.03154160262442646 0.3267573255653412 0
0.7656249999999987 0.02706329386826239 0
0.765625 0.9729367061317362 0
0.02972494112259777 0.7619473778503021 0
0.973406856910542 0.2337296168123144 0
0.02706329386826373 0.203125 0
0.9766516069170754 0.7975253528923908 0
0.203125 0.9729367061317362 0
0.2031249999999997 0.02706329386826389 0
0.8593749999999992 0.02706329386826334 0
0.02792866067741262 0.8574729244282093 0
0.859375 0.9729367061317362 0
0.9735067870868258 0.1416124091786426 0
0.1093750000000001 0.02706329386826378 0
0.109375 0.9729367061317362 0
0.9719596310343923 0.8876865671649768 0
0.02774059618858504 0.1087065635194223 0
0.265625 0.02706329386826373 0
0.390625 0.02706329386826373 0
0.5468749999999999 0.02706329386826367 0
0.7031249999999991 0.02706329386826306 0
0.02706329386826373 0.703125 0
0.02583975113366499 0.5780946422910569 0
0.02971305573952682 0.4266912425218148 0
0.02473212144727277 0.2649405995683815 0
0.9737544147963526 0.298291312952905 0
0.9727435915793492 0.4216803199141076 0
0.9723888399622812 0.5783391663301092 0
0.971855544426784 0.7371472657397935 0
0.703125 0.9729367061317362 0
0.578125 0.9729367061317362 0
0.4185529309652232 0.9696770855259127 0
0.265625 0.9729367061317362 0
0.9218749999999999 0.02706329386826356 0
0.9215381170439462 0.9716261821039807 0
0.03140774963062459 0.92097127773787 0
0.9719907460951427 0.0754148232904186 0
0.02814910668388027 0.05097443699732346 0
0.9739757396168468 0.9535089738733256 0
0.04918736927975575 0.9714781533723537 0
0.07838040680039926 0.02691583468330028 0
0.09379256780006651 0.05410201120570018 0
0.1250070946333445 0.05412249164805644 0
0.1093832770722351 0.08118510283490815 0
0.14062756195093 0.08118840246173237 0
0.1250018065038609 0.1082521324875647 0
0.1562507280757985 0.1082527551182967 0
0.1406254224299434 0.1353162254512772 0
0.171875191750957 0.1353163586338519 0
0.1562501023634835 0.1623797041099976 0
0.1875000490190735 0.162379734908407 0
0.1718750252304263 0.1894430425110527 0
0.2031250123749168 0.1894430499331845 0
0.1875000062675574 0.2165063473275339 0
0.2187500031070792 0.2165063491522367 0
0.2031250015624397 0.2435696439122985 0
0.2343750007782532 0.2435696443650487 0
0.2187500003901158 0.2706329384574038 0
0.2500000001947282 0.270632938570211 0
0.2343750000974743 0.2976962324946242 0
0.2656250000487007 0.2976962325227838 0
0.2500000000243627 0.3247595264050989 0
0.2812500000121775 0.324759526412134 0
0.2656250000060902 0.3518228202839121 0
0.2968750000030448 0.3518228202856704 0
0.2812500000015228 0.3788861141548128 0
0.3125000000007622 0.3788861141552526 0
0.2968750000003812 0.4059494080237358 0
0.3281250000001915 0.4059494080238463 0
0.3125000000000958 0.4330127018921643 0
0.3437500000000482 0.433012701892192 0
0.3281250000000244 0.4600759957604691 0
0.3593750000000125 0.4600759957604759 0
0.3750000000000104 0.4330127018922139 0
0.3906250000000043 0.4600759957604806 0
0.4062500000000028 0.4330127018922179 0
0.4218750000000016 0.4600759957604819 0
0.4375000000000007 0.4330127018922186 0
0.4531250000000008 0.4600759957604822 0
0.4687500000000006 0.4330127018922188 0
0.4843750000000007 0.4600759957604822 0
0.5000000000000006 0.4330127018922185 0
0.3750000000000033 0.4871392896287449 0
0.5156250000000006 0.4600759957604821 0
0.5000000000000007 0.4871392896287459 0
0.5312500000000006 0.4330127018922184 0
0.5312500000000007 0.4871392896287458 0
0.5156250000000008 0.5142025834970095 0
0.5468750000000008 0.5142025834970093 0
0.5312500000000009 0.5412658773652731 0
0.5625000000000009 0.541265877365273 0
0.5468750000000011 0.5683291712335368 0
0.5781250000000011 0.5683291712335365 0
0.5937500000000009 0.5412658773652728 0
0.6093750000000011 0.5683291712335363 0
0.5156250000000004 0.4059494080239547 0
0.5468750000000004 0.4059494080239546 0
0.5937500000000013 0.5953924651018001 0
0.6250000000000009 0.5412658773652725 0
0.6250000000000013 0.5953924651018 0
0.2968750000101469 0.2976962325450431 0
0.6093750000000014 0.6224557589700638 0
0.6406250000000014 0.6224557589700636 0
0.5312500000000003 0.378886114155691 0
0.5625000000000003 0.3788861141556908 0
0.5468750000000002 0.3518228202874272 0
0.5781250000000002 0.3518228202874271 0
0.6250000000000016 0.6495190528383273 0
0.6562500000000016 0.6495190528383271 0
0.6718750000000014 0.6224557589700633 0
0.5937500000000016 0.6495190528383276 0
0.6875000000000017 0.6495190528383269 0
0.6718750000000016 0.6765823467065908 0
0.5625000000000001 0.3247595264191634 0
0.5937500000000001 0.3247595264191633 0
0.2968750000000205 0.4600759957604715 0
0.7031250000000013 0.622455758970063 0
0.6093750000000002 0.351822820287427 0
0.6250000000000001 0.3247595264191632 0
0.6406250000000002 0.3518228202874268 0
0.6562500000000001 0.324759526419163 0
0.6718750000000002 0.3518228202874266 0
0.6875 0.3247595264191628 0
0.7031250000000018 0.6765823467065906 0
0.7031250000000002 0.3518228202874264 0
0.6093750000000001 0.2976962325508996 0
0.71875 0.3247595264191625 0
0.7031249999999998 0.2976962325508989 0
0.6875000000000018 0.7036456405748543 0
0.718750000000002 0.7036456405748541 0
0.5156250000000011 0.568329171233537 0
0.7343750000000002 0.3518228202874261 0
0.7343749999999998 0.2976962325508987 0
0.5312500000000001 0.3247595264191635 0
0.2500000006475559 0.2165063505722443 0
0.7187499999999996 0.2706329386826351 0
0.7031250000000021 0.7307089344431179 0
0.7343750000000022 0.7307089344431181 0
0.6718750000000016 0.7307089344431186 0
0.750000000000002 0.703645640574854 0
0.7499999999999996 0.2706329386826347 0
0.2500000000012691 0.3788861141549594 0
0.7656250000000022 0.7307089344431179 0
0.7343749999999993 0.2435696448143713 0
0.7656249999999993 0.2435696448143708 0
0.718750000000002 0.7577722283113824 0
0.7187500000000004 0.3788861141556899 0
0.7500000000000004 0.3788861141556897 0
0.7343750000000007 0.4059494080239535 0
0.7656250000000006 0.4059494080239534 0
0.7812500000000004 0.3788861141556895 0
0.781250000000002 0.7036456405748537 0
0.7500000000000009 0.4330127018922171 0
0.7812500000000008 0.433012701892217 0
0.4218750000000021 0.4059494080239556 0
0.749999999999999 0.2165063509461073 0
0.7187499999999989 0.2165063509461078 0
0.781249999999999 0.216506350946107 0
0.7968750000000022 0.7307089344431172 0
0.7968749999999993 0.2435696448143705 0
0.2031250000812653 0.2976962325039826 0
0.7656250000000011 0.4600759957604807 0
0.796875000000001 0.4600759957604805 0
0.812499999999999 0.2165063509461067 0
0.7812500000000012 0.4871392896287443 0
0.8125000000000013 0.487139289628744 0
0.7968750000000014 0.5142025834970079 0
0.812500000000002 0.7036456405748535 0
0.7343749999999986 0.1894430570778438 0
0.7031249999999986 0.1894430570778443 0
0.7968750000000018 0.6765823467065898 0
0.8281250000000016 0.5142025834970076 0
0.8281250000000022 0.730708934443117 0
0.8125000000000022 0.7577722283113809 0
0.8281250000000018 0.6765823467065896 0
0.8281249999999993 0.2435696448143702 0
0.828125000000001 0.46007599576048 0
0.843749999999999 0.2165063509461063 0
0.8281249999999988 0.1894430570778428 0
0.7187500000000008 0.4330127018922173 0
0.1562500052496643 0.2165063479152149 0
0.8437500000000024 0.7577722283113806 0
0.8281250000000026 0.7848355221796445 0
0.7500000000000011 0.4871392896287445 0
0.2187500102323314 0.1623797573019429 0
0.5781250000000004 0.4059494080239545 0
0.3125000000000026 0.4871392896287454 0
0.2812500000000044 0.4871392896287445 0
0.2968750000000017 0.5142025834970098 0
0.2656250000000016 0.51420258349701 0
0.281250000000001 0.541265877365274 0
0.2500000000000011 0.5412658773652741 0
0.2656250000000009 0.5683291712335378 0
0.2968750000000009 0.5683291712335377 0
0.281250000000001 0.5953924651018014 0
0.312500000000001 0.5953924651018014 0
0.2968750000000011 0.6224557589700651 0
0.3281250000000011 0.622455758970065 0
0.3125000000000013 0.6495190528383288 0
0.3437500000000012 0.6495190528383287 0
0.3281250000000013 0.6765823467065925 0
0.2968750000000015 0.6765823467065925 0
0.3593750000000013 0.6765823467065923 0
0.3437500000000014 0.703645640574856 0
0.3750000000000014 0.7036456405748559 0
0.3593750000000016 0.7307089344431197 0
0.3906250000000016 0.7307089344431196 0
0.2500000000000011 0.5953924651018015 0
0.3750000000000016 0.7577722283113835 0
0.4062500000000016 0.7577722283113834 0
0.3437500000000017 0.7577722283113835 0
0.2343750000000009 0.5142025834970104 0
0.3593750000000019 0.7848355221796471 0
0.3281250000000018 0.7848355221796472 0
0.4218750000000016 0.7307089344431196 0
0.4375000000000016 0.7577722283113832 0
0.3593750000000011 0.622455758970065 0
0.4531250000000016 0.7307089344431197 0
0.4687500000000016 0.7577722283113834 0
0.4531250000000016 0.784835522179647 0
0.4843750000000016 0.7848355221796471 0
0.3437500000000019 0.8118988160479109 0
0.3125000000000019 0.811898816047911 0
0.4687500000000016 0.8118988160479108 0
0.5000000000000014 0.8118988160479108 0
0.5156250000000016 0.7848355221796471 0
0.5312500000000014 0.8118988160479109 0
0.2968750000000018 0.7848355221796475 0
0.2812500000000019 0.8118988160479111 0
0.2656250000000018 0.7848355221796476 0
0.2500000000000018 0.8118988160479111 0
0.2343750000000019 0.7848355221796476 0
0.2187500000000018 0.8118988160479111 0
0.2031250000000018 0.7848355221796475 0
0.1875000000000019 0.811898816047911 0
0.1718750000000018 0.7848355221796475 0
0.1875000000000019 0.7577722283113838 0
0.1562500000000019 0.7577722283113837 0
0.1718750000000019 0.73070893444312 0
0.5156250000000014 0.8389621099161746 0
0.5468750000000014 0.8389621099161746 0
0.2343750000000018 0.8389621099161748 0
0.1562500000000019 0.8118988160479111 0
0.2968750000000019 0.8389621099161748 0
0.5625000000000014 0.8118988160479109 0
0.5781250000000014 0.8389621099161746 0
0.4375000000000016 0.7036456405748559 0
0.4843750000000016 0.7307089344431197 0
0.4843750000000008 0.5142025834970098 0
0.2187500000000009 0.5412658773652742 0
0.2031250000000008 0.5142025834970106 0
0.1875000000000009 0.5412658773652743 0
0.1718750000000008 0.5142025834970108 0
0.1562500000000009 0.5412658773652745 0
0.546875 0.2976962325508997 0
0.515625 0.2976962325508998 0
0.53125 0.2706329386826361 0
0.4999999999999999 0.2706329386826362 0
0.5156249999999999 0.2435696448143724 0
0.4843750000000001 0.2435696448143725 0
0.4999999999999998 0.2165063509461088 0
0.4687500000000001 0.216506350946109 0
0.5312499999999998 0.2165063509461087 0
0.4687500000000006 0.2706329386826365 0
0.5156249999999999 0.189443057077845 0
0.5468749999999998 0.1894430570778449 0
0.1718750000000019 0.8389621099161748 0
0.1875000000000008 0.4871392896287469 0
0.1562500000000008 0.4871392896287471 0
0.1718750000000007 0.4600759957604833 0
0.8125000000000016 0.5412658773652715 0
0.8437500000000017 0.5412658773652712 0
0.3281250000006358 0.3518228202870625 0
0.1718750000000012 0.5683291712335381 0
0.5312499999999998 0.1623797632095813 0
0.5624999999999998 0.1623797632095811 0
0.4999999999999998 0.1623797632095813 0
0.5781249999999998 0.1894430570778448 0
0.5937499999999998 0.1623797632095811 0
0.718749999999998 0.1623797632095804 0
0.8593749999999993 0.2435696448143698 0
0.8437499999999997 0.2706329386826337 0
0.859375000000002 0.7307089344431167 0
0.8593750000000016 0.5142025834970075 0
0.8593749999999989 0.1894430570778425 0
0.8437499999999987 0.1623797632095789 0
0.5312500000000013 0.8660254037844384 0
0.5000000000000013 0.8660254037844382 0
0.1406250000000008 0.4600759957604834 0
0.1562500000000007 0.4330127018922197 0
0.1406250000000011 0.5683291712335383 0
0.1562500000000014 0.595392465101802 0
0.8593750000000022 0.7848355221796443 0
0.8437500000000027 0.811898816047908 0
0.8125000000000028 0.8118988160479086 0
0.8281250000000032 0.8389621099161719 0
0.7968750000000033 0.8389621099161724 0
0.8593750000000029 0.8389621099161715 0
0.8125000000000037 0.8660254037844358 0
0.7812500000000034 0.8660254037844363 0
0.140625000000002 0.73070893444312 0
0.1406250000000019 0.8389621099161749 0
0.156250000000002 0.8660254037844386 0
0.5937500000000014 0.8118988160479108 0
0.6093750000000014 0.8389621099161745 0
0.5781250000000014 0.7848355221796471 0
0.7812500000000016 0.5412658773652717 0
0.5000000000000007 0.3247595264191641 0
0.6093750000000008 0.514202583497009 0
0.6406250000000008 0.5142025834970088 0
0.6874999999999991 0.2165063509461081 0
0.5156249999999997 0.1353164693413175 0
0.4843749999999997 0.1353164693413177 0
0.5781249999999997 0.1353164693413174 0
0.6093749999999996 0.1353164693413173 0
0.125000000000001 0.5412658773652748 0
0.5937500000000017 0.8660254037844383 0
0.6250000000000016 0.8660254037844379 0
0.6406250000000014 0.8389621099161744 0
0.6562500000000016 0.8660254037844379 0
0.1250000000000021 0.8660254037844385 0
0.1250000000000021 0.8118988160479113 0
0.8125000000000016 0.649519052838326 0
0.8437500000000017 0.6495190528383258 0
0.2031250000000019 0.7307089344431201 0
0.1875000000000019 0.7036456405748563 0
0.1250000000000013 0.5953924651018022 0
0.1250000874655712 0.1623797127113112 0
0.8750000000000017 0.5412658773652712 0
0.8749999999999996 0.2706329386826335 0
0.859375 0.2976962325508972 0
0.1250000000000006 0.4330127018922198 0
0.1406250000000006 0.4059494080239561 0
0.8737681511736478 0.1616685549580842 0
0.8591696918622734 0.1351979346327326 0
0.8280907819770444 0.1352967135565516 0
0.6718750000000016 0.8389621099161744 0
0.6875000000000016 0.866025403784438 0
0.7656250000000027 0.838962109916173 0
0.8281249999999999 0.2976962325508976 0
0.8437500000000002 0.3247595264191611 0
0.8750000000000002 0.3247595264191608 0
0.8593750000000007 0.3518228202874246 0
0.6093750000000017 0.6765823467065911 0
0.5781250000000018 0.6765823467065915 0
0.3281250000000009 0.5683291712335378 0
0.6562500000000003 0.3788861141556903 0
0.5312500000000013 0.5953924651018005 0
0.5000000000000013 0.5953924651018008 0
0.2031250000000007 0.4600759957604831 0
0.5156250000000014 0.6224557589700643 0
0.4843750000000015 0.6224557589700647 0
0.4687500000000013 0.595392465101801 0
0.1875001533044592 0.1082530869626844 0
0.6875000000000011 0.5953924651017994 0
0.3750000000000018 0.8118988160479109 0
0.3593750000000019 0.8389621099161746 0
0.3906250000000018 0.8389621099161745 0
0.3750000000000019 0.8660254037844383 0
0.6250000000000007 0.4871392896287451 0
0.4062500000000018 0.8660254037844383 0
0.4531250000000015 0.6224557589700649 0
0.4375000000000013 0.5953924651018013 0
0.1406250000000016 0.6224557589700658 0
0.1718750000000016 0.6224557589700656 0
0.5937499999999996 0.1082531754730537 0
0.6249999999999994 0.1082531754730535 0
0.1093750000000006 0.4059494080239561 0
0.1250000000000004 0.3788861141556923 0
0.1562500000000006 0.3788861141556923 0
0.1406250000000005 0.3518228202874286 0
0.8920950707044855 0.1886886179032289 0
0.8891536250129684 0.1344669705964742 0
0.7968750000000042 0.8930886976526997 0
0.7656250000000028 0.8930886976527007 0
0.8281250000000041 0.8930886976526993 0
0.1406250000000021 0.8930886976527022 0
0.1718750000000021 0.8930886976527022 0
0.515625000000001 0.8930886976527019 0
0.4843750000000009 0.8925914403543382 0
0.6718750000000014 0.8930886976527017 0
0.3906250000000019 0.893088697652702 0
0.3593750000000019 0.8930886976527019 0
0.6093750000000017 0.8930886976527019 0
0.8906250000000016 0.5142025834970074 0
0.1093750000000021 0.8930886976527023 0
0.1093750000000007 0.4600759957604836 0
0.1093750000000005 0.3518228202874285 0
0.1250000000000007 0.3247595264191649 0
0.8898397972996186 0.3522761572778584 0
0.8748691328832704 0.3789616703207604 0
0.1096219732127014 0.6225983490209008 0
0.6093750000000013 0.784835522179647 0
0.5937500000000013 0.7577722283113835 0
0.749999999999998 0.1623797632095798 0
0.7343749999999974 0.1353164693413163 0
0.7187500000000012 0.5953924651017992 0
0.7031250000000011 0.5683291712335357 0
0.5000000000000017 0.6495190528383282 0
0.6562500000000007 0.4871392896287449 0
0.7812500000000016 0.6495190528383263 0
0.2812500000000018 0.7577722283113837 0
0.6406250000000004 0.4600759957604813 0
0.8593750000000018 0.5683291712335349 0
0.890625000000002 0.5683291712335347 0
0.2187500000000018 0.7036456405748563 0
0.7968750000000018 0.5683291712335351 0
0.1251754093880473 0.6494653101978678 0
0.6093749999999998 0.1894430570778446 0
0.5937499999999999 0.2165063509461085 0
0.4999999999999994 0.1082531754730539 0
0.4687499999999993 0.1082531754730544 0
0.4531249999999998 0.1353164693413182 0
0.4374999999999993 0.1082531754730548 0
0.4218749999999998 0.1353164693413189 0
0.4062499999999993 0.1082531754730553 0
0.3906249999999998 0.1353164693413195 0
0.3749999999999993 0.108253175473056 0
0.3593749999999998 0.1353164693413201 0
0.3750000000000004 0.1623797632095836 0
0.3437500000000004 0.1623797632095841 0
0.3593750000000009 0.1894430570778475 0
0.3281249999999994 0.1353164693413204 0
0.3281250000000009 0.1894430570778481 0
0.3437500000000014 0.2165063509461116 0
0.3750000000000014 0.216506350946111 0
0.3593750000000019 0.243569644814375 0
0.6406249999999992 0.1353164693413173 0
0.6562499999999987 0.1082531754730537 0
0.3906250000000019 0.2435696448143744 0
0.3750000000000024 0.2706329386826384 0
0.8437100789732184 0.1082301270574937 0
0.8124967834995066 0.1082513184256271 0
0.3750000000000019 0.9201519915209658 0
0.1562500000000021 0.9201519915209659 0
0.8125000000000044 0.9201519915209633 0
0.9053121189967666 0.3794276000053729 0
0.8904468753133399 0.4060522483597446 0
0.09375000000000178 0.64951905283833 0
0.9036491077445887 0.3256122334491586 0
0.09375000000000061 0.3247595264191647 0
0.1093750000000008 0.2976962325509011 0
0.09375168059601585 0.1082522051804927 0
0.09446409854674859 0.5953128902322247 0
0.093750000000002 0.8660254037844386 0
0.07891744068309525 0.3513653044457268 0
0.7031250000000014 0.8930886976527018 0
0.3125000000000013 0.216506350946112 0
0.7031250000000016 0.8389621099161743 0
0.6875000000000016 0.8118988160479106 0
0.8593487251867872 0.4059645777944333 0
0.5468750000000012 0.8930886976527022 0
0.5312500000000007 0.9201519915209658 0
0.4531249999999988 0.08118988160479068 0
0.8750000000000016 0.4871392896287437 0
0.9062500000000012 0.4871392896287435 0
0.8125000000000003 0.3247595264191614 0
0.3906250000000013 0.6765823467065922 0
0.1718750000000004 0.3518228202874286 0
0.875000000000002 0.5953924651017984 0
0.9062500000000021 0.5953924651017982 0
0.8906250000000021 0.622455758970062 0
0.921875000000002 0.622455758970062 0
0.906250000000002 0.6495190528383258 0
0.4531250000000011 0.5683291712335374 0
0.4218750000000011 0.5683291712335378 0
0.4375000000000008 0.5412658773652739 0
0.4062500000000008 0.5412658773652742 0
0.125000000000002 0.7577722283113838 0
0.1093675447319816 0.7303884954699824 0
0.09374875745533212 0.7577188218158611 0
0.5312499999999996 0.1082531754730538 0
0.5937500000000007 0.4871392896287453 0
0.5000000000000009 0.3788861141556912 0
0.2656250000000046 0.4600759957604807 0
0.3281250000000013 0.5142025834970099 0
0.6718750000000008 0.5142025834970085 0
0.6875000000000007 0.4871392896287447 0
0.2031250000000019 0.6765823467065927 0
0.8593750000000018 0.6765823467065893 0
0.1875000000000006 0.3788861141556921 0
0.5625000000000014 0.7577722283113834 0
0.5625 0.270632938682636 0
0.7187500000000013 0.8118988160479105 0
0.7031250000000008 0.5142025834970083 0
0.6874999999999997 0.2706329386826354 0
0.4218750000000014 0.622455758970065 0
0.6093749999999993 0.08118988160479002 0
0.2343750000000018 0.6765823467065926 0
0.2187500000000017 0.649519052838329 0
0.3906250000000011 0.568329171233538 0
0.8281250000000017 0.6224557589700622 0
0.1406250000000008 0.2976962325509013 0
0.1250000000000009 0.2706329386826376 0
0.093750000000001 0.2706329386826373 0
0.8895905333209064 0.2441668944300116 0
0.9058405194696526 0.2705956081934235 0
0.2500000000000018 0.7036456405748563 0
0.4218750000000017 0.893088697652702 0
0.4687500000000013 0.8659425275680442 0
0.8281178104121192 0.08118573069429136 0
0.6249999999999999 0.2165063509461083 0
0.5781249999999993 0.08118988160479018 0
0.5156249999999994 0.08118988160479035 0
0.6406249999999994 0.1894430570778445 0
0.4375000000000004 0.1623797632095823 0
0.4062500000000013 0.2165063509461105 0
0.1093750000000011 0.2435696448143737 0
0.4062500000000021 0.270632938682638 0
0.3906250000000028 0.2976962325509019 0
0.3593750000000028 0.2976962325509024 0
0.3750000000000027 0.3247595264191655 0
0.4062500000000032 0.3247595264191653 0
0.2968750000000008 0.1894430570778486 0
0.7968732656519361 0.08118888027846827 0
0.3906250000000035 0.351822820287429 0
0.4218750000000036 0.3518228202874285 0
0.4375000000000027 0.3247595264191649 0
0.8593671482308881 0.08118534838377922 0
0.07886344717728305 0.2439959874909596 0
0.09387307452954796 0.2165774080588742 0
0.8437500000000043 0.9196547342225995 0
0.8593750000000039 0.8930058214363049 0
0.8750000000000044 0.9195580453034728 0
0.8906250000000038 0.8929758939137177 0
0.9062500000000044 0.9195369425631867 0
0.3437500000000019 0.9196547342226021 0
0.3281250000000019 0.8930058214363081 0
0.3125000000000021 0.9195580453034762 0
0.2968750000000019 0.8929758939137218 0
0.1875000000000021 0.9196547342226022 0
0.2031250000000021 0.8930058214363084 0
0.218750000000002 0.9195580453034763 0
0.2343750000000019 0.8929758939137217 0
0.2812500000000022 0.9195369425631907 0
0.5625000000000009 0.9196547342226024 0
0.07904272039017335 0.8936185437670086 0
0.07811609509653306 0.7303261878918728 0
0.9211578462738468 0.5679151223366885 0
0.6875000000000013 0.919654734222602 0
0.7187500000000013 0.9195718580062081 0
0.6562500000000016 0.919571858006208 0
0.09390295339836374 0.9197430419083201 0
0.6250000000000013 0.7577722283113832 0
0.5781250000000014 0.7307089344431196 0
0.5468750000000014 0.7307089344431195 0
0.8749659334166879 0.433032370243261 0
0.9062146347883384 0.4330331200066887 0
0.7656249999999976 0.1353164693413157 0
0.749999999999997 0.1082531754730525 0
0.718749999999997 0.1082531754730529 0
0.7343749999999962 0.08118988160478913 0
0.7031249999999964 0.08118988160478979 0
0.3906249999999989 0.0811898816047919 0
0.3593749999999989 0.08118988160479257 0
0.7812499999999984 0.1623797632095795 0
0.7656250000000018 0.5683291712335354 0
0.7500000000000013 0.5412658773652718 0
0.3750000000000008 0.5412658773652743 0
0.4375000000000008 0.487139289628746 0
0.1562516094307124 0.05412565853127255 0
0.5625000000000016 0.6495190528383277 0
0.5468750000000017 0.6765823467065916 0
0.7343750000000016 0.6224557589700628 0
0.6406250000000014 0.7848355221796469 0
0.7968749999999999 0.2976962325508979 0
0.7812500000000002 0.3247595264191619 0
0.2031250000000003 0.3518228202874283 0
0.609375 0.243569644814372 0
0.6718750000000011 0.5683291712335359 0
0.4062500000000018 0.8118988160479108 0
0.1718750000000019 0.6765823467065927 0
0.1562500000000008 0.2706329386826374 0
0.4375000000000016 0.6495190528383286 0
0.7812500000000019 0.595392465101799 0
0.640625 0.2435696448143718 0
0.2500000000000016 0.6495190528383289 0
0.1251255493732405 0.7031942874572619 0
0.5937499999999996 0.05412658773652684 0
0.6874999999999982 0.1623797632095808 0
0.8124985126773417 0.0541257290303897 0
0.4531250000000033 0.3518228202874283 0
0.9209401462275472 0.5136628454198277 0
0.9362964940411526 0.4865168963185425 0
0.9209074429015698 0.2390697129742732 0
0.9209572796098316 0.8934972349842114 0
0.9060970466016409 0.8660746927165228 0
0.9421907196172119 0.8688788162719254 0
0.9226312943698097 0.8394458934860999 0
0.9375000000000047 0.9201519915209608 0
0.9522761586731403 0.8373418976382605 0
0.9366018721979079 0.2680068166265016 0
0.359375000000002 0.9472152853892295 0
0.546875 0.9472152853892299 0
0.6718750000000014 0.9472152853892293 0
0.1770833333333347 0.9466851181309166 0
0.8906124723717819 0.9478673429953499 0
0.2968750000000027 0.9472152853892299 0
0.8333333333333364 0.9466851181309147 0
0.9353485744268735 0.8118623744510423 0
0.9060174781327814 0.8119733730434178 0
0.9208469087156994 0.7844777014157446 0
0.9424638497640569 0.6518723870057912 0
0.921875000000002 0.6765823467065896 0
0.9502108707118074 0.6236209186933117 0
0.7968750000000047 0.9472152853892269 0
0.140625000000002 0.9472152853892295 0
0.515625 0.9472152853892291 0
0.3906250000000019 0.9472152853892295 0
0.05807632372684129 0.2173063076430816 0
0.07812500000000111 0.1894430570778462 0
0.06224367418024357 0.05390583467409782 0
0.06250000000000216 0.7577722283113844 0
0.07812500000000266 0.7848355221796477 0
0.06625659577671372 0.2734054639059653 0
0.05846233908640419 0.8691834141455984 0
0.07812500000000133 0.8389621099161749 0
0.06441644565699667 0.3251033569198929 0
0.06443180636779777 0.9203712570414914 0
0.07812500000000189 0.9472152853892297 0
0.046858992078469 0.7310099300339205 0
0.06123369207678125 0.7030235437181706 0
0.04559605978754222 0.6743883202457448 0
0.07673179045404671 0.6756278514750769 0
0.062393666906434 0.6475196604678696 0
0.05018034889575129 0.6189220615442207 0
0.0934591924746932 0.7031129444708921 0
0.3593750000001084 0.351822820287368 0
0.3750000000000201 0.3788861141556826 0
0.7343750000000017 0.8929920087335753 0
0.7500000000000029 0.9195419304836205 0
0.7343750000000013 0.9472152853892295 0
0.7500000000000022 0.8660092889645828 0
0.7031250000000016 0.7848355221796466 0
0.765624710941987 0.08118971471706898 0
0.3749999999999988 0.05412658773652834 0
0.9211282067397815 0.4061102974032849 0
0.9392502863195327 0.3779566964243242 0
0.9418507121574005 0.4347369750218337 0
0.6562500000000013 0.757772228311383 0
0.6406250000000011 0.730708934443119 0
0.6562500000000014 0.7036456405748546 0
0.7343750000000016 0.7848355221796468 0
0.7500000000000022 0.7577722283113829 0
0.765625000000002 0.784835522179646 0
0.2812500001079269 0.2165063508838005 0
0.2968750000179887 0.2435696448039897 0
0.5937500000000014 0.7036456405748553 0
0.4375000000000026 0.3788861141556917 0
0.5781250000000013 0.8930058214363084 0
0.5937500000000012 0.9195580453034762 0
0.8747125906798907 0.1080872396247196 0
0.9059568692821421 0.108083936374189 0
0.9207781185699562 0.1382808644594545 0
0.9367293929970766 0.1085704368868093 0
0.9207912619128031 0.08173789025707112 0
0.843746334949191 0.4330148179102867 0
0.8281200100226633 0.4059522889887112 0
0.4843749999999988 0.08118988160479029 0
0.343749999999999 0.05412658773652856 0
0.3281249999999988 0.08118988160479285 0
0.3124999999999992 0.0541265877365284 0
0.2968749999999988 0.08118988160479257 0
0.3124999999999989 0.1082531754730566 0
0.2812499999999987 0.1082531754730564 0
0.2656249999999988 0.08118988160479257 0
0.2499999999999989 0.108253175473056 0
0.2343749999999989 0.08118988160479246 0
0.2656249999999986 0.1353164693413197 0
0.2499999999999989 0.05412658773652868 0
0.6875000000000017 0.7577722283113826 0
0.7187500000000007 0.4871392896287446 0
0.6250000000000016 0.9194590542672276 0
0.6093750000000014 0.9472152853892302 0
0.8903463116842867 0.08122459835213514 0
0.1875000000000014 0.5953924651018017 0
0.5625000000000016 0.7036456405748557 0
0.5312500000000016 0.7036456405748555 0
0.2187499999999989 0.05412658773652856 0
0.7968750000000009 0.3518228202874254 0
0.9422541272271269 0.5941772806158324 0
0.7187500000000016 0.6495190528383267 0
0.4218750000000007 0.5142025834970102 0
0.09375000000000061 0.43301270189222 0
0.07867989810996007 0.40599950668663 0
0.07812500000000083 0.4600759957604839 0
0.093750000000001 0.4871392896287474 0
0.06201675291702208 0.4868760239498194 0
0.07804445881950473 0.5141587058838566 0
0.04716944068414608 0.5141251966865674 0
0.063252803643431 0.5408316177311628 0
0.03048796156591871 0.5426806144647159 0
0.04697071831039812 0.4582765535124617 0
0.468749999999999 0.05412658773652701 0
0.4374999999999984 0.05412658773652729 0
0.07759942154422517 0.08124377901966329 0
0.06249999999999978 0.1082531754730547 0
0.07812528009933573 0.1353163076258915 0
0.04687499999999956 0.1353164693413185 0
0.04626119787139715 0.08020146494726033 0
0.06306095894669528 0.1620558934107035 0
0.0302335899456786 0.1658313933480315 0
0.06290717680327418 0.431717666728935 0
0.7968749999999987 0.1894430570778431 0
0.812494296996173 0.1623764705787853 0
0.1406250000000009 0.5142025834970108 0
0.2500000000000019 0.9194344344035615 0
0.2343750000000014 0.9472152853892302 0
0.1875000000135446 0.324759526411345 0
0.09397455646550956 0.378818211292521 0
0.05821893082191698 0.3773586782374424 0
0.1875000000000019 0.8660115910817061 0
0.2968749999999991 0.1353164693413202 0
0.2812499999999983 0.1623797632095839 0
0.625 0.2706329386826358 0
0.4062500000000014 0.7036456405748559 0
0.8593750000000019 0.6224557589700621 0
0.8906250000000018 0.6765823467065893 0
0.9062500000000016 0.7036456405748531 0
0.9364329088663981 0.7035452957123975 0
0.9208029605272723 0.730175948913418 0
0.3906250000000012 0.51420258349701 0
0.2187500000257914 0.324759526404274 0
0.2812500000000838 0.4330127018921712 0
0.250000000000015 0.4330127018922109 0
0.7500000000000001 0.3247595264191623 0
0.7343750000000011 0.5142025834970082 0
0.5468749999999999 0.2435696448143724 0
0.6250000000000014 0.8118988160479107 0
0.7343750000000013 0.5683291712335354 0
0.6718750000000004 0.4600759957604811 0
0.6562500000000002 0.4330127018922175 0
0.6250000000000002 0.4330127018922178 0
0.6875000000000004 0.4330127018922174 0
0.7031250000000006 0.460075995760481 0
0.6250000000000003 0.3788861141556906 0
0.5000000000000016 0.7577722283113832 0
0.5625000000000014 0.8660115910817061 0
0.4843750000000011 0.5683291712335372 0
0.3437499999999992 0.1082531754730564 0
0.140625013381265 0.1894430493521692 0
0.8437500000000011 0.4871392896287435 0
0.7031249999999993 0.2435696448143717 0
0.7812499999999996 0.2706329386826344 0
0.3906250000000011 0.189443057077847 0
0.4218750000000008 0.1894430570778465 0
0.4218750000000013 0.2435696448143739 0
0.5000000000000009 0.5412658773652733 0
0.843750000000002 0.7036456405748531 0
0.1406250000000021 0.7848355221796475 0
0.4531250000000008 0.5142025834970099 0
0.1406264506773429 0.02706245631930948 0
0.3750000000000012 0.6495190528383286 0
0.3906250000000012 0.622455758970065 0
0.2656250000000019 0.8389621099161749 0
0.2500000000000018 0.8660066031612751 0
0.2812500000000019 0.8660034697240813 0
0.2656250000000019 0.8928983466721474 0
0.6562500000000014 0.8118988160479107 0
0.5781249999999999 0.2435696448143722 0
0.59375 0.2706329386826359 0
0.7500000000000016 0.5953924651017991 0
0.2656250000002785 0.4059494080237951 0
0.312500000000001 0.5412658773652739 0
0.4843750000000007 0.2976962325509004 0
0.8740381339918051 0.2170774023019195 0
0.4218750000000017 0.8389621099161746 0
0.6875000000000004 0.3788861141556901 0
0.2343750000002607 0.4059494080238054 0
0.8124999999999996 0.270632938682634 0
0.3437500000002864 0.3788861141555282 0
0.3437500000000075 0.4871392896287425 0
0.4843750000000008 0.4059494080239551 0
0.7343750000000009 0.4600759957604809 0
0.8437500000000018 0.5953924651017986 0
0.2343750043936473 0.1894430545411733 0
0.5468749999999998 0.1353164693413175 0
0.6093750000000004 0.4600759957604815 0
0.5781250000000006 0.4600759957604817 0
0.2031250000000016 0.6224557589700653 0
0.3124999999999998 0.1623797632095842 0
0.7499999518236629 0.05412655992190579 0
0.5781250000000008 0.5142025834970091 0
0.578125 0.2976962325508996 0
0.7656249999999987 0.1894430570778435 0
0.3125000000000016 0.7036456405748562 0
0.4687500000000009 0.5412658773652737 0
0.2343750000024954 0.3518228202859876 0
0.406250000000002 0.4871392896287456 0
0.7656250000000003 0.3518228202874258 0
0.8281250000000018 0.568329171233535 0
0.1718750000000006 0.4059494080239559 0
0.3437500000000008 0.5412658773652739 0
0.4687500000000017 0.6495190528383284 0
0.4843750000000019 0.676582346706592 0
0.4531250000000016 0.6765823467065922 0
0.296875 0.02706329386826367 0
0.9684581619100939 0.1085145765187593 0
0.9721573676641679 0.3288633464394453 0
0.9464407857957995 0.3130240545558549 0
0.9725579251797331 0.767724221523528 0
0.02836334528924522 0.8875242317750363 0
0.02692907049880888 0.7964954766746518 0
0.02807557856886267 0.3604281215066671 0
0.02686290368434507 0.2333749346808922 0
0.2031250673844701 0.1353164304368769 0
0.4687500000000007 0.487139289628746 0
0.5468750000000006 0.460075995760482 0
0.5625000000000007 0.4871392896287455 0
0.5625000000000013 0.5953924651018003 0
0.5468750000000014 0.6224557589700641 0
0.6406250000000011 0.5683291712335362 0
0.5781250000000014 0.6224557589700639 0
0.6562500000000012 0.5953924651017998 0
0.5156250000000007 0.3518228202874276 0
0.5937500000000003 0.3788861141556907 0
0.6718749999999998 0.2976962325508993 0
0.7343750000000017 0.6765823467065905 0
0.7656249999999998 0.2976962325508984 0
0.7031250000000006 0.4059494080239536 0
0.781250000000002 0.7577722283113817 0
0.5468750000000014 0.784835522179647 0
0.5156250000000014 0.7307089344431195 0
0.7968750000000022 0.7848355221796453 0
0.8437500000000034 0.866011591081703 0
0.3593750000000009 0.5683291712335379 0
0.3437500000000019 0.8660115910817059 0
0.7500000000000017 0.6495190528383266 0
0.4062500000000004 0.162379763209583 0
0.3281250000029997 0.2435696448126441 0
0.7812491266822372 0.1082526712628081 0
0.8750000000000019 0.6495190528383258 0
0.6718750000000014 0.7848355221796469 0
0.2343749999999997 0.027063293868264 0
0.3593749999999999 0.02706329386826384 0
0.5156249999999997 0.02706329386826356 0
0.6718749999999996 0.0270632938682635 0
0.656249999999999 0.05412658773652684 0
0.8906249999999992 0.02706329386826312 0
0.9529925822099726 0.02646162640799465 0
0.02665494920678257 0.8273384239812798 0
0.05681055530217194 0.8120911197736829 0
0.02706329386826367 0.390625 0
0.02529486141516735 0.2945713081618545 0
0.2343750000000011 0.5683291712335379 0
0.2187500000000464 0.4330127018921929 0
0.0800138379949335 0.2987602576299277 0
0.7656250000000013 0.5142025834970081 0
0.312500000000002 0.8659868326646943 0
0.484375 0.1894430570778451 0
0.5312500000000017 0.6495190528383279 0
0.2187500000000019 0.7577722283113839 0
0.2343750000000019 0.7307089344431204 0
0.2656250000000018 0.7307089344431201 0
0.2031250000000019 0.8389598077990527 0
0.4218750000000022 0.2976962325509014 0
0.1093753636985313 0.1353162593598737 0
0.2187500000000008 0.4871392896287468 0
0.9730317196242513 0.1720395681964405 0
0.9468823423222874 0.1570387161510656 0
0.9460574028553609 0.1876588807245844 0
0.9205803266481987 0.1721507654898241 0
0.9209261425497548 0.2044013042886448 0
0.9467886973473338 0.2189419304373456 0
0.9690338750131828 0.266736189283291 0
0.9729367061317363 0.390625 0
0.9448151257896559 0.3443022194690252 0
0.9726320407318068 0.4516543978340359 0
0.9685445431984483 0.4854602714895863 0
0.9755941196794076 0.5477727338924816 0
0.9680041440203864 0.7034194845389377 0
0.9684629487561029 0.9207944237347312 0
0.4531320185492746 0.9722723343099365 0
0.4657245290129824 0.9454547063502745 0
0.4218750000000017 0.7848355221796471 0
0.1250254922330623 0.919586575953828 0
0.3281250000000016 0.7307089344431199 0
0.2812499999999991 0.05412658773652834 0
0.1718750011122166 0.2435696441722351 0
0.4218749999999988 0.08118988160479129 0
0.9218750000000013 0.46007599576048 0
0.3125000000043343 0.3247595264166625 0
0.3281250000024148 0.2976962325495082 0
0.5156250000000017 0.6765823467065918 0
0.8906134280341718 0.4600826768380658 0
0.4218750000000014 0.6765823467065922 0
0.3125000000000018 0.7577722283113836 0
0.5624999999999998 0.2165063509461086 0
0.1094940164244591 0.5683159087552757 0
0.7656250000000019 0.6765823467065901 0
0.8750000000000018 0.7577722283113802 0
0.5937500000000004 0.433012701892218 0
0.3281250000000019 0.8389533792790953 0
0.1562709248955417 0.7035704150552572 0
0.1875000000000083 0.4330127018922151 0
0.2500000000000021 0.4871392896287459 0
0.7187500000000016 0.8660066031612743 0
0.4049784194594284 0.9194178441535693 0
0.4380283521755678 0.922840821539791 0
0.6875000000000009 0.5412658773652721 0
0.6249999999999994 0.162379763209581 0
0.9059746654169001 0.5411069128696 0
0.9336097096115308 0.5384573189187507 0
0.2812500000000017 0.7036456405748562 0
0.4375000000000017 0.8118988160479108 0
0.7187500000000011 0.5412658773652719 0
0.4062500000000013 0.6495190528383286 0
0.2343750000000117 0.4600759957604767 0
0.2968750000000018 0.7307089344431199 0
0.2187500000006711 0.3788861141553047 0
0.8898862017852087 0.2976952565492118 0
0.8281250000000004 0.351822820287425 0
0.3593750000000025 0.5142025834970093 0
0.5312500000000016 0.7577722283113832 0
0.3437500000012498 0.3247595264184449 0
0.7968741683371109 0.4059498881847462 0
0.9732141127895813 0.2031033326951142 0
0.5625000000000004 0.4330127018922181 0
0.4687500000000016 0.7036456405748559 0
0.2187500000000019 0.8659869712180397 0
0.640625 0.2976962325508995 0
0.6562500000000009 0.5412658773652723 0
0.1875000000000018 0.6495190528383291 0
0.3906250000000017 0.7848355221796472 0
0.7031249999999979 0.1353164693413169 0
0.2031250000001646 0.405949408023861 0
0.4062500000000013 0.5953924651018014 0
0.2031250000000012 0.568329171233538 0
0.09384361503502253 0.162325714543912 0
0.1250000000000008 0.4871392896287471 0
0.1093750000000021 0.8389621099161748 0
0.2500000000000019 0.7577722283113839 0
0.5468749999999994 0.08118988160479035 0
0.2187500000000013 0.5953924651018017 0
0.2343750000000014 0.6224557589700652 0
0.2656250000000013 0.6224557589700651 0
0.2656250000000017 0.6765823467065926 0
0.1718751327618725 0.02706321721816091 0
0.6093750000000001 0.02706329386826356 0
0.8124988706320202 0.4330133539331241 0
0.6093750000000002 0.4059494080239544 0
0.4843750000000014 0.8389482972134421 0
0.6406250000000017 0.8930334658582886 0
0.5624999999999996 0.1082531754730538 0
0.781250000000004 0.9195530573830429 0
0.6093750000000013 0.7307089344431191 0
0.8750000000000018 0.703645640574853 0
0.6406250000000016 0.6765823467065909 0
0.7968750000000018 0.6224557589700624 0
0.079532436627193 0.5675813429108155 0
0.1562792348980093 0.6495100957315856 0
0.7343750000000014 0.8389605951201247 0
0.156250000002258 0.3247595264178617 0
0.5013207103854957 0.9188093455096209 0
0.8125000000000018 0.5953924651017987 0
0.6718750000000003 0.4059494080239539 0
0.1718758421269832 0.08118939540255099 0
0.1875000005243398 0.2706329383799098 0
0.09280175921703043 0.8119308666688733 0
0.1092167527787286 0.7848319628672207 0
0.2812500000000015 0.6495190528383288 0
0.4375000000000014 0.8660115910817058 0
0.1406250010603141 0.2435696442022014 0
0.6406250000000002 0.4059494080239541 0
0.1408177669450695 0.6764066259935922 0
0.5000000000000017 0.7036456405748557 0
0.1093615764699182 0.5141952705614853 0
0.1718750001035682 0.2976962324911063 0
0.4531250000000016 0.838943692979198 0
0.343750000000001 0.5953924651018014 0
0.46875 0.1623797632095818 0
0.3437500000009039 0.2706329386821176 0
0.3750000000000011 0.5953924651018015 0
0.6718749999999997 0.2435696448143718 0
0.7656250000000018 0.6224557589700628 0
0.6249999999999996 0.05412658773652684 0
0.09411421533075121 0.5410581205346451 0
0.8437229780154536 0.3789017153057406 0
0.7968676648591595 0.1353122343957779 0
0.4062499999999989 0.05412658773652768 0
0.874981791262103 0.8660063319122897 0
0.6562499999999999 0.2706329386826356 0
0.5312499999999996 0.05412658773652701 0
0.1250205157034655 0.2165181919034466 0
0.4218749999999997 0.02706329386826345 0
0.6406249999999988 0.08118988160479018 0
0.1094145510191455 0.1894478556079267 0
0.8281247521128894 0.02706315075057375 0
0.8904463267545468 0.7306201035215001 0
0.6562499999999996 0.2165063509461082 0
0.671874999999999 0.1894430570778445 0
0.4999999999999993 0.05412658773652707 0
0.750000000000002 0.8118985635819018 0
0.1875004307199277 0.05412633906026149 0
0.5624999999999994 0.05412658773652695 0
0.8593667827333423 0.4600807400015968 0
0.8124945260625382 0.3788892745349563 0
0.6250000000000014 0.703645640574855 0
0.4531250000000004 0.1894430570778457 0
0.4531250000000006 0.8930886976527019 0
0.4531249999999993 0.02706329386826328 0
0.4375000000000006 0.21650635094611 0
0.8906837683943899 0.8390602028537348 0
0.2031252376918947 0.08118974437331228 0
0.5781249999999997 0.02706329386826345 0
0.281250000045261 0.2706329386565066 0
0.7812500000000024 0.8118987739702411 0
0.6562499999999989 0.1623797632095811 0
0.6718749999999984 0.1353164693413171 0
0.8749710410878634 0.8119275910367534 0
0.2187500763968035 0.1082531313653402 0
0.2343750256689336 0.1353164545213532 0
0.4531250000000006 0.2435696448143734 0
0.265625000298619 0.2435696446419668 0
0.4375000000000014 0.2706329386826373 0
0.9058701993329203 0.7576089554421778 0
0.9412905417448825 0.7553422773370926 0
0.2500000067158186 0.1623797593322035 0
0.2656250019774913 0.1894430559361424 0
0.9422010515224337 0.05679165336660841 0
0.8903467712115447 0.7847658952381863 0
0.6874999999999978 0.1082531754730533 0
0.4531250000000016 0.2976962325509009 0
0.4531250000000015 0.4059494080239551 0
0.4062500000000054 0.3788861141556907 0
0.4687500000000018 0.3247595264191647 0
0.3125000000132859 0.2706329386749682 0
0.687499999999998 0.05412658773652673 0
0.7812497838371548 0.05412646293484968 0
0.4843750000000018 0.3518228202874281 0
0.3906250000000069 0.405949408023953 0
0.3593750000000939 0.4059494080239027 0
0.4687500000000018 0.3788861141556916 0
0.7968746747712308 0.02706310609734597 0
0.9068064375199201 0.05466788624147795 0
0.7187499919706087 0.05412658310075597 0
0.6718749999999978 0.08118988160479018 0
0.8437472039055391 0.05412497341063727 0
0.8750445168901054 0.05422156568742603 0
0.7343749906323782 0.0270632884598645 0
0.1099191688169174 0.6761442977046954 0
0.9740567418628617 0.8567970468458604 0
0.9231445190167888 0.2988864984726557 0
0.07934789054953617 0.6218733354633593 0
0.9739856308417454 0.04660387484848794 0
0.9536780957120262 0.9742411588649688 0
0.0259561062040311 0.9528638814947532 0
0.04818857065222715 0.02607447888500836 0
0.9735437832105063 0.6398460862102462 0
0.06612613812040136 0.5941986243546956 0
0.9208174364796484 0.9406756236857594 0
0.8905551178831457 0.9784860462462134 0
0.8604141611410254 0.9413403893568146 0
0.8237847222222234 0.973792893262299 0
0.7960069444444456 0.9787889769566525 0
0.7656250000000027 0.9412924529553712 0
0.5197457357536219 0.9740221395868522 0
0.4706524535618218 0.9182241055055909 0
0.4379366694919217 0.9506110697821533 0
0.6718750000000002 0.9786177395305403 0
0.7343750000000002 0.9786177395305404 0
0.3865092774958604 0.9740757745284395 0
0.3585518554991725 0.978845553209881 0
0.1406250000000004 0.9792144482885767 0
0.7031250000000011 0.941318773827801 0
0.6406250000000012 0.9412796378367263 0
0.3281250000000017 0.9413160112872548 0
0.168774801587302 0.9747928759229836 0
0.07858747385595155 0.9783260289786639 0
0.5476991471507244 0.9788348262215637 0
0.2968750000000006 0.9786177395305404 0
0.109410689126286 0.9413393789544686 0
0.204166666666668 0.9412099778355923 0
0.6093750000000003 0.9786177395305404 0
0.2343750000000003 0.9786177395305404 0
0.5781250000000007 0.941316011287255 0
0.2656250000000017 0.9412677307753896 0
0.02350884654752028 0.609375 0
0.05100573052130752 0.1875373787828092 0
0.05060966650554177 0.4063332430156575 0
0.9495819005855599 0.4062218577527101 0
0.9736399804177415 0.6081366457039115 0
0.9510690251280025 0.7886555937960897 0
0.05065960026546396 0.7826504821976088 0
0.04998175098980928 0.8410960396877971 0
0.0511916303680629 0.5673010739629317 0
0.9503753812494562 0.5596519370156438 0
0.9779139418524264 0.828125 0
0.04962530828264539 0.2523398649709466 0
0.9493477488741073 0.2452968532267452 0
0.91790334291651 0.3528286836809278 0
0.05223399967105952 0.3482025573350141 0
0.04982160629644222 0.9425799710071396 0
0.9482397580257619 0.4636889072848956 0
0.02134870764866476 0.453125 0
0.9459953896014291 0.9468330589639544 0
0.9481711420867438 0.6810406983468524 0
0.02091233296055567 0.7340083458915152 0
0.9476772199171447 0.7259260544483279 0
0.02085491486621921 0.515625 0
0.94803412288751 0.08620587606393337 0
0.0523529436351865 0.8977434675920121 0
0.9477736750935144 0.8967712188400003 0
0.9475158773652754 0.5109641550339297 0
0.05253498653588812 0.3009640273010049 0
0.9492938979940098 0.1309244550718552 0
0.0211354423254253 0.1383683337646407 0
0.02014970084648848 0.6722861228946458 0
0.9000431999254417 0.2200898486399576 0
0.02011709685810859 0.07891178078057226 0
0.9771234122634725 0.02287658773652745 0
0.9771234122634727 0.9771234122634727 0
0.0228765877365274 0.0228765877365274 0
0.0228765877365274 0.9771234122634727 0
0.8989672346605829 0.158356849649383 0
0.4169446293721806 0.9421975583943369 0
0.4902141155503047 0.9411839800752944 0
0.9505233723709219 0.2895503289515018 0
0.04205413174624734 0.5956572381250904 0
0.9288134818731941 0.3275236422170097 0
0.9591743425672986 0.8138283742377691 0
0.95683570799984 0.5330916840850131 0
0.04333204809164137 0.279091588498252 0
0.04631011627140047 0.4292044546253749 0
0.05493894755683615 0.4449971101206984 0
0.03834188702496244 0.4424838980171383 0
0.0151167949728393 0.1766656966740158 0
0.02864844190697113 0.1844781966740158 0
0.01353164693413189 0.1953125 0
0.04341284218782471 0.8783538229603174 0
0.02814600298332892 0.8724985781016228 0
0.04319549988190841 0.8633281692869039 0
0.9581237307400368 0.862837931558893 0
0.9730081864486271 0.8722418070054186 0
0.9570751753258021 0.8782826917184512 0
0.9580933411820896 0.05169776410754817 0
0.972988188468444 0.06100934906945327 0
0.9570958988087882 0.0661032383285135 0
0.9569242334623078 0.7615332494303103 0
0.9565730430858332 0.746244771538443 0
0.9722067348032586 0.7524357436316609 0
0.05540764136079535 0.8834634408688052 0
0.04035814446221586 0.8926338496835242 0
0.9598666530639534 0.8922288930024886 0
0.9449821973553632 0.8828250175559629 0
0.03415971297953146 0.4557007767562308 0
0.02553088169409579 0.4399081212609074 0
0.9580038164872816 0.6458592366080187 0
0.9728117954966909 0.6548150319903963 0
0.9572718287734663 0.6608281823881688 0
0.9600124344913263 0.08081034967717599 0
0.945117587204972 0.07149876471527089 0
0.972687816155578 0.4366673588740718 0
0.9572413764446036 0.4431956864279348 0
0.9572971518683748 0.4282086474679707 0
0.04264111234509033 0.3839918391187212 0
0.02756943621856317 0.3755265607533336 0
0.04314725469538983 0.3688933998720547 0
0.9719461952936292 0.375492848559961 0
0.9560934962256344 0.3842908482121621 0
0.9551029853875275 0.3691586967721231 0
0.9444838808310136 0.7406341658927103 0
0.9597663821719644 0.7315366600940607 0
0.533310367876811 0.9606187124880411 0
0.517685367876811 0.9606187124880408 0
0.53125 0.9472152853892295 0
0.5472870735753622 0.9630250558053968 0
0.5337224414521732 0.976428482904208 0
0.1729290674603183 0.9607389970269501 0
0.154699900793652 0.9610040806561065 0
0.1588541666666684 0.9469502017600731 0
0.1546999007936513 0.9770036621057802 0
0.1406250000000012 0.9632148668389031 0
0.3885671387479311 0.9606455299588346 0
0.3729421387479311 0.9606455299588346 0
0.3750000000000019 0.9472152853892295 0
0.3725305664975164 0.9764606638691603 0
0.3589634277495872 0.9630304192995552 0
0.8098958333333346 0.9762909351094757 0
0.7964409722222251 0.9630021311729398 0
0.810329861111114 0.960504089325763 0
0.8285590277777799 0.9602390056966068 0
0.8151041666666705 0.9469502017600708 0
0.04246961370559321 0.2253406211619869 0
0.02696309877630443 0.2182499673404461 0
0.04256980879755251 0.2102156538215408 0
0.03829196660053336 0.7464786539421112 0
0.05467949603923561 0.7443910791726525 0
0.04611247056129997 0.7598598030808432 0
0.9420327060545942 0.3611294579466747 0
0.9578854051225891 0.3523314582944737 0
0.08546337960851658 0.7983831944242605 0
0.07480615725960116 0.812010993221278 0
0.0674677776510873 0.7984633209766653 0
0.9601254749348096 0.6754123380586994 0
0.9453174959254004 0.6664565426763218 0
0.05425243602582036 0.06705364981067907 0
0.03720515227763871 0.06558795097229186 0
0.04519639043206192 0.05244013583571061 0
0.9730144101900113 0.5932379060170103 0
0.9579470538224342 0.601156963159872 0
0.957321483594704 0.5862582234729709 0
0.9338574199485443 0.2116716173629952 0
0.9338480701244518 0.2290058217058094 0
0.9209167927256623 0.221735508631459 0
0.08546337960851591 0.8254464882925241 0
0.06746777765108664 0.825526614844929 0
0.04542824850647653 0.6456359731683331 0
0.05399486334698811 0.6609539903568071 0
0.03702944494703064 0.6590703030572708 0
0.01524398078295935 0.552590307232358 0
0.02816385634979185 0.5603876283778865 0
0.01291987556683249 0.5702973211455284 0
0.04061966023349306 0.1766843860654204 0
0.0390345121947856 0.1953311893914046 0
0.0151167949728393 0.1610406966740158 0
0.9604358993787843 0.4576716525594658 0
0.9450452350915812 0.4492129411533647 0
0.8905837951274638 0.9631766946207817 0
0.8749650589415728 0.9757113761889749 0
0.8749937361858909 0.9604020245635432 0
0.8598945805705127 0.9571385477442754 0
0.8755133167564036 0.9446038661760823 0
0.7808159722222228 0.9758628415441943 0
0.7812500000000023 0.9600759957604816 0
0.7656250000000013 0.9571145795435537 0
0.7812500000000036 0.944253869172299 0
0.2968750000000016 0.9629165124598853 0
0.2812500000000003 0.9757772228311383 0
0.2812500000000013 0.9600759957604832 0
0.2656250000000008 0.9571022184535629 0
0.2812500000000022 0.9442415080823099 0
0.3281250000000009 0.9571263587094956 0
0.3437500000000018 0.9442656483382421 0
0.343750000000001 0.9600759957604829 0
0.109392844563143 0.9571380425431024 0
0.125017844563144 0.9442773321718491 0
0.125000000000001 0.9600759957604829 0
0.3433384277495862 0.9758911296708086 0
0.1250000000000002 0.9760755772101565 0
0.6718750000000009 0.9629165124598849 0
0.6562500000000001 0.9757772228311383 0
0.6562500000000007 0.9600759957604827 0
0.6406250000000007 0.9571081719842313 0
0.6562500000000013 0.9442474616129778 0
0.07835623692797672 0.9627706571839467 0
0.06388742156785365 0.9749020911755087 0
0.06365618463987882 0.9593467193807916 0
0.7343750000000009 0.962916512459885 0
0.7187500000000001 0.9757772228311383 0
0.7187500000000007 0.9600759957604829 0
0.7031250000000006 0.9571277399797686 0
0.7187500000000012 0.9442670296085153 0
0.5781250000000003 0.9571263587094956 0
0.5937500000000011 0.9442656483382426 0
0.5937500000000007 0.9600759957604832 0
0.6093750000000009 0.9629165124598853 0
0.5937500000000001 0.9757772228311383 0
0.2343750000000008 0.9629165124598853 0
0.2187500000000001 0.9757772228311383 0
0.2187500000000007 0.9600759957604832 0
0.203645833333334 0.9570733419836643 0
0.2192708333333347 0.9442126316124112 0
0.5037424580420232 0.9716243458017162 0
0.5016820901652123 0.9582209187029047 0
0.5625000000000004 0.9442656483382424 0
0.5625 0.9600759957604831 0
0.750000000000002 0.9442538691723004 0
0.7500000000000007 0.9600759957604829 0
0.5629120735753622 0.97588576617665 0
0.6875000000000012 0.9442670296085152 0
0.6875000000000007 0.9600759957604827 0
0.6875000000000001 0.9757772228311383 0
0.7500000000000001 0.9757772228311383 0
0.9057149544257151 0.9442714833405548 0
0.9211777767617972 0.95615090289487 0
0.9060752947078641 0.9597467625496653 0
0.6250000000000013 0.9442474616129782 0
0.6250000000000007 0.9600759957604832 0
0.9060466174635459 0.975056114175097 0
0.4518305992524521 0.9480328880662139 0
0.4379825108337447 0.9367259456609721 0
0.4518764405942751 0.9341477639450328 0
0.2500000000000001 0.9757772228311383 0
0.2500000000000007 0.9600759957604832 0
0.6250000000000001 0.9757772228311383 0
0.2500000000000015 0.9442415080823099 0
0.1906250000000014 0.9439475479832545 0
0.1901041666666674 0.9598109121313265 0
0.4543404028686948 0.920532463522691 0
0.4681884912874021 0.9318394059279327 0
0.4025311042305418 0.9718764300271761 0
0.4045889654826126 0.9584461854575711 0
0.185949900793651 0.9738647910273599 0
0.8468737472371809 0.9440127537438647 0
0.8463541666666682 0.9598109121313255 0
0.09376784456314391 0.9442773321718492 0
0.09375000000000094 0.960075995760483 0
0.8415798611111117 0.9733647996970176 0
0.09398123692797578 0.9756313675552001 0
0.3125000000000022 0.9442656483382424 0
0.3125000000000013 0.9600759957604832 0
0.3125000000000003 0.9757772228311383 0
0.9104753214135057 0.2295797808071154 0
0.9104846712375982 0.2122455764643012 0
0.4037848146860912 0.9447064218917832 0
0.4177487801687019 0.9559373219601248 0
0.04950448778809902 0.9570290621897466 0
0.06397330314822203 0.9448976281981847 0
0.4889766479403646 0.9552052660459373 0
0.5029195577751523 0.9441996327322617 0
0.04015478911996107 0.3543153394208406 0
0.05522646524648822 0.3627806177862283 0
0.02531863704157672 0.7479778618709085 0
0.03388566251951231 0.7325091379627178 0
0.03287288031701535 0.6733372215701954 0
0.02430626547650377 0.6580192043817212 0
0.05385081600474334 0.2348230863070141 0
0.03824410598349526 0.2428573998259194 0
0.05459309680058411 0.5005006103181935 0
0.03775997909313644 0.4998424461208726 0
0.04518363520957447 0.4862178597524986 0
0.01524398078295935 0.536965307232358 0
0.9463147542382916 0.5769146088157381 0
0.9613821106058688 0.5689955516728764 0
0.9337667533226877 0.9592296205339675 0
0.9498367426567277 0.9605371089144616 0
0.9376081063779862 0.9729336704844747 0
0.9619254255647745 0.6158787821986116 0
0.9462324989694672 0.608899099654572 0
0.04203829458015729 0.3138606764331731 0
0.05847571609644242 0.3130336921104488 0
0.04797902414071153 0.325930341242617 0
0.9334064130405387 0.9437543413248569 0
0.03318914736475287 0.07955662286391629 0
0.02413310177099443 0.06494310888894783 0
0.9735918818141239 0.6239913659570788 0
0.9868199902088708 0.6165683228519557 0
0.9867718916052531 0.6324230431051231 0
0.04414849297252249 0.7030742718590852 0
0.05404634207762515 0.7170167368760455 0
0.03696114297336639 0.7170674650169602 0
0.933731334485243 0.1645947408204448 0
0.9206792226090774 0.1552158149746393 0
0.9338302304461218 0.14765979030526 0
0.9580302102818619 0.498212213261758 0
0.9419061857032139 0.4987405256762361 0
0.9524205186198004 0.4859885839040644 0
0.0370008970299911 0.09445401423334132 0
0.05438059893569847 0.09422732021015756 0
0.04512029809429241 0.1084798694962385 0
0.036329676827903 0.6887566601228724 0
0.05341487593216176 0.6887059319819577 0
0.958486246726912 0.3365827829542353 0
0.9456279557927276 0.32866313701244 0
0.9592990767299837 0.3209437004976501 0
0.9715565260598451 0.3446120217796836 0
0.05454102712407438 0.2024218432129454 0
0.05468749999999967 0.1217848224071866 0
0.0373077980942923 0.1220115164303703 0
0.9618773269611569 0.6317335024517789 0
0.9463373602379321 0.6377466528495515 0
0.04188034663290552 0.9093573726649411 0
0.05839237500149214 0.9090573623167517 0
0.04791977799921121 0.9206712673896807 0
0.9426368375467595 0.9084616051804806 0
0.9581183119248087 0.9087828212873658 0
0.9529814743780538 0.920473207627846 0
0.9634891065258591 0.0365327506282413 0
0.9475968168662032 0.04162663988730153 0
0.9631664502680011 0.8470694722420605 0
0.9472334391451761 0.853110356955093 0
0.9423817579422933 0.09738815647537136 0
0.958246142398802 0.09736022629134633 0
0.9525937774535852 0.1085425067027843 0
0.06193030970781116 0.08072262198346181 0
0.06992154786223437 0.06757480684688055 0
0.03766061790626246 0.4719181245338197 0
0.05449373561371007 0.4725762887311405 0
0.9578406819687655 0.7146727694936328 0
0.9420550643917713 0.7147356750803627 0
0.9522185264433922 0.7034823901256676 0
0.04083979596699083 0.5549908442138238 0
0.03851569075086392 0.5726978581269944 0
0.03816883866805371 0.03852445794116588 0
0.05521612241623536 0.03999015677955309 0
0.9612593033586482 0.3984234288763551 0
0.9444160934525463 0.3920892770885172 0
0.05441429866372938 0.39184596062655 0
0.03883648018690272 0.3984791215078288 0
0.03932158950113518 0.6313371737065087 0
0.05628700790109264 0.6332208610060451 0
0.07004971077211247 0.09474847724635904 0
0.03891492397552776 0.2977676677314297 0
0.02841823201979687 0.3106643168635979 0
0.9423020254765709 0.692292997029625 0
0.9580876430535651 0.692230091442895 0
0.04016136112253432 0.4165122427687362 0
0.05675842165440798 0.4190254548722963 0
0.9457163063714802 0.4204794163872719 0
0.9611627460824546 0.4139510888334089 0
0.0857876437856131 0.7167195661813824 0
0.1014133686033374 0.7167507199704373 0
0.09374181991425734 0.7303573416809277 0
0.05712670633212003 0.9314756140243154 0
0.04061467796353341 0.9317756243725048 0
0.9613110165469121 0.5142082571031257 0
0.9718253494634985 0.5014563153309539 0
0.9097737806543909 0.1652538075696035 0
0.9098726766152696 0.1483188570544187 0
0.05373507778381792 0.7973708009856458 0
0.06439230013273334 0.7837430021886282 0
0.957229169178766 0.9338137413493428 0
0.9417476948007169 0.9334925252424576 0
0.9422681260334572 0.4751029018017191 0
0.958392150612105 0.474574589387241 0
0.1018345844084596 0.6628316752715127 0
0.0933254796354821 0.6758860745898861 0
0.08524089522702427 0.6625734521567035 0
0.05832522266402806 0.3366529571274535 0
0.04188780114774299 0.3374799414501777 0
0.06956272868024038 0.6615737559714732 0
0.07807183345321789 0.6485193566530998 0
0.03401217777518262 0.5148750983432837 0
0.02460271618417298 0.5005923477775889 0
0.9429748105360076 0.2566518349266234 0
0.9591908119436451 0.2560165212550181 0
0.9528178736055454 0.2673715029548963 0
0.9207532345989767 0.1882760348892344 0
0.9065106066271201 0.1965449610959368 0
0.9063376986763421 0.1804196916965265 0
0.05657980013273306 0.7702113552544966 0
0.04019227069403086 0.7722989300239553 0
0.9618134751538678 0.7781899076598089 0
0.9461797834364425 0.7719989355665912 0
0.9702112898952476 0.9042404954498541 0
0.02988554745993488 0.9042477547564531 0
0.03895520583361095 0.8492844820580032 0
0.05422204503810674 0.8551397269166978 0
0.07087077872798508 0.6346964979656144 0
0.08654894527476897 0.6356961941508447 0
0.1016891806458053 0.6896286210877938 0
0.08509549146436995 0.6893703979729845 0
0.1092923709239668 0.703153615964077 0
0.1172465470526111 0.7167913914636221 0
0.07734644227573723 0.7030682440945313 0
0.06967489358665713 0.7166748658050217 0
0.9588760299520518 0.1197195157953073 0
0.9430116454955431 0.1197474459793323 0
0.9597786236920524 0.2781432591173965 0
0.9435626222844149 0.2787785727890018 0
0.9702244540026184 0.091964699904589 0
0.06116392512079449 0.6750080858604108 0
0.06898274126541398 0.6893256975966238 0
0.06405337549490531 0.8400290748019861 0
0.05339615314599061 0.82659357973074 0
0.9699298442235852 0.7202833751393656 0
0.06476411972264373 0.62039769850379 0
0.04647867818714335 0.2657157267345993 0
0.03403208476945707 0.2720160940333167 0
0.03717871486495905 0.258640232269664 0
0.3359375000004611 0.3653544672212953 0
0.3281250000005242 0.3788861141553904 0
0.320312500000699 0.3653544672211576 0
0.3515625000001974 0.3653544672214481 0
0.3437500000003721 0.3518228202872152 0
0.7734375000000033 0.9063208775178718 0
0.7656250000000034 0.9195474939333317 0
0.7578125000000029 0.9063153140681606 0
0.3515625000006791 0.3382911733529064 0
0.3593750000006262 0.3247595264188051 0
0.3671875000000555 0.3382911733532667 0
0.3359375000009428 0.3382911733527537 0
0.7421875000000022 0.9062669696085979 0
0.7500000000000022 0.893040353193138 0
0.7656248678304088 0.05412651142837777 0
0.7734372473895709 0.06765808882595936 0
0.757812331382825 0.06765813731948739 0
0.7734369188121122 0.09472119298993853 0
0.7656245633411172 0.1082529233679303 0
0.757812355470992 0.09472144509506075 0
0.7656250000000029 0.8660173463745096 0
0.7578125000000024 0.852485699440378 0
0.773437500000003 0.8524937568503046 0
0.742187500000002 0.8795006488490791 0
0.7578125000000024 0.8795489933086418 0
0.7421875000000018 0.8524849420423537 0
0.750000000000002 0.8389613525181489 0
0.2968749999999991 0.162379763209584 0
0.3046875000000003 0.1759114101437165 0
0.2890624999999996 0.1759114101437163 0
0.7890611961670866 0.0947207757706382 0
0.7812489882969615 0.0811892974977686 0
0.3046874999999994 0.1488481162754522 0
0.2890624999999987 0.148848116275452 0
0.3359375000002389 0.3924177610896872 0
0.3203125000004768 0.3924177610895494 0
0.7578125000000022 0.7442405813772504 0
0.7421875000000022 0.7442405813772505 0
0.7500000000000022 0.730708934443118 0
0.6953125000000016 0.7713038752455146 0
0.7031250000000019 0.7577722283113825 0
0.7109375000000018 0.7713038752455145 0
0.7734375000000031 0.8795570507185685 0
0.2578125043466549 0.1759114076341729 0
0.2500000031855693 0.1894430552386578 0
0.242187505554733 0.1759114069366884 0
0.7656250000000022 0.7577722283113824 0
0.773437500000002 0.7713038752455139 0
0.7578125000000021 0.7713038752455145 0
0.6718750000000016 0.7036456405748546 0
0.6640625000000016 0.6901139936407227 0
0.6796875000000017 0.6901139936407226 0
0.3046874999999996 0.04059494080239601 0
0.3124999999999999 0.02706329386826378 0
0.3203124999999996 0.04059494080239612 0
0.6484375000000012 0.744240581377251 0
0.6562500000000013 0.7307089344431188 0
0.6640625000000014 0.7442405813772508 0
0.8984317140170865 0.4736109832334047 0
0.9062442140170865 0.4600793362992729 0
0.9140625000000013 0.4736076426946118 0
0.7890625000000021 0.7713038752455135 0
0.7812500000000021 0.7848355221796457 0
0.8203094403273418 0.4194828214609176 0
0.8046865194845656 0.4194816210589351 0
0.8124970891798871 0.4059510885867287 0
0.3437499999999999 0.02706329386826384 0
0.3515624999999994 0.04059494080239623 0
0.3359374999999994 0.04059494080239623 0
0.8515583913666718 0.4736100148151701 0
0.8671833913666719 0.4736100148151702 0
0.8593750000000013 0.4871392896287436 0
0.3515625000006263 0.3112278794846736 0
0.3671875000000027 0.3112278794850339 0
0.3203124999999996 0.1488481162754524 0
0.3124999999999992 0.1353164693413204 0
0.3281249999999991 0.05412658773652845 0
0.3671874999999993 0.04059494080239612 0
0.3593749999999989 0.05412658773652845 0
0.27343750017194 0.2571012916492367 0
0.2812500001583038 0.2435696447229783 0
0.2890625000316249 0.2571012917302481 0
0.6171875000000013 0.717177287508987 0
0.6328125000000013 0.717177287508987 0
0.6250000000000012 0.730708934443119 0
0.7734373919185767 0.04059487840155607 0
0.7578124759118308 0.04059492689508409 0
0.2421874999999993 0.04059494080239634 0
0.2499999999999999 0.02706329386826389 0
0.2578124999999994 0.04059494080239623 0
0.2968749999999991 0.05412658773652834 0
0.2890624999999996 0.04059494080239601 0
0.8125000000000024 0.7848355221796448 0
0.8046875000000022 0.771303875245513 0
0.8203125000000024 0.7713038752455127 0
0.7343750000000022 0.7577722283113826 0
0.7265625000000021 0.7442405813772502 0
0.6796875000000016 0.7442405813772506 0
0.6718750000000014 0.7577722283113828 0
0.7265625000000018 0.7713038752455146 0
0.7187500000000016 0.7848355221796468 0
0.3359375000016594 0.2841645856158129 0
0.3515625000004534 0.28416458561651 0
0.3437500000012088 0.2976962325502053 0
0.8124997134420601 0.02706312842395986 0
0.8046873373856154 0.01353155304867298 0
0.8203123760564447 0.01353157537528688 0
0.7187499953161887 0.02706329116406381 0
0.7265624913014935 0.04059493578031026 0
0.710937495985304 0.04059493848450951 0
0.6484375000000013 0.7171772875089868 0
0.6640625000000016 0.7171772875089866 0
0.8984140314112551 0.4465578984223773 0
0.9140448173941699 0.4465545578835843 0
0.3046874999999989 0.1217848224071884 0
0.3203124999999991 0.1217848224071885 0
0.4609375000000017 0.3924177610898233 0
0.4765625000000013 0.3924177610898233 0
0.4687500000000012 0.4059494080239551 0
0.7656250000000022 0.8118986687760714 0
0.7734375000000026 0.825430441943207 0
0.7578125000000023 0.8254303367490374 0
0.2265624999999993 0.04059494080239628 0
0.2343749999999989 0.05412658773652862 0
0.6015625000000014 0.9063233714780891 0
0.5859375000000012 0.9062819333698923 0
0.5937500000000016 0.8930472595445051 0
0.6796875000000016 0.7713038752455148 0
0.6640625000000013 0.771303875245515 0
0.4062500000000044 0.4059494080239543 0
0.3984375000000061 0.3924177610898218 0
0.4140625000000037 0.3924177610898232 0
0.7812463324295785 0.1353143518685468 0
0.789058832429579 0.1488459988026787 0
0.773437499999998 0.1488481162754476 0
0.3749999999999999 0.02706329386826378 0
0.3828124999999994 0.04059494080239601 0
0.6953125000000019 0.7442405813772502 0
0.7109375000000021 0.7442405813772501 0
0.3359375000018323 0.3112278794839765 0
0.2734374999999996 0.04059494080239601 0
0.28125 0.02706329386826367 0
0.6328125000000016 0.9062462600627581 0
0.6484375000000016 0.9063026619322483 0
0.6406250000000016 0.9195154561367178 0
0.2187499999999997 0.02706329386826395 0
0.2109374999999993 0.04059494080239623 0
0.3828125000000135 0.3924177610898179 0
0.3906250000000128 0.3788861141556867 0
0.265624999999999 0.05412658773652851 0
0.5625000000000012 0.8930472595445053 0
0.5703125000000011 0.9063302778294553 0
0.554687500000001 0.9063717159376523 0
0.7578125000000017 0.5818608181676672 0
0.7421875000000014 0.5818608181676673 0
0.7500000000000016 0.5683291712335354 0
0.6875000000000016 0.7848355221796468 0
0.6484375000000016 0.6901139936407228 0
0.6562500000000016 0.6765823467065908 0
0.6796875000000017 0.7171772875089865 0
0.7734375000000022 0.7442405813772498 0
0.6171875000000017 0.9062738759599648 0
0.6093750000000013 0.9195085497853519 0
0.7343750000000013 0.5953924651017991 0
0.7265625000000012 0.5818608181676673 0
0.578125000000001 0.9196063897630393 0
0.7734370633411174 0.1217845703020619 0
0.7578124999999973 0.1217848224071841 0
0.9320645636135645 0.6083165197929472 0
0.9360429353559048 0.6230383388316869 0
0.8981515904832145 0.09465426736316207 0
0.9055687867985449 0.08148124430460313 0
0.9133740655974727 0.09491091331563006 0
0.6093750000000014 0.7036456405748552 0
0.6015625000000014 0.7171772875089872 0
0.7421875000000019 0.7713038752455149 0
0.5703125000000017 0.6901139936407236 0
0.5546875000000017 0.6901139936407237 0
0.5625000000000018 0.6765823467065915 0
0.5781250000000016 0.7036456405748556 0
0.5859375000000016 0.6901139936407235 0
0.9057875410265607 0.4060812728815147 0
0.9136714207640599 0.4195717087049868 0
0.8983307550508391 0.4195426841832166 0
0.8281087520389959 0.3788954949203485 0
0.8203097630312693 0.3653560474111906 0
0.835923989007727 0.3653622677965828 0
0.273437500203273 0.2300379977628837 0
0.2890625000629578 0.2300379978438951 0
0.874990105383757 0.4600817084198313 0
0.8828067140170867 0.4736109832334048 0
0.931489459448591 0.4204236362125593 0
0.9240326734728694 0.4338850475142612 0
0.8906250000000013 0.4871392896287436 0
0.7968721484980857 0.1623781168941824 0
0.8046846484980859 0.1759097638283142 0
0.7890624999999986 0.1759114101437113 0
0.3906250000000026 0.4871392896287453 0
0.3984375000000016 0.5006709365628778 0
0.3828125000000022 0.5006709365628774 0
0.7421875000000018 0.8254295793510132 0
0.7968750000000022 0.7577722283113812 0
0.8281226027906057 0.4330140859217054 0
0.8359331724859271 0.4194835534494989 0
0.5937499999999999 0.0270632938682635 0
0.5859374999999998 0.01353164693413172 0
0.6015625 0.01353164693413178 0
0.07051608840163748 0.4458968312447095 0
0.06254785915519945 0.4591762746364728 0
0.8281250000000012 0.4871392896287438 0
0.8359375000000013 0.5006709365628756 0
0.8203125000000014 0.5006709365628759 0
0.2265625000000019 0.8794814325658807 0
0.2343750000000019 0.8659967871896574 0
0.2421875000000019 0.8794912485374984 0
0.2968750000292735 0.2706329386657374 0
0.3046875000117164 0.2841645856100057 0
0.289062500027704 0.2841645856007748 0
0.8903347299810165 0.1080855879994543 0
0.8975552471475553 0.1212754534853316 0
0.8819331078464296 0.1212771051105969 0
0.6250000000000017 0.8930610817554953 0
0.2578125000000019 0.9061663905378545 0
0.273437500000002 0.9062176446176691 0
0.2656250000000021 0.9194856884833762 0
0.4296875000000015 0.6901139936407241 0
0.4375000000000015 0.6765823467065922 0
0.4453125000000016 0.6901139936407241 0
0.8671875000000019 0.6359874059041939 0
0.8593750000000018 0.6495190528383258 0
0.8515625000000018 0.6359874059041939 0
0.4921874999999992 0.09472152853892213 0
0.4999999999999991 0.08118988160479035 0
0.5078124999999994 0.09472152853892213 0
0.5703125000000016 0.7171772875089877 0
0.5859375000000014 0.7171772875089875 0
0.5937500000000014 0.7307089344431194 0
0.5390625000000016 0.7171772875089875 0
0.5468750000000016 0.7036456405748556 0
0.5546875000000016 0.7171772875089877 0
0.7890583957706984 0.121782452829293 0
0.3671875000000017 0.5277342304311419 0
0.3750000000000018 0.5142025834970096 0
0.382812500000001 0.5277342304311422 0
0.7265625000000017 0.8794993059474249 0
0.7343750000000019 0.8660079460629286 0
0.7734375000000022 0.7983671480749436 0
0.757812500000002 0.7983670428807739 0
0.07832858840163737 0.4323651843105775 0
0.08593750000000072 0.4465443488263519 0
0.5234375000000016 0.7442405813772514 0
0.5156250000000016 0.7577722283113832 0
0.5078125000000016 0.7442405813772514 0
0.1171083763893653 0.7713020955893023 0
0.1014827551170303 0.771275392341541 0
0.1093743787276671 0.7577455250636225 0
0.210937500000002 0.879496396327174 0
0.218750000000002 0.892990857675015 0
0.4687500000000008 0.8928400690035201 0
0.4609375000000009 0.879515612610373 0
0.4765625000000011 0.8792669839611913 0
0.5546875000000013 0.8795501443672041 0
0.5703125000000013 0.8795087062590072 0
0.7812499999999987 0.1894430570778433 0
0.7734374999999986 0.1759114101437115 0
0.4140624999999993 0.04059494080239556 0
0.4296874999999991 0.04059494080239534 0
0.4218749999999987 0.05412658773652745 0
0.4921874999999994 0.04059494080239523 0
0.4843749999999992 0.05412658773652701 0
0.4765624999999992 0.04059494080239523 0
0.4062499999999999 0.02706329386826356 0
0.3984374999999994 0.04059494080239567 0
0.1010883796085162 0.8254464882925241 0
0.09375000000000172 0.8389621099161748 0
0.1015625000000021 0.8524937568503067 0
0.08593750000000167 0.8524937568503067 0
0.07845228699085893 0.1621908039773078 0
0.08598430751751185 0.1758843858108791 0
0.07059297947334819 0.1757494752442749 0
0.2734375009887448 0.1759114095728631 0
0.2656250033579085 0.1623797612708937 0
0.6875000000000018 0.7307089344431182 0
0.5312500000000014 0.7307089344431195 0
0.5234375000000016 0.7171772875089875 0
0.4921874999999991 0.06765823467065868 0
0.4765624999999989 0.06765823467065868 0
0.1328227583818898 0.230043918052824 0
0.1406352604765649 0.2165122699093308 0
0.1484375031549892 0.2300379960587082 0
0.1015635221472736 0.1217842322701832 0
0.09375032189893351 0.1353162834928826 0
0.08593848034767582 0.1217842564031921 0
0.5156250000000016 0.7036456405748556 0
0.5078125000000017 0.6901139936407238 0
0.5234375000000016 0.6901139936407237 0
0.4140624999999991 0.09472152853892329 0
0.4296874999999991 0.09472152853892302 0
0.4218749999999993 0.108253175473055 0
0.328124999999999 0.1082531754730565 0
0.3359374999999993 0.1217848224071884 0
0.8984312361858932 0.9337021427792684 0
0.8828062361858932 0.9337126941494114 0
0.8906250000000044 0.9195474939333298 0
0.8825294511820887 0.0946559189884274 0
0.8437500000000018 0.6224557589700621 0
0.8359375000000017 0.635987405904194 0
0.7421875000000016 0.608924112035931 0
0.7265625000000013 0.608924112035931 0
0.8669411412710821 0.1216425871287261 0
0.8741616584376209 0.1348324526146034 0
0.7109375000000016 0.8795476504069881 0
0.7187500000000016 0.8930403531931386 0
0.7500000000000017 0.6224557589700628 0
0.7578125000000018 0.6359874059041947 0
0.7421875000000016 0.6359874059041948 0
0.1328132253386715 0.01353122815965474 0
0.1250007253386715 0.02706287509378663 0
0.1171875 0.01353164693413189 0
0.6015625 0.2841645856167677 0
0.609375 0.2706329386826358 0
0.6171875 0.2841645856167677 0
0.7734375000000004 0.3653544672215577 0
0.7812500000000007 0.3518228202874256 0
0.7890625000000007 0.3653544672215575 0
0.6562500000000003 0.405949408023954 0
0.6484375000000003 0.3924177610898222 0
0.6640625000000003 0.3924177610898221 0
0.4453125000000008 0.500670936562878 0
0.4375000000000007 0.5142025834970101 0
0.4296875000000007 0.5006709365628781 0
0.06844941446593855 0.3916790924620362 0
0.07609674364371327 0.3780884447649817 0
0.08632722728773479 0.3924088589895755 0
0.6484375000000002 0.4194810549580858 0
0.6640625000000002 0.4194810549580857 0
0.2578125013125236 0.2029747032541933 0
0.2421875025206016 0.2029747025567088 0
0.3125000000000019 0.8389577445976351 0
0.320312500000002 0.8524701059718949 0
0.304687500000002 0.8524744712904346 0
0.3593749999999993 0.1082531754730562 0
0.3515624999999991 0.09472152853892446 0
0.3671874999999991 0.09472152853892429 0
0.5000000000000016 0.7307089344431196 0
0.4921875000000016 0.7442405813772515 0
0.8978633606274307 0.2841454323713177 0
0.8824431008926041 0.2841640976159227 0
0.8904202597348261 0.2706142734380285 0
0.7500000000000011 0.5142025834970081 0
0.7578125000000013 0.52773423043114 0
0.7421875000000012 0.52773423043114 0
0.7343750000000012 0.5412658773652719 0
0.7265625000000011 0.52773423043114 0
0.3671875000000009 0.5547975242994061 0
0.3515625000000009 0.5547975242994059 0
0.3593750000000008 0.5412658773652741 0
0.7812499999999999 0.2976962325508982 0
0.7734374999999997 0.2841645856167664 0
0.7890624999999998 0.2841645856167662 0
0.2578125000000019 0.744240581377252 0
0.2421875000000019 0.7442405813772521 0
0.2500000000000019 0.7307089344431201 0
0.4531250000000007 0.487139289628746 0
0.4609375000000007 0.500670936562878 0
0.8515625000000013 0.5006709365628755 0
0.8437500000000016 0.5142025834970075 0
0.4140625000000013 0.5006709365628779 0
0.4062500000000009 0.5142025834970101 0
0.4921875000000018 0.6901139936407239 0
0.5000000000000018 0.6765823467065919 0
0.4765625000000012 0.3112278794850325 0
0.4609375000000017 0.3112278794850328 0
0.4687500000000011 0.2976962325509007 0
0.7500000000000018 0.6765823467065903 0
0.757812500000002 0.690113993640722 0
0.7421875000000018 0.6901139936407222 0
0.6953125000000006 0.4194810549580855 0
0.7109375000000007 0.4194810549580855 0
0.7031250000000007 0.4330127018922173 0
0.7421875000000011 0.5006709365628763 0
0.7265625000000009 0.5006709365628764 0
0.7343750000000009 0.4871392896287445 0
0.8593750000000019 0.5953924651017986 0
0.8515625000000018 0.5818608181676668 0
0.8671875000000019 0.5818608181676667 0
0.4140625000000007 0.1759114101437148 0
0.4218750000000004 0.1623797632095826 0
0.4296875000000007 0.1759114101437144 0
0.7421875000000013 0.5547975242994037 0
0.7578125000000016 0.5547975242994037 0
0.6015625 0.2571012917485039 0
0.6171875 0.2571012917485039 0
0.3359375000000019 0.8524824851804006 0
0.328125000000002 0.8659992118732002 0
0.3984375000000017 0.7713038752455152 0
0.3828125000000017 0.7713038752455154 0
0.3906250000000016 0.7577722283113834 0
0.7578124999999983 0.1759114101437116 0
0.7656249999999982 0.1623797632095796 0
0.4375000000000016 0.8389529014476863 0
0.4453125000000015 0.8524776420304518 0
0.4296875000000016 0.8524868504989402 0
0.4687499999999994 0.02706329386826334 0
0.4609374999999997 0.01353164693413167 0
0.4765624999999997 0.01353164693413172 0
0.5234375000000016 0.7713038752455152 0
0.5390625000000016 0.7713038752455151 0
0.5312500000000016 0.7848355221796471 0
0.5781249999999998 0.2165063509461085 0
0.5703124999999998 0.2029747040119767 0
0.5859374999999999 0.2029747040119766 0
0.3906249999999989 0.05412658773652801 0
0.8588940669959021 0.2167918766240129 0
0.8667065669959022 0.2303235235581446 0
0.8515624999999992 0.230037997880238 0
0.8281221484980859 0.1623781168941821 0
0.8202925394866087 0.1488365920676684 0
0.8359203909885216 0.1488382383830653 0
0.3515624999999995 0.1217848224071882 0
0.3671874999999996 0.1217848224071881 0
0.1171977578517333 0.2300439183589101 0
0.1250000005301576 0.2435696445082876 0
0.7890615247445454 0.06765767160665898 0
0.445312500000001 0.2571012917485053 0
0.4296875000000013 0.2571012917485056 0
0.437500000000001 0.2435696448143737 0
0.1953128342059112 0.06765804171678691 0
0.1875005399094389 0.08118956988793163 0
0.1796881364234555 0.06765786723140621 0
0.2734375000000019 0.825430462982043 0
0.2578125000000019 0.825430462982043 0
0.2656250000000019 0.8118988160479111 0
0.2265625000000019 0.7171772875089883 0
0.2187500000000019 0.7307089344431202 0
0.2109375000000019 0.7171772875089882 0
0.5000000000000008 0.5142025834970096 0
0.4921875000000007 0.5006709365628778 0
0.5078125000000008 0.5006709365628776 0
0.6093750000000016 0.6495190528383274 0
0.6015625000000016 0.6359874059041957 0
0.6171875000000016 0.6359874059041956 0
0.2500000000000019 0.8389621099161748 0
0.2421875000000018 0.825430462982043 0
0.5468750000000013 0.8660184974330722 0
0.5390625000000012 0.8795570507185704 0
0.6250000000000014 0.8389621099161744 0
0.6328125000000016 0.8524937568503062 0
0.6171875000000016 0.8524937568503063 0
0.5937500000000008 0.514202583497009 0
0.5859375000000007 0.5006709365628772 0
0.6015625000000007 0.5006709365628771 0
0.8982998327084508 0.5276547481833037 0
0.8904873327084509 0.5411863951174356 0
0.8828125000000017 0.5277342304311393 0
0.8592113348265545 0.1081586833411067 0
0.8514398854177458 0.1217140308451131 0
0.7031250000000016 0.8660160034728562 0
0.6953125000000016 0.8795570507185699 0
0.5546875000000017 0.6630506997724597 0
0.5703125000000017 0.6630506997724596 0
0.06875252973828877 0.8814009789563035 0
0.07610616954320309 0.8676044089650184 0
0.08639636019508767 0.8798219737757236 0
0.9242520636135645 0.5947848728588153 0
0.9140625000000021 0.6089241120359301 0
0.09367087638936561 0.7848337425234342 0
0.08593687872766742 0.7712771719977545 0
0.7265625000000014 0.7983671691137787 0
0.7109375000000014 0.7983671691137786 0
0.7421875000000021 0.933378607936425 0
0.7265625000000013 0.9333935716977187 0
0.7343750000000021 0.9195568942449144 0
0.6406250000000013 0.7577722283113831 0
0.6484375000000013 0.771303875245515 0
0.6328125000000013 0.7713038752455151 0
0.7734375000000003 0.3382911733532939 0
0.7578125000000002 0.3382911733532941 0
0.7656250000000002 0.3247595264191621 0
0.1485443459203056 0.6899885205244247 0
0.1563463834725357 0.6764944863500925 0
0.1640729624477718 0.6900763808809249 0
0.3984375000000013 0.6359874059041968 0
0.3906250000000012 0.6495190528383286 0
0.3828125000000012 0.6359874059041968 0
0.507812500000001 0.5547975242994052 0
0.5156250000000009 0.5412658773652732 0
0.523437500000001 0.5547975242994051 0
0.7109375000000016 0.6359874059041948 0
0.7031250000000017 0.6495190528383268 0
0.6953125000000016 0.635987405904195 0
0.2109375000535284 0.3112278794541283 0
0.203125000019668 0.3247595264078095 0
0.195312500047405 0.3112278794576638 0
0.7890625000000017 0.6630506997724581 0
0.7968750000000016 0.6495190528383261 0
0.8046875000000017 0.6630506997724579 0
0.7109375000000007 0.4465443488263491 0
0.6953125000000006 0.4465443488263491 0
0.7265625000000009 0.4465443488263491 0
0.7187500000000007 0.4600759957604809 0
0.8046875000000024 0.7983671691137769 0
0.8203125000000027 0.7983671691137766 0
0.7265625000000008 0.4736076426946128 0
0.742187500000001 0.4736076426946127 0
0.7578125000000012 0.5006709365628763 0
0.2578125000000012 0.6089241120359333 0
0.2500000000000014 0.6224557589700652 0
0.2421875000000013 0.6089241120359334 0
0.2109375000000009 0.5277342304311424 0
0.2187500000000009 0.5142025834970105 0
0.2265625000000009 0.5277342304311423 0
0.4140625000000015 0.7171772875089877 0
0.4218750000000016 0.7036456405748559 0
0.4296875000000016 0.7171772875089878 0
0.4843750000000016 0.7577722283113832 0
0.4765625000000016 0.7442405813772515 0
0.5546875000000014 0.8524868504989404 0
0.5390625000000013 0.8524937568503066 0
0.1484375000000009 0.5277342304311426 0
0.1562500000000008 0.5142025834970108 0
0.1640625000000008 0.5277342304311426 0
0.1328125000000011 0.5547975242994065 0
0.1406250000000009 0.5412658773652747 0
0.148437500000001 0.5547975242994064 0
0.1328125000000009 0.500670936562879 0
0.1406250000000008 0.4871392896287471 0
0.1484375000000008 0.5006709365628789 0
0.1172470082122302 0.581854186928539 0
0.1250595082122301 0.5683225399944071 0
0.1328125000000012 0.5818608181676703 0
0.6875000000000014 0.8930886976527018 0
0.6796875000000016 0.8795570507185699 0
0.3437500000000009 0.5683291712335378 0
0.3359375000000009 0.5547975242994059 0
0.4218750000000017 0.866018497433072 0
0.4140625000000018 0.8524937568503064 0
0.1953125000000015 0.6089241120359334 0
0.1875000000000016 0.6224557589700654 0
0.1796875000000016 0.6089241120359336 0
0.08621494905498034 0.419506104289425 0
0.09402744905498028 0.405974457355293 0
0.1015625000000006 0.419481054958088 0
0.6562500000000016 0.8930610817554951 0
0.6640625000000016 0.9063302778294549 0
0.3978017097297151 0.9062532709031357 0
0.3899892097297151 0.9197849178372676 0
0.3828125000000019 0.9066203445868339 0
0.6250000000000013 0.784835522179647 0
0.6171875000000013 0.7713038752455152 0
0.8359375000000018 0.5818608181676668 0
0.8437500000000018 0.568329171233535 0
0.898437500000002 0.5818608181676664 0
0.890625000000002 0.5953924651017983 0
0.882812500000002 0.5818608181676665 0
0.4062499999999989 0.08118988160479157 0
0.3984374999999991 0.09472152853892357 0
0.08688191899746706 0.3117598920245462 0
0.09469441899746711 0.2982282450904144 0
0.1015625000000007 0.3112278794850329 0
0.7187500000000009 0.5142025834970083 0
0.7109375000000008 0.5006709365628764 0
0.4218750000000014 0.6495190528383286 0
0.4140625000000014 0.6359874059041968 0
0.4296875000000016 0.6359874059041968 0
0.8984375000000041 0.9062564182384523 0
0.8828125000000041 0.9062669696085952 0
0.9292286398049181 0.9068246132525861 0
0.9218750000000046 0.9198444670420738 0
0.9136036398049181 0.9065170887736991 0
0.2812500000000019 0.8929371202929346 0
0.2890625000000021 0.9062564182384563 0
0.7265625000000012 0.5547975242994037 0
0.4218750000000014 0.4871392896287458 0
0.7343750000000017 0.6495190528383266 0
0.7265625000000016 0.6359874059041948 0
0.6484375000000014 0.7983671691137788 0
0.6406250000000014 0.8118988160479107 0
0.6328125000000014 0.7983671691137788 0
0.1796875008182782 0.2571012912760725 0
0.1718750002621703 0.2706329385312736 0
0.1640625005561087 0.2571012914274363 0
0.6406250000000014 0.7036456405748548 0
0.2890624999999989 0.06765823467066046 0
0.304687499999999 0.06765823467066046 0
0.5078125000000016 0.7171772875089876 0
0.7578125000000018 0.6630506997724583 0
0.7421875000000017 0.6630506997724586 0
0.1718750000000014 0.5953924651018018 0
0.1640625000000015 0.6089241120359338 0
0.1406377461165322 0.919869283737397 0
0.1328252461165322 0.9063376368032652 0
0.1484375000000021 0.906620344586834 0
0.3515625000000017 0.5277342304311415 0
0.3671875000000029 0.5006709365628771 0
0.5390625000000017 0.6901139936407235 0
0.9289899343983417 0.8256541339685711 0
0.9438123665500069 0.8246021360446514 0
0.9374537265214751 0.8383938955621802 0
0.6484375000000016 0.663050699772459 0
0.6640625000000016 0.663050699772459 0
0.6874999999999998 0.2976962325508991 0
0.6796874999999998 0.2841645856167673 0
0.6953124999999998 0.2841645856167672 0
0.2734375010427091 0.2029747034099715 0
0.2656250003777414 0.2165063507280224 0
0.7812500000000013 0.514202583497008 0
0.7734375000000012 0.5006709365628762 0
0.7890625000000013 0.5006709365628761 0
0.453125000000001 0.2706329386826369 0
0.4609375000000006 0.2571012917485049 0
0.6484375000000014 0.8254304629820425 0
0.6328125000000014 0.8254304629820425 0
0.843750000000004 0.893047259544502 0
0.8515625000000041 0.9063302778294522 0
0.8359375000000042 0.9063717159376494 0
0.5390625000000016 0.7442405813772514 0
0.9318628560787009 0.4474064853911568 0
0.7968750000000019 0.5953924651017989 0
0.8046875000000018 0.6089241120359306 0
0.7890625000000018 0.6089241120359308 0
0.3984375000000008 0.175911410143715 0
0.4062500000000009 0.1894430570778468 0
0.1172073192423584 0.1759137841596189 0
0.1016290830270841 0.1758867850759194 0
0.1094218512502969 0.1623527136276116 0
0.8046809809276663 0.1488443524872816 0
0.4062500000000013 0.622455758970065 0
0.4296875000000015 0.6630506997724605 0
0.4453125000000016 0.6630506997724605 0
0.1328167726553436 0.04059247398368293 0
0.1171910473166723 0.04059289275816014 0
0.8515625000000031 0.8524868504989372 0
0.8359375000000033 0.8524868504989375 0
0.8437500000000031 0.8389621099161717 0
0.6640625000000011 0.5818608181676679 0
0.6484375000000011 0.581860818167668 0
0.6562500000000011 0.568329171233536 0
0.1953125000000865 0.4194810549580381 0
0.2109375000001055 0.419481054958027 0
0.2031250000000274 0.433012701892204 0
0.1484382253386715 0.01353122815965474 0
0.5468750000000007 0.4871392896287456 0
0.5546875000000007 0.5006709365628774 0
0.5390625000000008 0.5006709365628775 0
0.7109374999999983 0.1759114101437124 0
0.7265624999999983 0.1759114101437121 0
0.7187499999999986 0.189443057077844 0
0.898299832708451 0.5547180420515673 0
0.8828125000000018 0.5547975242994029 0
0.8203072969558129 0.09471852455995922 0
0.8359139446926688 0.09470792887589252 0
0.8281034312363624 0.1082407227415604 0
0.6093749999999996 0.05412658773652684 0
0.6171874999999994 0.06765823467065846 0
0.6015624999999994 0.06765823467065846 0
0.7968749999999996 0.2706329386826343 0
0.8046874999999998 0.284164585616766 0
0.2734374999999989 0.06765823467066046 0
0.2812499999999988 0.08118988160479257 0
0.08569599467214584 0.06767289511268171 0
0.07801812099015504 0.05400392293989897 0
0.866706566995902 0.203260229689881 0
0.8515624999999989 0.2029747040119744 0
0.2890625000000019 0.852482789820128 0
0.2734375000000019 0.8524827898201282 0
0.2812500000000019 0.8389621099161748 0
0.3828125000000008 0.1759114101437153 0
0.375000000000001 0.1894430570778473 0
0.3671875000000007 0.1759114101437156 0
0.8359375000000018 0.6089241120359304 0
0.8515625000000018 0.6089241120359303 0
0.2109375000000008 0.5006709365628786 0
0.2265625000000008 0.5006709365628786 0
0.148437500000002 0.7713038752455156 0
0.132812500000002 0.7713038752455157 0
0.140625000000002 0.7577722283113837 0
0.4765625000000007 0.5006709365628779 0
0.4687500000000008 0.5142025834970098 0
0.1562500000000006 0.405949408023956 0
0.1640625000000007 0.4194810549580878 0
0.1484375000000007 0.4194810549580879 0
0.2734374999999984 0.1488481162754518 0
0.2812499999999988 0.13531646934132 0
0.5390624999999998 0.1488481162754494 0
0.5546874999999998 0.1488481162754493 0
0.5468749999999998 0.1623797632095812 0
0.5312499999999997 0.1353164693413175 0
0.5234374999999998 0.1488481162754494 0
0.8750000000000019 0.5683291712335348 0
0.59375 0.2435696448143722 0
0.5859374999999999 0.2300379978802404 0
0.6015625 0.2300379978802403 0
0.5078125000000009 0.5277342304311414 0
0.4921875000000008 0.5277342304311415 0
0.7187500000000014 0.6224557589700629 0
0.750000000000001 0.4600759957604808 0
0.7421875000000009 0.446544348826349 0
0.757812500000001 0.4465443488263489 0
0.8203125000000016 0.5277342304311397 0
0.8046875000000016 0.5277342304311397 0
0.8125000000000014 0.5142025834970078 0
0.8281249999999996 0.2706329386826338 0
0.8203124999999994 0.2571012917485021 0
0.8359374999999996 0.2571012917485019 0
0.3437500000000011 0.622455758970065 0
0.3515625000000011 0.6359874059041968 0
0.3359375000000012 0.6359874059041968 0
0.3281250000000019 0.811898816047911 0
0.3203125000000018 0.7983671691137793 0
0.3359375000000018 0.7983671691137791 0
0.3750000000000011 0.622455758970065 0
0.3671875000000011 0.6359874059041968 0
0.2968750000000018 0.7577722283113837 0
0.3046875000000018 0.7713038752455155 0
0.2890625000000018 0.7713038752455156 0
0.1562500000000019 0.7848355221796475 0
0.1640625000000019 0.7713038752455156 0
0.5703125000000014 0.798367169113779 0
0.5859375000000014 0.798367169113779 0
0.5781250000000014 0.8118988160479108 0
0.4765625000000008 0.5277342304311416 0
0.4609375000000008 0.5277342304311418 0
0.8744827666604529 0.2438682696221907 0
0.8822952666604531 0.2573999165563225 0
0.8671874999999996 0.2571012917485016 0
0.500000000000001 0.8928400690035201 0
0.4921875000000011 0.8793084220693882 0
0.5078125000000011 0.8795570507185702 0
0.8203124999999998 0.2841645856167658 0
0.8124999999999999 0.2976962325508977 0
0.6171875000000014 0.7983671691137789 0
0.6171875000000016 0.9333371698282289 0
0.6015625000000013 0.9333866653463532 0
0.1249932882349596 0.5141989270292481 0
0.1171807882349595 0.5006672800951162 0
0.3125000000000014 0.6765823467065925 0
0.3046875000000014 0.6630506997724606 0
0.3203125000000013 0.6630506997724606 0
0.3593750000000017 0.7577722283113835 0
0.3515625000000016 0.7442405813772516 0
0.3671875000000016 0.7442405813772516 0
0.4374999999999988 0.08118988160479101 0
0.4453124999999991 0.09472152853892274 0
0.06829366954320276 0.8540727620308867 0
0.1562500000517845 0.2976962325210038 0
0.1640625000529131 0.3112278794544839 0
0.1484375000011294 0.3112278794843815 0
0.2968750000000019 0.8659951511943877 0
0.304687500000002 0.879481363289208 0
0.2890625000000019 0.8794896818189015 0
0.9324110069935108 0.8541623548790127 0
0.265625000000001 0.541265877365274 0
0.2578125000000013 0.527734230431142 0
0.2734375000000013 0.527734230431142 0
0.2656250000000011 0.5953924651018014 0
0.257812500000001 0.5818608181676697 0
0.273437500000001 0.5818608181676697 0
0.3125000000000009 0.5683291712335378 0
0.3203125000000009 0.5818608181676695 0
0.304687500000001 0.5818608181676695 0
0.5078124999999999 0.2571012917485043 0
0.5234374999999999 0.2571012917485043 0
0.515625 0.2706329386826362 0
0.4999999999999999 0.189443057077845 0
0.4921874999999999 0.1759114101437133 0
0.5078124999999998 0.1759114101437131 0
0.5546874999999998 0.175911410143713 0
0.5390624999999998 0.1759114101437131 0
0.3750000000000019 0.893088697652702 0
0.3671875000000019 0.8795570507185702 0
0.3828125000000019 0.8795570507185702 0
0.1016747782327551 0.3923838096582385 0
0.413426709729715 0.9062532709031357 0
0.4062500000000018 0.893088697652702 0
0.3359375000000019 0.879508706259007 0
0.3515625000000019 0.879550144367204 0
0.3437500000000019 0.8930472595445051 0
0.3671875000000019 0.9336836384550977 0
0.3515625000000019 0.9334350098059159 0
0.3593750000000019 0.919903362871784 0
0.3750000000000504 0.4059494080239279 0
0.367187500000057 0.3924177610897926 0
0.08682332597897213 0.5543197317227303 0
0.1018041158776051 0.5546870146449604 0
0.09451322652582606 0.5679486258330456 0
0.3437500000000018 0.7848355221796472 0
0.3359375000000017 0.7713038752455154 0
0.3515625000000018 0.7713038752455152 0
0.5546874999999998 0.2029747040119768 0
0.5624999999999998 0.1894430570778449 0
0.1095571076653761 0.5411619989499599 0
0.1017378959003347 0.5276266955480652 0
0.1171807882349596 0.52773057396338 0
0.9058914231369244 0.5681221467851115 0
0.9137039231369245 0.5816537937192434 0
0.6406249999999993 0.05412658773652684 0
0.6328124999999998 0.04059494080239517 0
0.6484374999999996 0.04059494080239517 0
0.5312500000000006 0.460075995760482 0
0.5390625000000007 0.4736076426946139 0
0.5234375000000007 0.4736076426946139 0
0.5312500000000004 0.4059494080239546 0
0.5390625000000004 0.4194810549580865 0
0.5234375000000004 0.4194810549580865 0
0.5312500000000011 0.5683291712335369 0
0.539062500000001 0.554797524299405 0
0.5781250000000013 0.5953924651018002 0
0.5703125000000012 0.5818608181676684 0
0.5859375000000012 0.5818608181676683 0
0.5000000000000007 0.4059494080239548 0
0.4921875000000009 0.3924177610898231 0
0.5078125000000007 0.3924177610898229 0
0.5468750000000003 0.3788861141556908 0
0.5546875000000003 0.3924177610898227 0
0.5390625000000003 0.3924177610898227 0
0.6406250000000009 0.5412658773652724 0
0.648437500000001 0.5547975242994042 0
0.632812500000001 0.5547975242994043 0
0.5625000000000002 0.3518228202874271 0
0.5703125000000002 0.365354467221559 0
0.5546875000000002 0.365354467221559 0
0.5312500000000004 0.3518228202874274 0
0.5234375000000004 0.3382911733532955 0
0.5390625000000002 0.3382911733532953 0
0.5781250000000001 0.3247595264191633 0
0.5859375000000002 0.3382911733532952 0
0.5703125000000002 0.3382911733532952 0
0.7109375000000018 0.6630506997724586 0
0.6953125000000018 0.6630506997724587 0
0.5625 0.2976962325508997 0
0.5703125000000001 0.3112278794850315 0
0.5546875000000001 0.3112278794850316 0
0.6093750000000001 0.3247595264191633 0
0.6171875000000002 0.3382911733532951 0
0.6015625000000002 0.3382911733532951 0
0.6406250000000001 0.3247595264191631 0
0.6484375000000002 0.3382911733532949 0
0.6328125000000002 0.338291173353295 0
0.671875 0.3247595264191629 0
0.6796875000000002 0.3382911733532947 0
0.6640625000000002 0.3382911733532948 0
0.7343750000000001 0.3247595264191624 0
0.7421875000000002 0.3382911733532942 0
0.7265625000000002 0.3382911733532943 0
0.5156250000000004 0.3247595264191638 0
0.5078125000000003 0.3112278794850319 0
0.5234375000000001 0.3112278794850317 0
0.703124999999999 0.2165063509461079 0
0.6953124999999988 0.2029747040119761 0
0.7109374999999988 0.202974704011976 0
0.734374999999998 0.1623797632095801 0
0.7421874999999983 0.1759114101437118 0
0.8203119353160107 0.446544674846802 0
0.835935667474596 0.4465454068353834 0
0.250000000000001 0.5683291712335379 0
0.2421875000000011 0.554797524299406 0
0.257812500000001 0.5547975242994059 0
0.4921875000000016 0.7713038752455152 0
0.4765625000000016 0.7713038752455152 0
0.4140625000000014 0.6901139936407241 0
0.4843750000000009 0.5412658773652734 0
0.2031250000000008 0.4871392896287469 0
0.1953125000000008 0.5006709365628788 0
0.5156249999999998 0.2165063509461087 0
0.5234374999999999 0.2300379978802406 0
0.5078124999999999 0.2300379978802406 0
0.1640625000000013 0.58186081816767 0
0.1484375000000012 0.5818608181676701 0
0.1562500000000011 0.5683291712335382 0
0.8750000000000016 0.5142025834970075 0
0.8671875000000016 0.5277342304311393 0
0.8671875000000016 0.5006709365628755 0
0.8828125000000016 0.5006709365628755 0
0.8514598459311361 0.1487888489211557 0
0.8664689215179606 0.1484332447954084 0
0.8587590755868233 0.1620241590838316 0
0.5234375000000011 0.8795570507185702 0
0.5156250000000013 0.8660254037844384 0
0.8125000000000033 0.8389621099161721 0
0.8046875000000031 0.8254304629820405 0
0.820312500000003 0.8254304629820403 0
0.6406250000000007 0.487139289628745 0
0.6484375000000007 0.5006709365628769 0
0.6328125000000007 0.500670936562877 0
0.5859374999999996 0.1217848224071855 0
0.6015624999999996 0.1217848224071855 0
0.5937499999999997 0.1353164693413174 0
0.5859375000000014 0.8795156126103734 0
0.6015625000000017 0.8795570507185702 0
0.6718750000000012 0.5953924651017997 0
0.6796875000000011 0.5818608181676677 0
0.8748978002500636 0.406008413077089 0
0.8671089290350288 0.3924631240575969 0
0.8826580040983052 0.3925069593402525 0
0.6093750000000013 0.7577722283113834 0
0.6015625000000013 0.7713038752455152 0
0.5703125000000014 0.7442405813772515 0
0.5859375000000014 0.7442405813772515 0
0.5781250000000013 0.7577722283113834 0
0.6718750000000007 0.4871392896287448 0
0.6796875000000007 0.5006709365628766 0
0.6640625000000007 0.5006709365628768 0
0.5234374999999994 0.09472152853892207 0
0.5156249999999996 0.1082531754730539 0
0.3203125000015005 0.2300379978793781 0
0.3125000000104942 0.2435696448083169 0
0.304687500008995 0.2300379978750509 0
0.882812500000002 0.6359874059041939 0
0.875000000000002 0.6224557589700621 0
0.5859374999999999 0.257101291748504 0
0.3515625000001902 0.3924177610897154 0
0.3593750000001532 0.3788861141556054 0
0.7109375000000007 0.4736076426946128 0
0.1484375093154646 0.2029746986336921 0
0.1562500193058456 0.1894430459316109 0
0.1640625152400453 0.2029746952131338 0
0.2578125001217145 0.2841645855464974 0
0.2500000000730875 0.297696232508704 0
0.2421875001461012 0.2841645855324176 0
0.6328125 0.2841645856167677 0
0.625 0.2976962325508995 0
0.7500000000000003 0.351822820287426 0
0.7578125000000011 0.4736076426946126 0
0.8046874999999989 0.2029747040119749 0
0.8124999999999988 0.1894430570778429 0
0.8203124999999989 0.2029747040119747 0
0.8046875000000013 0.500670936562876 0
0.8359375000000011 0.4736076426946118 0
0.8203125000000011 0.473607642694612 0
0.7499999999999986 0.1894430570778436 0
0.2578125000000019 0.852484356538725 0
0.2421875000000018 0.852484356538725 0
0.1640625000000008 0.5006709365628789 0
0.1718750000000008 0.487139289628747 0
0.1796875000000008 0.5006709365628789 0
0.6562500000000008 0.5142025834970086 0
0.1093750000000006 0.4330127018922199 0
0.1171875000000006 0.419481054958088 0
0.1640625000000006 0.3924177610898241 0
0.1484375000000006 0.3924177610898242 0
0.109487278232755 0.3788521627241067 0
0.1171875000000005 0.3924177610898242 0
0.9133674939260492 0.1231824004168217 0
0.9049658717914624 0.1363739175279644 0
0.9135950731137742 0.5004010675242856 0
0.9057825731137744 0.5139327144584176 0
0.8984375000000014 0.5006709365628755 0
0.2421875000000019 0.7171772875089883 0
0.2343750000000018 0.7036456405748563 0
0.2578125000000098 0.4465443488263458 0
0.2656250000000494 0.433012701892191 0
0.2734375000000442 0.4465443488263259 0
0.2421875000000069 0.4736076426946113 0
0.2500000000000081 0.4600759957604787 0
0.2578125000000033 0.4736076426946133 0
0.2109375000003357 0.3653544672213665 0
0.2031250000003358 0.3788861141554984 0
0.1953125000000004 0.3653544672215602 0
0.9287546575497388 0.2535382648003874 0
0.9212211958337804 0.2693012124099626 0
0.9133739811856112 0.2548326605838483 0
0.2421875000000017 0.9333248598963958 0
0.2265625000000017 0.9333866653463532 0
0.234375000000002 0.9194962398535189 0
0.7734375 0.3112278794850302 0
0.7890625000000001 0.3112278794850299 0
0.335937499999999 0.09472152853892463 0
0.3203124999999988 0.09472152853892468 0
0.4062500000000017 0.7848355221796472 0
0.4140625000000016 0.7713038752455152 0
0.5078125000000016 0.7713038752455152 0
0.5000000000000016 0.7848355221796471 0
0.6093749999999994 0.1082531754730536 0
0.6171874999999996 0.1217848224071854 0
0.1718896174490055 0.6495145742849574 0
0.1640771174490054 0.6359829273508255 0
0.1796875000000017 0.6359874059041973 0
0.640624999999999 0.1082531754730536 0
0.6484374999999989 0.1217848224071855 0
0.6328124999999993 0.1217848224071854 0
0.3828125000000012 0.202974704011979 0
0.3671875000000012 0.2029747040119793 0
0.5859374999999994 0.06765823467065851 0
0.5937499999999993 0.08118988160479013 0
0.3124999999999988 0.08118988160479268 0
0.320312499999999 0.06765823467066062 0
0.7578124999999997 0.2841645856167666 0
0.7656249999999996 0.2706329386826346 0
0.359375000000001 0.5953924651018014 0
0.3671875000000011 0.6089241120359332 0
0.351562500000001 0.6089241120359332 0
0.1875000000000019 0.8389609588576137 0
0.1953125000000019 0.8524856994403793 0
0.1796875000000019 0.8524868504989405 0
0.1250000000000021 0.8930886976527023 0
0.1171875000000021 0.8795570507185704 0
0.1328125000000021 0.8795570507185704 0
0.1172002461165321 0.9063376368032652 0
0.1875000000000021 0.8930472595445053 0
0.1953125000000021 0.9063302778294553 0
0.1796875000000021 0.9063717159376522 0
0.3906250000000012 0.5953924651018014 0
0.3828125000000011 0.5818608181676698 0
0.3984375000000012 0.5818608181676698 0
0.7499998554709917 0.08118979816092908 0
0.7421874999999967 0.0947215285389208 0
0.9333188647517798 0.1799048231072042 0
0.9464698725888241 0.172348798437825 0
0.1484375578723742 0.1759113767310834 0
0.1640625637969549 0.1759113733105252 0
0.7343750000000009 0.4330127018922172 0
0.8203096484980859 0.175909763828314 0
0.1328752746866212 0.7169516109501909 0
0.1249962723659918 0.7305487149565513 0
0.8671875000000018 0.6630506997724576 0
0.8515625000000018 0.6630506997724576 0
0.8359004304751314 0.1217634203070226 0
0.8436302369196589 0.1352473240946421 0
0.6015625000000006 0.4736076426946134 0
0.6171875000000006 0.4736076426946134 0
0.6093750000000007 0.4871392896287452 0
0.8978794971550532 0.3927399241825588 0
0.8900906259400185 0.3791946351630666 0
0.6484375000000003 0.4465443488263494 0
0.6640625000000003 0.4465443488263493 0
0.6562500000000004 0.4600759957604812 0
0.3906250000000004 0.1623797632095833 0
0.3671875000000017 0.230037997880243 0
0.3515625000000017 0.2300379978802433 0
0.3593750000000014 0.2165063509461113 0
0.4062500000000016 0.2435696448143742 0
0.4140625000000017 0.2571012917485059 0
0.398437500000002 0.2571012917485062 0
0.07221514182596511 0.3119318072749103 0
0.07908322282849867 0.3249314416695288 0
0.5859375 0.2841645856167678 0
0.5703125 0.2841645856167678 0
0.578125 0.2706329386826359 0
0.9287603274549399 0.09515416357194023 0
0.9213431311396093 0.1083271866304992 0
0.07064863123146786 0.5274951618075098 0
0.05521112216378854 0.5274784072088652 0
0.0626069497518254 0.514141951285212 0
0.4687500000000002 0.1894430570778454 0
0.4609375000000002 0.1759114101437137 0
0.4765625 0.1759114101437135 0
0.4609374999999992 0.04059494080239512 0
0.1718750000000009 0.5412658773652744 0
0.1796875000000008 0.5277342304311425 0
0.1328125000000006 0.4194810549580879 0
0.1406250000000006 0.4330127018922197 0
0.179687500000002 0.8795501443672041 0
0.195312500000002 0.8795087062590072 0
0.3359375000015005 0.2300379978793778 0
0.3281250000000013 0.2165063509461118 0
0.6484374999999998 0.23003799788024 0
0.6640624999999996 0.23003799788024 0
0.6562499999999999 0.2435696448143718 0
0.5859374999999996 0.04059494080239512 0
0.6015624999999998 0.04059494080239523 0
0.2343750000250771 0.3247595264046864 0
0.2265625000616328 0.3112278794494491 0
0.2421875000609185 0.3112278794498615 0
0.2421875000134291 0.3382911733455432 0
0.2265625000141435 0.3382911733451308 0
0.3281250000000051 0.487139289628744 0
0.3359375000000044 0.5006709365628762 0
0.3203125000000019 0.5006709365628776 0
0.2656250000000016 0.6495190528383288 0
0.2734375000000016 0.6630506997724608 0
0.2578125000000016 0.6630506997724608 0
0.2578124999999988 0.06765823467066062 0
0.8046847630312696 0.3653560474111909 0
0.8125000000000007 0.3518228202874252 0
0.1875000000000826 0.4059494080239084 0
0.1796875000000044 0.4194810549580855 0
0.1484390300540276 0.04059405742529099 0
0.1406293520320284 0.05412407508966449 0
0.6796875000000013 0.6089241120359313 0
0.6953125000000013 0.6089241120359312 0
0.6875000000000014 0.6224557589700631 0
0.7890625000000021 0.7442405813772495 0
0.7812500000000022 0.7307089344431176 0
0.7109374999999991 0.2300379978802397 0
0.6953124999999991 0.2300379978802399 0
0.8203125000000017 0.6630506997724578 0
0.8125000000000018 0.6765823467065897 0
0.835937500000003 0.8254304629820399 0
0.8281250000000028 0.8118988160479084 0
0.8046875000000039 0.8795570507185677 0
0.7890625000000038 0.8795570507185679 0
0.7968750000000036 0.866025403784436 0
0.5078125000000016 0.6359874059041963 0
0.4921875000000016 0.6359874059041964 0
0.5000000000000014 0.6224557589700646 0
0.1953125000000017 0.6359874059041972 0
0.8203125000000042 0.9066203445868313 0
0.8046875000000043 0.9066203445868315 0
0.8125000000000041 0.8930886976526995 0
0.5162853551927482 0.9194806685152934 0
0.5084728551927484 0.9059490215811614 0
0.5234375000000008 0.9066203445868339 0
0.7734375000000018 0.6630506997724581 0
0.7656250000000017 0.6495190528383264 0
0.7734375000000017 0.6359874059041946 0
0.4765624999999991 0.09472152853892235 0
0.4843749999999994 0.1082531754730541 0
0.3203125000000003 0.1759114101437161 0
0.3125000000000009 0.1894430570778484 0
0.8385416666666703 0.9331699261767571 0
0.8229166666666704 0.9334185548259389 0
0.8281250000000044 0.9199033628717813 0
0.07031264004966775 0.1217847415494732 0
0.07812584029800784 0.1082526903267738 0
0.398437500000001 0.5277342304311421 0
0.3906250000000008 0.5412658773652743 0
0.3984375000000012 0.6089241120359332 0
0.4140625000000014 0.6089241120359332 0
0.8671783956310535 0.8795060766742974 0
0.8828033956310534 0.8794911129130037 0
0.8750000000000038 0.8929908576750113 0
0.06248754358750103 0.7306680589628967 0
0.3437499999999989 0.08118988160479268 0
0.664062500000001 0.5547975242994041 0
0.1016094893667769 0.1488209869518928 0
0.08598444756717916 0.1488210110849018 0
0.8281250000000018 0.5953924651017987 0
0.8203125000000018 0.5818608181676669 0
0.4765625000000017 0.690113993640724 0
0.4609375000000016 0.6901139936407241 0
0.4687500000000018 0.6765823467065921 0
0.5781250000000003 0.3788861141556908 0
0.5859375000000004 0.3924177610898226 0
0.5703125000000003 0.3924177610898226 0
0.703125 0.3247595264191626 0
0.7109375000000002 0.3382911733532944 0
0.6953125000000002 0.3382911733532946 0
0.7031250000000004 0.37888611415569 0
0.6953125000000003 0.3653544672215582 0
0.7109375000000004 0.3653544672215582 0
0.7343749999999996 0.2706329386826349 0
0.7421874999999997 0.2841645856167667 0
0.7265624999999998 0.2841645856167669 0
0.7656250000000012 0.4871392896287444 0
0.7734375000000011 0.4736076426946125 0
0.3359375000000013 0.6630506997724606 0
0.3281250000000012 0.6495190528383287 0
0.3203125000000014 0.6901139936407243 0
0.3046875000000015 0.6901139936407243 0
0.2734375000000018 0.7713038752455157 0
0.2812500000000018 0.7848355221796475 0
0.4921874999999999 0.2029747040119769 0
0.5078124999999998 0.2029747040119769 0
0.4921874999999996 0.1217848224071858 0
0.5078124999999996 0.1217848224071857 0
0.4999999999999997 0.1353164693413176 0
0.4453125000000016 0.6359874059041968 0
0.4375000000000015 0.622455758970065 0
0.7499999999999976 0.135316469341316 0
0.7578124999999978 0.1488481162754477 0
0.7421874999999978 0.148848116275448 0
0.2812500000000018 0.7307089344431199 0
0.2890625000000018 0.7442405813772518 0
0.2734375000000018 0.7442405813772519 0
0.3046875000000018 0.7442405813772517 0
0.4062499999999998 0.1353164693413191 0
0.3984374999999996 0.1217848224071874 0
0.4140624999999996 0.1217848224071871 0
0.8827064043650139 0.4195423093015028 0
0.8671573293017376 0.4194984740188472 0
0.5781250000000007 0.4871392896287454 0
0.5703125000000006 0.4736076426946136 0
0.5859375000000006 0.4736076426946135 0
0.6875000000000004 0.460075995760481 0
0.6953125000000006 0.4736076426946129 0
0.6796875000000004 0.4736076426946129 0
0.5624999999999999 0.2435696448143723 0
0.5703124999999999 0.2571012917485041 0
0.5546874999999999 0.2571012917485042 0
0.4609375000000014 0.8524431102736212 0
0.4531250000000014 0.865977059324875 0
0.4453125000000004 0.175911410143714 0
0.4531250000000002 0.162379763209582 0
0.6718750000000003 0.4330127018922174 0
0.6796875000000004 0.4465443488263492 0
0.7265624999999991 0.2300379978802395 0
0.7343749999999989 0.2165063509461075 0
0.7421874999999991 0.2300379978802393 0
0.7265624999999988 0.2029747040119758 0
0.6953124999999983 0.1759114101437125 0
0.7031249999999981 0.1623797632095806 0
0.8359374999999988 0.1759114101437109 0
0.3359375000000016 0.7171772875089879 0
0.3203125000000016 0.717177287508988 0
0.3281250000000015 0.7036456405748561 0
0.3828125000000016 0.7442405813772515 0
0.3750000000000016 0.7307089344431197 0
0.3671875000000018 0.7713038752455152 0
0.5390624999999998 0.2300379978802405 0
0.5312499999999999 0.2435696448143724 0
0.4453125000000001 0.1488481162754502 0
0.4296875000000001 0.1488481162754506 0
0.4374999999999998 0.1353164693413185 0
0.3984375000000001 0.1488481162754512 0
0.3828125000000001 0.1488481162754515 0
0.3359374999999999 0.1488481162754522 0
0.3437499999999996 0.1353164693413202 0
0.3515625000000001 0.1488481162754521 0
0.3515625000000007 0.1759114101437158 0
0.3593750000000004 0.1623797632095839 0
0.6718749999999982 0.1082531754730535 0
0.6796874999999981 0.1217848224071852 0
0.6640624999999986 0.1217848224071854 0
0.7890625000000007 0.3382911733532937 0
0.9241438831094264 0.8674767544942241 0
0.9315739996135217 0.8811880256280684 0
0.9135271631057362 0.8797859638503671 0
0.2890624999999988 0.1217848224071884 0
0.2734374999999986 0.1217848224071881 0
0.492187500000001 0.5547975242994053 0
0.5000000000000011 0.5683291712335371 0
0.2578125004730875 0.2300379976071056 0
0.3203125000000011 0.5277342304311419 0
0.3046875000000013 0.5277342304311419 0
0.3125000000000015 0.5142025834970099 0
0.2734375000000009 0.5547975242994059 0
0.226562500000001 0.5547975242994061 0
0.234375000000001 0.5412658773652742 0
0.3593750000000012 0.6495190528383286 0
0.3671875000000013 0.6630506997724605 0
0.3515625000000013 0.6630506997724605 0
0.3515625000000019 0.798367169113779 0
0.2578125000000018 0.7983671691137794 0
0.2734375000000018 0.7983671691137794 0
0.2031250000000019 0.8118988160479111 0
0.1953125000000019 0.7983671691137793 0
0.2109375000000018 0.7983671691137793 0
0.1718750000000019 0.8118988160479111 0
0.1640625000000019 0.7983671691137793 0
0.1796875000000019 0.7983671691137793 0
0.1640625000000019 0.7442405813772519 0
0.1796875000000019 0.7442405813772519 0
0.1718750000000019 0.7577722283113837 0
0.132812500000002 0.7442405813772519 0
0.148437500000002 0.7442405813772519 0
0.6015624999999999 0.2029747040119766 0
0.5937499999999998 0.1894430570778447 0
0.3906250000000018 0.8118988160479109 0
0.3984375000000018 0.8254304629820427 0
0.3828125000000018 0.8254304629820427 0
0.1016747782327551 0.3653205157899748 0
0.08644599857430241 0.3650917578691239 0
0.09414622034154785 0.3515940623665777 0
0.2656250000000019 0.7577722283113839 0
0.4609374999999991 0.09472152853892252 0
0.4531249999999993 0.1082531754730546 0
0.3906250000000014 0.2165063509461108 0
0.3984375000000016 0.2300379978802425 0
0.3828125000000017 0.2300379978802427 0
0.2109375000000018 0.6630506997724608 0
0.2265625000000017 0.6630506997724608 0
0.2187500000000018 0.6765823467065926 0
0.4140625000000011 0.2029747040119785 0
0.3984375000000012 0.2029747040119788 0
0.3828125000000118 0.3653544672215558 0
0.3671875000000642 0.3653544672215253 0
0.375000000000056 0.3518228202873985 0
0.2109375000128959 0.3382911733458511 0
0.1953125000067725 0.3382911733493866 0
0.2265625000015833 0.3653544672206461 0
0.2187500000012479 0.351822820286708 0
0.2421874999999989 0.06765823467066057 0
0.2499999999999988 0.08118988160479251 0
0.9739914798208444 0.5630559501112954 0
0.9877970598397038 0.5551363669462408 0
0.9861944199811405 0.5704195831650546 0
0.3906250000000014 0.7036456405748559 0
0.3984375000000015 0.7171772875089877 0
0.3828125000000015 0.7171772875089878 0
0.4453125000000016 0.7983671691137789 0
0.4296875000000017 0.798367169113779 0
0.4375000000000016 0.784835522179647 0
0.1562500000000019 0.8389621099161748 0
0.1484375000000019 0.825430462982043 0
0.1640625000000019 0.825430462982043 0
0.5234374999999998 0.2029747040119768 0
0.1484375000000021 0.9336836384550977 0
0.1666666666666684 0.9334185548259413 0
0.06856818575250612 0.3643619913415846 0
0.2734375000000019 0.8794509081981143 0
0.9143641704857253 0.8527602931013114 0
0.07079353745661709 0.4188585867077825 0
0.9859953730475713 0.0845824116452093 0
0.9859953730475713 0.0689574116452093 0
0.986753393543413 0.1489312045893213 0
0.986753393543413 0.1333062045893213 0
0.9709824744984599 0.125063492848701 0
0.9842290809550469 0.1167572882593797 0
0.9867034284552709 0.2418648084061572 0
0.9867034284552709 0.2262398084061572 0
0.9868772073981763 0.3053956564764525 0
0.9868772073981763 0.2897706564764525 0
0.9854778422277611 0.367680348559961 0
0.9854778422277611 0.352055348559961 0
0.9863717957896746 0.4295901599570539 0
0.9863717957896746 0.4139651599570539 0
0.9875530778642744 0.5243511795861608 0
0.9875530778642744 0.5087261795861608 0
0.9842722715992241 0.4927301357447931 0
0.9861944199811405 0.5860445831650546 0
0.9860399038914378 0.6786419888852732 0
0.9860399038914378 0.6630169888852732 0
0.985927772213392 0.7435736328698968 0
0.985927772213392 0.7279486328698968 0
0.9840020720101932 0.7110847422694688 0
0.9883258034585377 0.8050126764461953 0
0.9883258034585377 0.7893876764461953 0
0.9746047660484043 0.7826247872079595 0
0.9862789625898665 0.774487110761764 0
0.9859798155171962 0.8969682835824884 0
0.9859798155171962 0.8813432835824884 0
0.9869878698084233 0.9611294869366628 0
0.9869878698084233 0.9455044869366628 0
0.9712193441864749 0.9371516988040284 0
0.9842314743780515 0.9291472118673656 0
0.913894058521973 0.9858130910519903 0
0.929519058521973 0.9858130910519903 0
0.8515625 0.9864683530658681 0
0.8671875 0.9864683530658681 0
0.7578125 0.9864683530658681 0
0.7734375 0.9864683530658681 0
0.6953125 0.9864683530658681 0
0.7109375 0.9864683530658681 0
0.6328125 0.9864683530658681 0
0.6484375 0.9864683530658681 0
0.5703125 0.9864683530658681 0
0.5859375 0.9864683530658681 0
0.4782445901652122 0.9846132760082901 0
0.4938695901652122 0.9846132760082901 0
0.4124014654826116 0.9848385427629563 0
0.4280264654826116 0.9848385427629563 0
0.3203125 0.9864683530658681 0
0.3359375 0.9864683530658681 0
0.2578125 0.9864683530658681 0
0.2734375 0.9864683530658681 0
0.1953125 0.9864683530658681 0
0.2109375 0.9864683530658681 0
0.1015625 0.9864683530658681 0
0.1171875 0.9864683530658681 0
0.04021868463987788 0.9857390766861769 0
0.05584368463987788 0.9857390766861769 0
0.1093767435499384 0.1082521688340287 0
0.1015674788341255 0.09471865400770041 0
0.117192541788048 0.0947186176612364 0
0.1640626470572202 0.1488480313719248 0
0.1484377623967134 0.1488479647806374 0
0.1562503070904502 0.1353162920425646 0
0.2187500000893698 0.2976962324993033 0
0.2109375002356906 0.2841645854806932 0
0.226562500243795 0.284164585476014 0
0.3046875000005717 0.3924177610894942 0
0.289062500000952 0.3924177610892743 0
0.2968750000011425 0.3788861141550327 0
0.5078125000000007 0.473607642694614 0
0.4921875000000007 0.473607642694614 0
0.5000000000000007 0.4600759957604821 0
0.5234375000000008 0.5006709365628776 0
0.5156250000000007 0.4871392896287458 0
0.554687500000001 0.5547975242994049 0
0.5468750000000009 0.541265877365273 0
0.6250000000000011 0.5683291712335363 0
0.6328125000000011 0.5818608181676681 0
0.6171875000000012 0.5818608181676681 0
0.6171875000000013 0.6089241120359319 0
0.6015625000000013 0.608924112035932 0
0.6093750000000013 0.5953924651018001 0
0.5937500000000014 0.6224557589700639 0
0.5859375000000013 0.6089241120359321 0
0.5390625000000002 0.3653544672215591 0
0.5078125000000008 0.3653544672215593 0
0.5234375000000006 0.3653544672215592 0
0.5156250000000007 0.3788861141556911 0
0.5546875000000002 0.3382911733532953 0
0.6015625000000003 0.3653544672215588 0
0.5859375000000003 0.3653544672215589 0
0.5937500000000002 0.351822820287427 0
0.6328125000000016 0.6630506997724591 0
0.6406250000000016 0.6495190528383272 0
0.6171875000000017 0.6630506997724592 0
0.6015625000000017 0.6630506997724593 0
0.5937500000000017 0.6765823467065912 0
0.5859375000000017 0.6630506997724595 0
0.5703125000000016 0.6359874059041959 0
0.5859375000000016 0.6359874059041958 0
0.5781250000000016 0.6495190528383277 0
0.6953125000000018 0.6901139936407225 0
0.6875000000000018 0.6765823467065907 0
0.5390625000000001 0.3112278794850316 0
0.5468750000000001 0.3247595264191634 0
0.6015625000000001 0.3112278794850314 0
0.6171875000000001 0.3112278794850314 0
0.6328125000000002 0.3653544672215587 0
0.6171875000000002 0.3653544672215587 0
0.6250000000000002 0.3518228202874269 0
0.5078125000000007 0.3382911733532958 0
0.7968750000000016 0.5412658773652715 0
0.7890625000000016 0.5277342304311398 0
0.7812500000000018 0.6765823467065899 0
0.2812500000000017 0.5142025834970099 0
0.273437500000003 0.5006709365628772 0
0.2890625000000031 0.5006709365628772 0
0.296875000000001 0.541265877365274 0
0.304687500000001 0.5547975242994058 0
0.2890625000000009 0.5547975242994059 0
0.4062500000000016 0.7307089344431196 0
0.4140625000000016 0.7442405813772515 0
0.3984375000000016 0.7442405813772515 0
0.4687500000000016 0.7307089344431197 0
0.4609375000000016 0.7442405813772515 0
0.4765625000000016 0.7983671691137789 0
0.4609375000000016 0.7983671691137789 0
0.4687500000000016 0.784835522179647 0
0.4921875000000014 0.8254235566306765 0
0.4765625000000016 0.8254235566306765 0
0.4843750000000016 0.8118988160479108 0
0.4687500000000015 0.8389459950963201 0
0.4609375000000016 0.8254212545135544 0
0.5390625000000014 0.798367169113779 0
0.5234375000000016 0.798367169113779 0
0.5468750000000014 0.8118988160479109 0
0.5546875000000014 0.8254304629820428 0
0.5390625000000014 0.8254304629820428 0
0.5078125000000013 0.8524937568503064 0
0.5234375000000014 0.8524937568503066 0
0.5703125000000014 0.8524868504989404 0
0.5625000000000014 0.8389621099161746 0
0.5859375000000014 0.8254304629820427 0
0.5703125000000014 0.8254304629820428 0
0.6015625000000016 0.8524937568503064 0
0.5859375000000016 0.8524937568503064 0
0.5937500000000014 0.8389621099161746 0
0.5781250000000016 0.8660184974330722 0
0.5234375 0.2841645856167679 0
0.5390625 0.2841645856167679 0
0.53125 0.2976962325508998 0
0.1640625000000008 0.4736076426946152 0
0.1796875000000008 0.4736076426946151 0
0.8046875000000017 0.5547975242994033 0
0.7890625000000017 0.5547975242994034 0
0.5078124999999998 0.1488481162754494 0
0.5156249999999998 0.1623797632095813 0
0.8593750000000019 0.703645640574853 0
0.8671875000000019 0.7171772875089848 0
0.851562500000002 0.7171772875089849 0
0.6093750000000014 0.8118988160479108 0
0.6171875000000014 0.8254304629820426 0
0.6015625000000014 0.8254304629820426 0
0.5937500000000013 0.7848355221796471 0
0.6015625000000013 0.7983671691137789 0
0.5625000000000014 0.7848355221796471 0
0.5546875000000014 0.7713038752455152 0
0.5703125000000014 0.7713038752455152 0
0.6171875000000017 0.8795570507185699 0
0.6093750000000017 0.8660254037844382 0
0.1171877255820513 0.1488479860355925 0
0.6875000000000016 0.8389621099161743 0
0.6953125000000016 0.8524937568503062 0
0.6796875000000016 0.8524937568503062 0
0.6796875000000016 0.8254304629820425 0
0.6953125000000016 0.8254304629820424 0
0.6015625000000016 0.6901139936407232 0
0.3281250000000009 0.5412658773652739 0
0.3203125000000009 0.5547975242994059 0
0.4765625000000012 0.5818608181676691 0
0.4921875000000012 0.581860818167669 0
0.4843750000000013 0.5953924651018009 0
0.4062500000000018 0.8389621099161746 0
0.3984375000000018 0.8524937568503064 0
0.1171875000000004 0.3653544672215604 0
0.1562500000000004 0.3518228202874286 0
0.1640625000000005 0.3653544672215605 0
0.1484375000000006 0.3653544672215605 0
0.6718750000000014 0.919613296114405 0
0.6796875000000014 0.9063717159376519 0
0.9134574058222237 0.5273848791447138 0
0.679687500000001 0.554797524299404 0
0.695312500000001 0.5547975242994039 0
0.6875000000000011 0.5683291712335357 0
0.6640625000000004 0.473607642694613 0
0.2265625000000018 0.6901139936407245 0
0.2109375000000019 0.6901139936407246 0
0.8046875000000018 0.5818608181676669 0
0.8125000000000018 0.5683291712335351 0
0.3978017097297151 0.9333165647713995 0
0.3828125000000019 0.9336836384550977 0
0.7265625000000016 0.9062819333698917 0
0.7109375000000013 0.906330277829455 0
0.2968750000539641 0.2165063509149563 0
0.7031250000000014 0.8118988160479106 0
0.7109375000000014 0.8254304629820424 0
0.6953125000000016 0.7983671691137786 0
0.4062500000000014 0.6765823467065922 0
0.3984375000000014 0.6901139936407241 0
0.867187500000002 0.6089241120359302 0
0.882812500000002 0.6089241120359302 0
0.914062500000002 0.6359874059041939 0
0.8984375000000021 0.6359874059041939 0
0.9062500000000021 0.622455758970062 0
0.890625000000002 0.6495190528383258 0
0.9321694248820295 0.6371640729879267 0
0.9321694248820295 0.6642273668561904 0
0.914062500000002 0.6630506997724577 0
0.9243569248820295 0.6506957199220584 0
0.3437500000000019 0.5142025834970095 0
0.3359375000000011 0.5277342304311419 0
0.6953125000000009 0.5277342304311402 0
0.6796875000000009 0.5277342304311403 0
0.6875000000000008 0.5142025834970084 0
0.2265625000000016 0.6359874059041971 0
0.2421875000000015 0.635987405904197 0
0.2343750000000016 0.6495190528383289 0
0.2031250000000017 0.649519052838329 0
0.2109375000000016 0.6359874059041971 0
0.1406250000000008 0.2706329386826375 0
0.1484375000000008 0.2841645856167694 0
0.1328125000000008 0.2841645856167694 0
0.328125000000002 0.9196063897630392 0
0.320312500000002 0.9062819333698922 0
0.3359375000000019 0.9063302778294552 0
0.6796875000000013 0.9334350098059156 0
0.6640625000000014 0.9333935716977186 0
0.3515624999999989 0.06765823467066057 0
0.3671874999999989 0.06765823467066046 0
0.6562500000000014 0.7848355221796469 0
0.6640625000000014 0.7983671691137788 0
0.3046874999999988 0.09472152853892457 0
0.2265625000000062 0.4736076426946117 0
0.2343750000000014 0.4871392896287463 0
0.1875001295677136 0.1353163945353644 0
0.1953125582017718 0.1488480826726419 0
0.1796876203850153 0.1488480467711295 0
0.1328125504234181 0.1759113810317402 0
0.1406250949145273 0.1623797084106544 0
0.5859374999999994 0.09472152853892191 0
0.6015624999999993 0.09472152853892185 0
0.4687499999999988 0.08118988160479046 0
0.4140625000000001 0.1488481162754509 0
0.3749999999999989 0.08118988160479224 0
0.3828124999999991 0.09472152853892396 0
0.08688191899746722 0.2846965981562825 0
0.1015625000000009 0.2841645856167692 0
0.2890625000539638 0.2029747039808246 0
0.3046875000000011 0.2029747040119804 0
0.4609374999999989 0.06765823467065885 0
0.2265624999999989 0.06765823467066051 0
0.09349134930823011 0.08121444092728569 0
0.1015879224361508 0.06764355702030417 0
0.1484380752528709 0.121784490284787 0
0.1328136144669021 0.121784178969421 0
0.1406262672898297 0.1082524438029307 0
0.2031250296257024 0.162379746105175 0
0.2109375113036241 0.1759114036175637 0
0.1953125306969952 0.1759113924207958 0
0.2500000000042928 0.3518228202849499 0
0.2578125000152265 0.3382911733445055 0
0.2656250000013959 0.3788861141548861 0
0.2578125000036797 0.3653544672194358 0
0.2734375000038065 0.3653544672193625 0
0.3125000000018403 0.3518228202863664 0
0.3046875000019035 0.3653544672204614 0
0.2812500000003298 0.4059494080237654 0
0.2734375000009006 0.3924177610893039 0
0.2968750000000898 0.4330127018921678 0
0.2890625000002325 0.4194810549579535 0
0.3046875000002385 0.4194810549579501 0
0.3125000000000224 0.4600759957604703 0
0.3046875000000581 0.4465443488263179 0
0.3203125000000601 0.4465443488263167 0
0.3593750000000293 0.433012701892203 0
0.3671875000000115 0.4465443488263449 0
0.3515625000000304 0.4465443488263339 0
0.3906250000000066 0.4330127018922159 0
0.3984375000000036 0.4465443488263492 0
0.3828125000000073 0.4465443488263472 0
0.4218750000000017 0.4330127018922183 0
0.4296875000000011 0.4465443488263503 0
0.4140625000000022 0.4465443488263499 0
0.4140625000000018 0.4736076426946138 0
0.4296875000000012 0.473607642694614 0
0.4531250000000006 0.4330127018922187 0
0.4609375000000007 0.4465443488263505 0
0.4453125000000007 0.4465443488263504 0
0.4843750000000006 0.4330127018922186 0
0.4921875000000006 0.4465443488263504 0
0.4765625000000006 0.4465443488263505 0
0.2968750000000035 0.487139289628745 0
0.2890625000000124 0.473607642694608 0
0.3046875000000115 0.4736076426946084 0
0.2656250000000032 0.4871392896287452 0
0.2734375000000044 0.4736076426946126 0
0.4453125000000016 0.7171772875089878 0
0.4375000000000016 0.7307089344431197 0
0.4843750000000003 0.2706329386826364 0
0.4765625000000003 0.2571012917485045 0
0.4921875 0.2571012917485043 0
0.1875000000000007 0.4600759957604832 0
0.1953125000000007 0.473607642694615 0
0.11724700821223 0.5547908930602752 0
0.4687499999999998 0.1353164693413179 0
0.4609374999999996 0.1217848224071862 0
0.4765624999999995 0.121784822407186 0
0.4687500000000015 0.6224557589700648 0
0.4609375000000014 0.608924112035933 0
0.4765625000000014 0.6089241120359328 0
0.1328125000000004 0.3653544672215605 0
0.1406250000000005 0.3788861141556923 0
0.1094627046940245 0.649492181518099 0
0.1016859866063516 0.6360587009296155 0
0.1173986913003743 0.6360318296093843 0
0.6249999999999997 0.1894430570778446 0
0.6328124999999997 0.2029747040119764 0
0.6171874999999999 0.2029747040119765 0
0.3203125000000011 0.20297470401198 0
0.3359375000000011 0.2029747040119798 0
0.5468749999999996 0.1082531754730538 0
0.5546874999999997 0.1217848224071856 0
0.5390624999999997 0.1217848224071856 0
0.2421875000000133 0.4465443488263438 0
0.2421875000000017 0.6630506997724608 0
0.8748567299575875 0.08120497336795718 0
0.8670398694553895 0.09463629400424944 0
0.6953124999999978 0.1217848224071851 0
0.6874999999999982 0.135316469341317 0
0.3203125000000012 0.6359874059041969 0
0.3437500000000013 0.6765823467065923 0
0.3671875000000014 0.6901139936407241 0
0.3593750000000014 0.703645640574856 0
0.3515625000000014 0.6901139936407241 0
0.3203125000000018 0.7713038752455155 0
0.3281250000000017 0.7577722283113835 0
0.3671875000000018 0.798367169113779 0
0.3593750000000018 0.8118988160479109 0
0.3046875000000018 0.7983671691137793 0
0.3125000000000018 0.7848355221796474 0
0.3203125000000019 0.8254260976635032 0
0.3046875000000019 0.8254304629820429 0
0.2890625000000018 0.7983671691137793 0
0.2187500000000019 0.7848355221796475 0
0.2265625000000019 0.7983671691137794 0
0.1953125000000019 0.8254293119234819 0
0.1796875000000019 0.8254304629820429 0
0.148437500000002 0.7983671691137794 0
0.2109375000000019 0.744240581377252 0
0.2031250000000019 0.7577722283113839 0
0.1953125000000019 0.7442405813772519 0
0.1640729624477718 0.7171396747491886 0
0.1718854624477718 0.7036080278150567 0
0.1796875000000019 0.7171772875089881 0
0.132812500000002 0.825430462982043 0
0.140625000000002 0.8118988160479113 0
0.171875000000002 0.8660184974330724 0
0.164062500000002 0.8524937568503067 0
0.1171875000000021 0.8524937568503066 0
0.125000000000002 0.8389621099161748 0
0.132812500000002 0.8524937568503067 0
0.164062500000002 0.8795570507185704 0
0.1562500000000021 0.8930886976527022 0
0.1484375000000021 0.8795570507185704 0
0.101562500000002 0.8795570507185704 0
0.1093750000000021 0.8660254037844385 0
0.8671875000000018 0.554797524299403 0
0.4140625000000018 0.8254304629820427 0
0.7421874999999972 0.1217848224071844 0
0.9135662558453734 0.5545110176031443 0
0.1328252461165321 0.9334009306715287 0
0.2578125000000018 0.7171772875089881 0
0.7265624999999967 0.09472152853892102 0
0.734374999999997 0.1082531754730527 0
0.2578125000000014 0.635987405904197 0
0.8828327798282465 0.8525332673830124 0
0.8983904074980154 0.8525674477851288 0
0.8905394189318719 0.8660405123144063 0
0.9134321934242404 0.7982255372295812 0
0.9280977415712864 0.7981700379333935 0
0.9206830262798275 0.8119178737472301 0
0.2109375000000019 0.8524733895085462 0
0.2031250000000019 0.8659992811498729 0
0.4609375000000017 0.6630506997724603 0
0.4765625000000018 0.6630506997724602 0
0.2343750000000019 0.7577722283113839 0
0.2265625000000019 0.7442405813772521 0
0.2890625000000017 0.717177287508988 0
0.2734375000000017 0.7171772875089881 0
0.3125000000000017 0.7307089344431199 0
0.3203125000000017 0.7442405813772517 0
0.1328146842273954 0.09472026747464851 0
0.1250054195115825 0.08118675264832026 0
0.5625000000000008 0.5142025834970092 0
0.5703125000000009 0.527734230431141 0
0.5546875000000009 0.5277342304311412 0
0.5781250000000009 0.5412658773652729 0
0.585937500000001 0.5547975242994047 0
0.570312500000001 0.5547975242994048 0
0.6093750000000009 0.5412658773652727 0
0.617187500000001 0.5547975242994044 0
0.601562500000001 0.5547975242994045 0
0.6250000000000008 0.5142025834970089 0
0.6328125000000009 0.5277342304311406 0
0.6171875000000009 0.5277342304311408 0
0.6562500000000014 0.6224557589700634 0
0.6640625000000016 0.6359874059041952 0
0.6484375000000016 0.6359874059041953 0
0.7031250000000011 0.5953924651017993 0
0.7109375000000013 0.6089241120359311 0
0.6406250000000003 0.3788861141556905 0
0.6484375000000002 0.3653544672215586 0
0.7187499999999998 0.2976962325508988 0
0.7265625 0.3112278794850306 0
0.7109375 0.3112278794850307 0
0.695312500000002 0.7171772875089861 0
0.734375000000002 0.7036456405748541 0
0.7421875000000021 0.717177287508986 0
0.7265625000000021 0.7171772875089861 0
0.5156250000000013 0.5953924651018007 0
0.5078125000000012 0.5818608181676689 0
0.5234375000000012 0.5818608181676688 0
0.765625000000002 0.7036456405748538 0
0.7734375000000021 0.7171772875089858 0
0.7578125000000021 0.7171772875089859 0
0.7499999999999993 0.243569644814371 0
0.7578124999999994 0.2571012917485028 0
0.7421874999999994 0.257101291748503 0
0.765624999999999 0.2165063509461072 0
0.7734374999999991 0.2300379978802389 0
0.7578124999999991 0.230037997880239 0
0.796875000000002 0.7036456405748536 0
0.8046875000000021 0.7171772875089854 0
0.7890625000000021 0.7171772875089855 0
0.7578124999999988 0.2029747040119754 0
0.7421874999999988 0.2029747040119756 0
0.796874999999999 0.2165063509461068 0
0.8046874999999991 0.2300379978802386 0
0.7890624999999991 0.2300379978802387 0
0.8046875000000022 0.744240581377249 0
0.812500000000001 0.4600759957604802 0
0.8046875000000011 0.4736076426946123 0
0.828124999999999 0.2165063509461065 0
0.8359374999999991 0.2300379978802383 0
0.8203124999999991 0.2300379978802384 0
0.8203125000000019 0.6901139936407215 0
0.8046875000000019 0.6901139936407217 0
0.828125000000002 0.7036456405748532 0
0.8359375000000021 0.717177287508985 0
0.8203125000000021 0.7171772875089852 0
0.8437500000000021 0.7307089344431168 0
0.8515625000000022 0.7442405813772486 0
0.8359375000000023 0.7442405813772488 0
0.8281250000000016 0.6495190528383259 0
0.8359375000000018 0.6630506997724577 0
0.8515624999999996 0.2571012917485017 0
0.8437499999999993 0.2435696448143699 0
0.8359375000000027 0.7983671691137763 0
0.3203125000000011 0.6089241120359332 0
0.3125000000000011 0.622455758970065 0
0.3046875000000011 0.6089241120359332 0
0.3671875000000015 0.7171772875089878 0
0.3828125000000014 0.6901139936407241 0
0.3359375000000016 0.7442405813772517 0
0.3437500000000016 0.7307089344431198 0
0.3750000000000018 0.7848355221796472 0
0.1875000000000018 0.7848355221796475 0
0.1796875000000019 0.7713038752455157 0
0.156250000000002 0.73070893444312 0
0.1406250000000013 0.5953924651018021 0
0.7890625000000033 0.8524937568503043 0
0.8046875000000036 0.852493756850304 0
0.8281250000000036 0.8660184974330694 0
0.8359375000000038 0.8795501443672011 0
0.8203125000000039 0.8795570507185675 0
0.7812500000000034 0.8930886976527002 0
0.1171837723659918 0.7440803618906832 0
0.7812500000000018 0.5683291712335353 0
0.7734375000000017 0.5547975242994035 0
0.5234374999999997 0.1217848224071857 0
0.8281250000000002 0.3247595264191613 0
0.8203125000000001 0.3112278794850295 0
0.8359375 0.3112278794850293 0
0.4921875000000014 0.6089241120359327 0
0.5078125000000013 0.6089241120359326 0
0.3750000000000018 0.8389621099161746 0
0.3671875000000018 0.8254304629820428 0
0.1718750000000021 0.9199033628717841 0
0.1640625000000021 0.906620344586834 0
0.5390625000000009 0.906620344586834 0
0.5312500000000011 0.8930886976527022 0
0.6953125000000013 0.9063717159376519 0
0.109464222815713 0.9196648089310741 0
0.1016389766991829 0.9064158697805111 0
0.7187500000000011 0.5683291712335355 0
0.7109375000000011 0.5818608181676674 0
0.6250000000000004 0.4600759957604814 0
0.6171875000000003 0.4465443488263497 0
0.6328125000000003 0.4465443488263495 0
0.2421875000000018 0.6901139936407245 0
0.6093749999999999 0.2165063509461084 0
0.5703124999999998 0.2300379978802404 0
0.8437343676047253 0.4059584333915723 0
0.8515475300679891 0.41948969785236 0
0.5546875000000004 0.9334350098059161 0
0.5390625000000003 0.9336836384550978 0
0.5468750000000008 0.9199033628717841 0
0.4531250000000008 0.5412658773652738 0
0.460937500000001 0.5547975242994055 0
0.4453125000000009 0.5547975242994057 0
0.4062500000000011 0.5683291712335379 0
0.3984375000000009 0.5547975242994061 0
0.4140625000000009 0.554797524299406 0
0.08593242627593256 0.7440225048538669 0
0.1015581510936568 0.7440536586429218 0
0.8828125000000019 0.6630506997724576 0
0.8750000000000018 0.6765823467065893 0
0.4140625000000022 0.2841645856167697 0
0.4062500000000025 0.2976962325509016 0
0.3984375000000024 0.2841645856167699 0
0.445312500000003 0.3653544672215601 0
0.4296875000000031 0.3653544672215601 0
0.4375000000000034 0.3518228202874284 0
0.8671875000000042 0.9062819333698888 0
0.210937500000002 0.9062819333698924 0
0.2031250000000021 0.9196063897630393 0
0.2421875000000019 0.9062051641586416 0
0.226562500000002 0.906266969608599 0
0.7656250000000018 0.5953924651017991 0
0.7734375000000018 0.5818608181676672 0
0.5625000000000014 0.622455758970064 0
0.5546875000000016 0.6359874059041959 0
0.5468750000000017 0.6495190528383278 0
0.5390625000000016 0.635987405904196 0
0.4218750000000017 0.8118988160479108 0
0.4140625000000017 0.798367169113779 0
0.4140625000000014 0.6630506997724605 0
0.2734375000000014 0.635987405904197 0
0.9140625000000018 0.6901139936407213 0
0.8984375000000018 0.6901139936407212 0
0.906250000000002 0.6765823467065895 0
0.8203072680426008 0.3924207817618338 0
0.8359214940190585 0.3924270021472259 0
0.2656250000000018 0.8660050364426781 0
0.5546875000000006 0.4736076426946138 0
0.5625000000000006 0.4600759957604819 0
0.2421874999999999 0.013531646934132 0
0.2578125 0.01353164693413189 0
0.3046875 0.01353164693413184 0
0.3203124999999999 0.01353164693413189 0
0.3671874999999999 0.01353164693413189 0
0.3828125 0.01353164693413189 0
0.5312499999999998 0.02706329386826362 0
0.5234374999999999 0.01353164693413178 0
0.5390625 0.01353164693413184 0
0.6874999999999993 0.02706329386826328 0
0.6796874999999998 0.01353164693413178 0
0.6953124999999996 0.01353164693413156 0
0.9062499999999996 0.02706329386826334 0
0.8984374999999996 0.01353164693413156 0
0.9140625 0.01353164693413178 0
0.9842290809550469 0.1011322882593797 0
0.9865158598121256 0.1641447840982203 0
0.9732692533555385 0.1568259886875416 0
0.9866070563947906 0.1953016663475571 0
0.9731229162069163 0.1875714504457774 0
0.9865158598121256 0.1797697840982203 0
0.9845169375065914 0.2583680946416455 0
0.9712203659618623 0.2502329030478027 0
0.986078683832084 0.3206816732197226 0
0.9729558912302603 0.3135773296961751 0
0.9864683530658682 0.3828125 0
0.9863160203659034 0.444577198917018 0
0.9842722715992241 0.4771051357447931 0
0.9705882919651275 0.4685573346618111 0
0.9863160203659034 0.460202198917018 0
0.9877970598397038 0.5395113669462408 0
0.9753501377039782 0.5326125465324015 0
0.9840020720101932 0.6954597422694688 0
0.970041975901631 0.686601731154742 0
0.9862789625898665 0.758862110761764 0
0.9842314743780515 0.9135222118673656 0
0.4609410092746373 0.9861361671549682 0
0.4704355994398495 0.9707494431632584 0
0.01418167264462261 0.8812621158875181 0
0.01396433033870631 0.8662364622141047 0
0.02832700581070335 0.7792214272624769 0
0.01346453524940444 0.788872738337326 0
0.01486247056129886 0.771598688925151 0
0.02980859059664454 0.3435927235360042 0
0.01403778928443133 0.3520890607533336 0
0.0157708013122132 0.3352536627826706 0
0.02501349143122006 0.279755953865118 0
0.01264743070758367 0.2879106540809273 0
0.01236606072363639 0.2730952997841908 0
0.9600014050684575 0.2110226315662299 0
0.9733104848500617 0.2184164747537143 0
0.9600977771289378 0.22633577362483 0
0.2031252153599633 0.054126463398395 0
0.1953127153599638 0.04059481646426266 0
0.08567555107012048 0.094747992100078 0
0.1640629599133777 0.1217845568760744 0
0.1718750756912785 0.1623797195092023 0
0.1953126103444647 0.1217847586997807 0
0.1796876725277081 0.1217847227982682 0
0.2265625073129894 0.1759114059215581 0
0.218750008384282 0.1894430522371789 0
0.2421875004864907 0.2571012914676299 0
0.234375000292422 0.2706329385138074 0
0.2265625005841845 0.2571012914112263 0
0.2734375000304391 0.3112278794674589 0
0.2656250000182701 0.3247595264086164 0
0.2578125000365317 0.3112278794639413 0
0.2890625000076111 0.3382911733489021 0
0.2812500000045676 0.3518228202847912 0
0.2734375000091339 0.3382911733480231 0
0.2421875000018823 0.3653544672204735 0
0.3125000000002863 0.405949408023791 0
0.2734375000001812 0.4194810549579832 0
0.2890625000000522 0.4465443488263213 0
0.3437500000000185 0.4600759957604725 0
0.3359375000000363 0.4465443488263305 0
0.335937500000016 0.4736076426946058 0
0.3203125000000135 0.4736076426946073 0
0.3750000000000084 0.4600759957604782 0
0.4062500000000029 0.4600759957604812 0
0.3984375000000031 0.4736076426946131 0
0.3828125000000038 0.4736076426946128 0
0.4375000000000012 0.4600759957604821 0
0.4687500000000007 0.4600759957604822 0
0.4609375000000007 0.4736076426946141 0
0.4453125000000008 0.4736076426946141 0
0.5078125000000006 0.4465443488263503 0
0.4921875000000007 0.4194810549580868 0
0.5078125000000004 0.4194810549580866 0
0.5390625000000006 0.4465443488263502 0
0.5234375000000006 0.4465443488263502 0
0.4843750000000007 0.4871392896287459 0
0.5312500000000008 0.5142025834970094 0
0.5390625000000009 0.5277342304311412 0
0.5625000000000011 0.5683291712335367 0
0.5546875000000012 0.5818608181676685 0
0.5468750000000013 0.5953924651018004 0
0.5390625000000012 0.5818608181676687 0
0.5937500000000011 0.5683291712335364 0
0.5859375000000009 0.527734230431141 0
0.6015625000000009 0.5277342304311409 0
0.6015625000000012 0.5818608181676682 0
0.5234375000000003 0.3924177610898228 0
0.5625000000000004 0.4059494080239545 0
0.6484375000000009 0.5277342304311405 0
0.6328125000000013 0.6089241120359318 0
0.6250000000000014 0.6224557589700637 0
0.6406250000000012 0.5953924651017999 0
0.6328125000000016 0.6359874059041954 0
0.6796875000000016 0.6359874059041951 0
0.6718750000000017 0.649519052838327 0
0.6640625000000013 0.6089241120359316 0
0.6796875000000017 0.6630506997724588 0
0.5859375000000001 0.3112278794850314 0
0.59375 0.2976962325508996 0
0.2812500000000125 0.4600759957604761 0
0.6562500000000002 0.3518228202874267 0
0.6875000000000002 0.3518228202874265 0
0.6796875000000003 0.3653544672215583 0
0.6718750000000004 0.3788861141556902 0
0.6640625000000002 0.3653544672215585 0
0.6796875 0.311227879485031 0
0.6953125 0.3112278794850308 0
0.7109375000000019 0.6901139936407223 0
0.7031250000000019 0.7036456405748542 0
0.7265625000000017 0.6630506997724586 0
0.7187500000000018 0.6765823467065905 0
0.7421875 0.3112278794850305 0
0.7031249999999996 0.2706329386826353 0
0.7109374999999998 0.2841645856167671 0
0.7187500000000022 0.730708934443118 0
0.710937500000002 0.717177287508986 0
0.7421875000000003 0.3653544672215579 0
0.7343750000000004 0.3788861141556898 0
0.7265625000000004 0.365354467221558 0
0.7499999999999998 0.2976962325508986 0
0.7812499999999993 0.2435696448143707 0
0.7734374999999988 0.2029747040119753 0
0.7890624999999989 0.202974704011975 0
0.8125000000000022 0.7307089344431171 0
0.8124999999999993 0.2435696448143703 0
0.7968750000000013 0.4871392896287441 0
0.7890625000000011 0.4736076426946124 0
0.7734375000000014 0.5277342304311399 0
0.8359375000000016 0.5277342304311394 0
0.8281250000000017 0.5412658773652714 0
0.8281250000000023 0.7577722283113808 0
0.8203125000000022 0.744240581377249 0
0.8437500000000018 0.6765823467065895 0
0.8515625000000023 0.7713038752455124 0
0.8437500000000024 0.7848355221796444 0
0.8359375000000024 0.7713038752455126 0
0.3046875000000022 0.5006709365628776 0
0.2578125000000019 0.5006709365628779 0
0.2890625000000013 0.5277342304311419 0
0.242187500000001 0.5277342304311423 0
0.2500000000000012 0.5142025834970102 0
0.2812500000000009 0.5683291712335378 0
0.2421875000000011 0.5818608181676697 0
0.296875000000001 0.5953924651018014 0
0.289062500000001 0.5818608181676695 0
0.4296875000000016 0.7442405813772515 0
0.4218750000000016 0.7577722283113834 0
0.4609375000000016 0.7713038752455152 0
0.4921875000000015 0.798367169113779 0
0.5156250000000014 0.8118988160479109 0
0.5078125000000016 0.798367169113779 0
0.5312500000000014 0.8389621099161746 0
0.5234375000000014 0.8254304629820428 0
0.2343750000000018 0.8118988160479111 0
0.2421875000000019 0.7983671691137794 0
0.5546875000000014 0.798367169113779 0
0.4531250000000016 0.7036456405748559 0
0.1875000000000008 0.5142025834970106 0
0.1953125000000009 0.5277342304311424 0
0.195312500000001 0.5547975242994061 0
0.1875000000000012 0.568329171233538 0
0.179687500000001 0.5547975242994062 0
0.5546875 0.2841645856167679 0
0.5078125 0.284164585616768 0
0.5 0.2435696448143725 0
0.4765625000000001 0.2300379978802408 0
0.4843749999999999 0.2165063509461089 0
0.4921874999999999 0.2300379978802406 0
0.2109375000000007 0.4736076426946149 0
0.1484375000000008 0.4736076426946152 0
0.1562500000000008 0.4600759957604833 0
0.8203125000000017 0.5547975242994032 0
0.8593750000000017 0.5412658773652712 0
0.8515625000000016 0.5277342304311394 0
0.1796875000000013 0.5818608181676699 0
0.4921874999999998 0.1488481162754495 0
0.8593749999999997 0.2706329386826336 0
0.8359374999999998 0.2841645856167656 0
0.8827231633772743 0.7171328720481764 0
0.8749106633772744 0.7306645189823084 0
0.8829316109390666 0.1751785864306565 0
0.8757350353522422 0.1890658374905357 0
0.8665715755868233 0.1755558060179634 0
0.4843750000000013 0.8659839656762413 0
0.1328125000000007 0.4465443488263516 0
0.1484375000000007 0.4465443488263515 0
0.1718750000000045 0.4330127018922174 0
0.1484375000000014 0.6089241120359339 0
0.1328125000000014 0.608924112035934 0
0.8515625000000028 0.8254304629820397 0
0.8203125000000034 0.8524937568503039 0
0.781250000000003 0.8389621099161727 0
0.1406250000000021 0.8660254037844386 0
0.148437500000002 0.8524937568503068 0
0.5859375000000013 0.7713038752455152 0
0.7656250000000016 0.5412658773652718 0
0.6171875000000007 0.500670936562877 0
0.6249999999999994 0.1353164693413173 0
0.1328125000000009 0.5277342304311428 0
0.6718750000000016 0.866025403784438 0
0.6640625000000016 0.8524937568503062 0
0.2031250000000019 0.7036456405748563 0
0.1953125000000019 0.7171772875089882 0
0.1796875000000019 0.6901139936407246 0
0.1875000000000019 0.6765823467065927 0
0.1953125000000019 0.6901139936407246 0
0.102043035879725 0.6089556196265627 0
0.109732049273375 0.5953526776670135 0
0.1173109866063514 0.6089954070613516 0
0.8746306008926044 0.2976957445500545 0
0.8671874999999998 0.2841645856167653 0
0.8671875000000001 0.311227879485029 0
0.8593750000000002 0.3247595264191609 0
0.8515625000000001 0.3112278794850292 0
0.1250000000000006 0.4059494080239561 0
0.1015625000000007 0.4465443488263518 0
0.1171875000000007 0.4465443488263517 0
0.6640625000000016 0.8254304629820425 0
0.6718750000000016 0.8118988160479106 0
0.7109375000000016 0.8524843565387243 0
0.8046875000000001 0.3112278794850297 0
0.8824198986498094 0.3385178418485096 0
0.8746073986498096 0.3520494887826415 0
0.8671875000000004 0.3382911733532927 0
0.5390625000000013 0.6089241120359323 0
0.5312500000000014 0.6224557589700642 0
0.5234375000000013 0.6089241120359324 0
0.5234375000000016 0.6359874059041961 0
0.5156250000000017 0.6495190528383281 0
0.6953125000000011 0.5818608181676675 0
0.3906250000000018 0.8660254037844383 0
0.3828125000000018 0.8524937568503064 0
0.3593750000000019 0.8660184974330721 0
0.4140625000000018 0.8795570507185702 0
0.3984375000000018 0.8795570507185702 0
0.1250000000000005 0.3518228202874286 0
0.1796875000000005 0.3653544672215603 0
0.1718750000000006 0.3788861141556922 0
0.3515625000000019 0.9063717159376521 0
0.1015625000000006 0.3382911733532966 0
0.1093750000000007 0.3247595264191648 0
0.1171875000000006 0.3382911733532967 0
0.1406250000011293 0.3247595264185132 0
0.1328125000000007 0.3112278794850331 0
0.8975759581481926 0.3658518786416156 0
0.8823544650914446 0.3656189137993094 0
0.7265624999999972 0.1217848224071846 0
0.6406250000000002 0.4330127018922176 0
0.7890625000000018 0.5818608181676671 0
0.4453124999999996 0.1217848224071865 0
0.3828124999999996 0.1217848224071877 0
0.3906249999999993 0.1082531754730557 0
0.3515625000000011 0.2029747040119796 0
0.3750000000000019 0.2435696448143747 0
0.8515386136020533 0.09470773772063645 0
0.913220162868274 0.3927689487043289 0
0.8905902841025132 0.4330327451249749 0
0.07166694317004596 0.3382343306828098 0
0.08633372034154796 0.3380624154324458 0
0.1093750000000009 0.2706329386826374 0
0.1171875000000008 0.2841645856167693 0
0.7031250000000013 0.919613296114405 0
0.8203125000000004 0.3382911733532932 0
0.8046875000000007 0.3382911733532935 0
0.8984375000000021 0.6089241120359301 0
0.9317059867504869 0.5810462014762605 0
0.4453125000000008 0.5277342304311419 0
0.3828125000000009 0.5547975242994062 0
0.4140625000000008 0.5277342304311422 0
0.5937500000000004 0.4600759957604816 0
0.6953125000000007 0.5006709365628765 0
0.5546875000000014 0.7442405813772515 0
0.5625000000000014 0.7307089344431195 0
0.5468750000000014 0.7577722283113832 0
0.7109375000000009 0.5277342304311401 0
0.703125000000001 0.541265877365272 0
0.2500000000000017 0.6765823467065926 0
0.4299516760877847 0.9079647595962466 0
0.4215033858174981 0.9211293328466802 0
0.3984375000000029 0.3112278794850336 0
0.3906250000000029 0.3247595264191654 0
0.3828125000000027 0.3112278794850337 0
0.4140625000000034 0.3382911733532968 0
0.4062500000000036 0.3518228202874287 0
0.3984375000000033 0.3382911733532971 0
0.445312500000003 0.3382911733532966 0
0.4296875000000031 0.3382911733532967 0
0.8593750000000044 0.9196063897630362 0
0.304687500000002 0.906266969608599 0
0.3125000000000019 0.892990857675015 0
0.3203125000000019 0.8794963270505013 0
0.07030804754826758 0.7440492081016286 0
0.5390625000000017 0.6630506997724597 0
0.5312500000000017 0.6765823467065917 0
0.7578125000000017 0.6089241120359309 0
0.6718750000000009 0.5412658773652722 0
0.1640771174490056 0.6630462212190892 0
0.1796875000000018 0.6630506997724609 0
0.1484375005301574 0.2571012914424194 0
0.1562500010862653 0.2435696441872183 0
0.9143243862512955 0.8257096332647589 0
0.9291539544332 0.6900638212094936 0
0.9213414544331998 0.7035954681436254 0
0.7500000000000018 0.7848355221796465 0
0.2109375000000012 0.5818608181676698 0
0.2031250000000013 0.5953924651018017 0
0.1953125000000013 0.5818608181676698 0
0.2421875000001379 0.4194810549580081 0
0.2500000000002696 0.4059494080238002 0
0.2578125000001468 0.419481054958003 0
0.6796875000000004 0.4194810549580856 0
0.6875000000000004 0.4059494080239537 0
0.4765625000000009 0.5547975242994054 0
0.4843750000000016 0.7036456405748558 0
0.5703125000000013 0.6089241120359321 0
0.5546875000000013 0.6089241120359322 0
0.367187500000001 0.5818608181676697 0
0.3515625000000009 0.5818608181676697 0
0.9595445612398061 0.1798492244605124 0
0.9599570309732693 0.164539142173753 0
0.9334917727025579 0.1960300925066146 0
0.9464230501013473 0.203300405580965 0
0.6640624999999993 0.04059494080239517 0
0.6562499999999998 0.0270632938682635 0
0.2109375388084008 0.1488480938694099 0
0.2265625037503632 0.202974701846705 0
0.2343750018773175 0.2165063498622405 0
0.1953125010433898 0.2571012911461041 0
0.1875000013373281 0.2435696440422668 0
0.2578125000007738 0.3924177610893772 0
0.1796875000000006 0.392417761089824 0
0.09420886019508767 0.8933536207098554 0
0.3749999999999998 0.1353164693413198 0
0.3437500000015008 0.2435696448135096 0
0.3750000000000028 0.2976962325509021 0
0.3671875000000026 0.2841645856167704 0
0.3828125000000026 0.2841645856167702 0
0.3828125000000031 0.3382911733532972 0
0.8981084852722325 0.771187425340182 0
0.8826733856057732 0.7712690617747833 0
0.8904350996664611 0.757690591876779 0
0.1015625 0.01353164693413189 0
0.1796875663809362 0.01353160860908043 0
0.1640625663809362 0.01353160860908043 0
0.2109374999999999 0.01353164693413195 0
0.1953124999999999 0.01353164693413195 0
0.2734375 0.01353164693413189 0
0.3359374999999999 0.01353164693413189 0
0.3984375 0.01353164693413189 0
0.4921874999999997 0.01353164693413172 0
0.5546875 0.01353164693413184 0
0.6484375 0.01353164693413178 0
0.6328125 0.01353164693413178 0
0.7109374999999996 0.01353164693413156 0
0.7734374999999993 0.01353164693413123 0
0.7578124999999993 0.01353164693413123 0
0.8671874999999996 0.01353164693413167 0
0.8515624999999996 0.01353164693413167 0
0.9296875 0.01353164693413178 0
0.9866070563947906 0.2109266663475571 0
0.01570387481531232 0.913610638868935 0
0.01570387481531232 0.929235638868935 0
0.01396433033870631 0.8506114622141047 0
0.01486247056129886 0.755973688925151 0
0.01353164693413189 0.6953125 0
0.01353164693413189 0.7109375 0
0.01423141505325953 0.6343761429343984 0
0.01423141505325953 0.6500011429343984 0
0.01291987556683249 0.5859223211455284 0
0.0141752587510634 0.4771548477775889 0
0.0141752587510634 0.4927798477775889 0
0.01485652786976344 0.4164706212609074 0
0.01485652786976344 0.4320956212609074 0
0.0157708013122132 0.3196286627826706 0
0.01236606072363639 0.2574702997841908 0
0.01353164693413189 0.2109375 0
0.01387029809429252 0.1012282817597111 0
0.01387029809429252 0.1168532817597111 0
0.01407455334194013 0.04111221849866176 0
0.01407455334194013 0.05673721849866176 0
0.1093998312167055 0.05411225142687831 0
0.1015837839000333 0.04058265253698201 0
0.5937500000000002 0.4059494080239544 0
0.6015625000000002 0.4194810549580862 0
0.5859375000000004 0.4194810549580862 0
0.4921875000000016 0.7171772875089877 0
0.1019790574856038 0.5818143994937501 0
0.5234375000000003 0.9336836384550975 0
0.06810066186342123 0.2033746823604639 0
0.08599903726477454 0.2030102325683601 0
0.07597469912819466 0.2169418578509779 0
0.3046875000000024 0.9333866653463532 0
0.2890625000000024 0.9333761139762105 0
0.2968750000000021 0.9195474939333335 0
0.08601397669918281 0.9334791636487749 0
0.07127840318389983 0.9337932712153605 0
0.07916737988308076 0.9200571494749057 0
0.04186981290049041 0.8042932982241673 0
0.04173275225447726 0.8197147718774813 0
0.02679200985279573 0.8119169503279657 0
0.09387770340019963 0.02698956427578203 0
0.08606520340019963 0.01345791734165014 0
0.2968750000082558 0.3247595264143983 0
0.3046875000036895 0.3382911733511664 0
0.35156250000001 0.4736076426946092 0
0.4765625000000007 0.4736076426946141 0
0.5156250000000006 0.4330127018922184 0
0.5703125000000004 0.4194810549580863 0
0.5546875000000004 0.4194810549580864 0
0.6328125 0.3112278794850314 0
0.2421875000007649 0.3924177610893824 0
0.7578125000000004 0.3653544672215578 0
0.7656250000000004 0.3788861141556896 0
0.5781250000000004 0.4330127018922181 0
0.2890625000000015 0.6630506997724607 0
0.2812500000000016 0.6765823467065926 0
0.5000000000000003 0.2976962325509001 0
0.4921875000000003 0.2841645856167683 0
0.5390624999999999 0.2571012917485043 0
0.4765625000000007 0.2841645856167684 0
0.6718749999999998 0.2706329386826355 0
0.6640624999999998 0.2571012917485037 0
0.6796874999999997 0.2571012917485036 0
0.1562507917196077 0.02706283676873522 0
0.1640633710962924 0.04059443787471673 0
0.7578125 0.3112278794850303 0
0.07788337645851151 0.4870076567892834 0
0.07007087645851146 0.4734760098551516 0
0.08593750000000089 0.4736076426946156 0
0.07003060586826337 0.5005173649168381 0
0.04687038260467485 0.5417561160979394 0
0.03882870112503239 0.5284029055756417 0
0.2343750000000308 0.4330127018922019 0
0.2265625000001535 0.4194810549579991 0
0.6171875000000002 0.3924177610898225 0
0.6015625000000002 0.3924177610898225 0
0.6093750000000003 0.3788861141556906 0
0.2265624999999999 0.013531646934132 0
0.2890625 0.01353164693413184 0
0.3515624999999999 0.01353164693413189 0
0.5078124999999999 0.01353164693413178 0
0.4999999999999996 0.0270632938682635 0
0.6640624999999998 0.01353164693413178 0
0.8828124999999996 0.01353164693413156 0
0.8749999999999992 0.02706329386826323 0
0.9452462911049864 0.01323081320399733 0
0.9374337911049863 0.02676246013812911 0
0.01418167264462261 0.8968871158875181 0
0.01332747460339129 0.8355442119906399 0
0.0272918049420976 0.8424056742047445 0
0.01353164693413184 0.3984375 0
0.02838817480389522 0.4086581212609074 0
0.01264743070758367 0.3035356540809273 0
0.01343145184217254 0.2416874673404461 0
0.02579751256580892 0.2491577671246369 0
0.1171951858527898 0.06765379724148229 0
0.1328173282921372 0.0676554470548944 0
0.1484391450133642 0.09472057879001455 0
0.1171885851011961 0.1217841959237191 0
0.1718754406901288 0.1082529210404906 0
0.1328127549477573 0.1488479690812942 0
0.210937507740998 0.2029746995427106 0
0.2031250000000009 0.5412658773652743 0
0.1406982371343911 0.7033823512562596 0
0.1484479624477719 0.7171396747491886 0
0.8202937827382755 0.1217740159910894 0
0.4296874999999996 0.1217848224071868 0
0.3671875000000001 0.1488481162754519 0
0.3437500000000009 0.1894430570778478 0
0.8046850245757213 0.09472009935204773 0
0.8124955380320276 0.08118730548637981 0
0.1875000000000004 0.3518228202874284 0
0.08636826085341553 0.2302866977749169 0
0.1016240372647745 0.2300735264366239 0
0.09411922358864205 0.2437828161526667 0
0.2421874999999989 0.09472152853892424 0
0.2578124999999988 0.09472152853892429 0
0.08589722940975286 0.500648997756302 0
0.7421874712280205 0.04059492419088517 0
0.7343749718971359 0.05412657151133088 0
0.08608648730023288 0.04050892294450026 0
0.5312499999999998 0.1894430570778449 0
0.5390624999999998 0.2029747040119768 0
0.5781249999999998 0.1623797632095811 0
0.5859374999999998 0.1759114101437129 0
0.5703124999999998 0.175911410143713 0
0.5703124999999997 0.1488481162754492 0
0.5859374999999997 0.1488481162754492 0
0.3359375000000007 0.1759114101437161 0
0.4531250000000017 0.6495190528383286 0
0.9287537557835164 0.1234256506731319 0
0.2968749999999988 0.1082531754730565 0
0.2890624999999987 0.09472152853892446 0
0.06250014004966764 0.135316388483605 0
0.1875000663809361 0.02706325554321243 0
0.1484395856908212 0.06765703049650246 0
0.1796875371247499 0.1759113887097299 0
0.1953125093212371 0.2029746986303592 0
0.1796875157489918 0.2029746949192933 0
0.1875000188026715 0.1894430462221186 0
0.2109375023347595 0.2300379965322676 0
0.1953125039149985 0.2300379956199162 0
0.2031250046873183 0.2165063482398853 0
0.5703125000000007 0.5006709365628773 0
0.6640625 0.3112278794850311 0
0.7265624999999994 0.2571012917485032 0
0.7421875000000006 0.3924177610898216 0
0.7265625000000007 0.3924177610898217 0
0.8359374999999989 0.2029747040119746 0
0.5000000000000014 0.8389552035648085 0
0.5078125000000014 0.8254304629820428 0
0.164062500000001 0.5547975242994063 0
0.5234374999999998 0.1759114101437131 0
0.6015624999999998 0.1759114101437129 0
0.6328124999999993 0.1488481162754491 0
0.6171874999999996 0.1488481162754491 0
0.8437499999999999 0.2976962325508974 0
0.8515625000000004 0.3382911733532928 0
0.8359375000000003 0.338291173353293 0
0.4453125000000012 0.5818608181676694 0
0.4609375000000012 0.5818608181676692 0
0.4531250000000013 0.5953924651018012 0
0.09375000000000078 0.4600759957604837 0
0.7109375000000011 0.5547975242994038 0
0.3906250000000022 0.2706329386826382 0
0.4296875000000009 0.5547975242994059 0
0.4375000000000011 0.5683291712335377 0
0.4296875000000008 0.5277342304311421 0
0.4218750000000008 0.5412658773652741 0
0.7031250000000007 0.4871392896287446 0
0.8046858891646389 0.06765730465442898 0
0.8203081615447305 0.06765572986234053 0
0.4140625000000027 0.3112278794850333 0
0.4296875000000024 0.3112278794850332 0
0.4218750000000029 0.3247595264191651 0
0.6328125000000012 0.7442405813772511 0
0.3828124999999989 0.06765823467066012 0
0.7734375000000018 0.6089241120359309 0
0.5546875000000006 0.4465443488263501 0
0.5703125000000004 0.44654434882635 0
0.07044020340019963 0.01345791734165014 0
0.9608712911049864 0.01323081320399733 0
0.01332747460339129 0.8199192119906399 0
0.01346453524940444 0.804497738337326 0
0.01353164693413184 0.3828125 0
0.01403778928443133 0.3677140607533336 0
0.01343145184217254 0.2260624673404461 0
0.07031204049032141 0.04041083467869905 0
0.1718750057586108 0.2165063476213744 0
0.2421875007129046 0.2300379974686465 0
0.2265625019426663 0.2300379967586427 0
0.7187499999999993 0.2435696448143715 0
0.1640625031809404 0.230037996043725 0
0.3046875000000012 0.635987405904197 0
0.2968750000000016 0.7036456405748562 0
0.2890625000000016 0.6901139936407243 0
0.3828125000000012 0.6630506997724603 0
0.3750000000000013 0.6765823467065922 0
0.1875000000000019 0.7307089344431201 0
0.5624999999999997 0.1353164693413174 0
0.8515624999999998 0.2841645856167654 0
0.8893245538722945 0.3251858799341597 0
0.8967444525221037 0.3389441953635085 0
0.1250000000000008 0.2976962325509012 0
0.9212732470205769 0.486828092973643 0
0.9286183201343499 0.5000898708691851 0
0.7968750000000003 0.3247595264191617 0
0.6328125 0.23003799788024 0
0.625 0.2435696448143719 0
0.6171875 0.2300379978802402 0
0.6796875000000004 0.392417761089822 0
0.6953125000000004 0.3924177610898218 0
0.2187500011703465 0.2435696441386737 0
0.3515625000000015 0.7171772875089879 0
0.2890625000000019 0.825430462982043 0
0.2968750000000019 0.8118988160479111 0
0.4843749999999999 0.1623797632095815 0
0.4765625000000016 0.6359874059041966 0
0.4609375000000016 0.6359874059041967 0
0.3515625000000019 0.8524868504989402 0
0.3671875000000019 0.8524937568503064 0
0.3281250000000001 0.1623797632095842 0
0.4140625000000013 0.2300379978802422 0
0.4453124999999986 0.06765823467065901 0
0.4531249999999987 0.05412658773652712 0
0.1796875000067725 0.3382911733493868 0
0.7109374999999967 0.09472152853892135 0
0.7187499999999963 0.08118988160478946 0
0.3359374999999989 0.06765823467066068 0
0.4296875000000017 0.8254304629820427 0
0.1485485009215394 0.6629583608625889 0
0.09376977550957333 0.1894454563428865 0
0.2734374999999987 0.09472152853892446 0
0.0705931195230155 0.1486861005182975 0
0.9713941449047677 0.282513751118098 0
0.9845169375065914 0.2739930946416455 0
0.986078683832084 0.3363066732197226 0
0.9728401488555427 0.4061526599570539 0
0.9864683530658682 0.3984375 0
0.4358424747572489 0.9709747099179247 0
0.4453160092746373 0.9861361671549682 0
0.4594282737811285 0.9588635203301056 0
0.4767318546717034 0.9573406291834274 0
0.9601945647045567 0.1493255626648541 0
0.960097600296076 0.3056576837543799 0
0.2109375009762777 0.2571012911848511 0
0.328125000000072 0.4330127018921782 0
0.3671875000000079 0.4736076426946104 0
0.4140625000000024 0.4194810549580867 0
0.4296875000000013 0.4194810549580871 0
0.2343750000009701 0.3788861141551321 0
0.2421875000000015 0.5006709365628782 0
0.4453125000000016 0.7442405813772515 0
0.4296875000000016 0.7713038752455152 0
0.4453125000000016 0.7713038752455151 0
0.4609375000000016 0.7171772875089878 0
0.4531250000000017 0.8118988160479108 0
0.2109375000000019 0.7713038752455157 0
0.2265625000000019 0.7713038752455157 0
0.1328125000000006 0.3924177610898242 0
0.1171875000000007 0.311227879485033 0
0.4921875000000018 0.6630506997724601 0
0.4843750000000017 0.6495190528383283 0
0.8437424793215036 0.08118553953903529 0
0.4687500000000011 0.5683291712335373 0
0.2656250000000017 0.7036456405748562 0
0.6484375 0.2571012917485037 0
0.05496797947334742 0.148686181376011 0
0.3046875000000017 0.7171772875089881 0
0.8515624999999988 0.1759114101437107 0
0.8437499999999988 0.1894430570778427 0
0.1953125000000019 0.7713038752455157 0
0.8515625000000018 0.5547975242994031 0
0.6015624999999997 0.1488481162754492 0
0.6093749999999996 0.162379763209581 0
0.6171874999999997 0.1759114101437128 0
0.7265624999999978 0.1488481162754484 0
0.3984375000000013 0.6630506997724605 0
0.132971658159155 0.689800456725427 0
0.6171874999999998 0.04059494080239523 0
0.2656249999999988 0.1082531754730562 0
0.04664727444618694 0.1639436433793675 0
0.03855429497283908 0.150573931344675 0
0.2812500000294238 0.2976962325339134 0
0.2890625000111622 0.3112278794785885 0
0.2890625000022838 0.3653544672202416 0
0.3203125000001436 0.4194810549580053 0
0.3593750000000054 0.4871392896287438 0
0.4765625000000007 0.419481054958087 0
0.351562500000005 0.5006709365628759 0
0.5468750000000004 0.4330127018922182 0
0.5234375000000009 0.5277342304311413 0
0.3125000000062809 0.2976962325472756 0
0.3203125000033745 0.3112278794830853 0
0.3046875000072405 0.3112278794808528 0
0.7265625000000018 0.6901139936407223 0
0.7734375000000004 0.3924177610898214 0
0.7578125000000004 0.3924177610898215 0
0.7265625000000008 0.4194810549580854 0
0.7421875000000008 0.4194810549580853 0
0.8437458913666717 0.4600783678810384 0
0.2890625000000011 0.6089241120359333 0
0.3359375000000014 0.6901139936407242 0
0.4531250000000016 0.7577722283113834 0
0.4765625000000016 0.7171772875089878 0
0.2265625000000019 0.8524745405671073 0
0.546875 0.270632938682636 0
0.1640625000000007 0.4465443488263515 0
0.328125000002792 0.3247595264175537 0
0.320312500002485 0.3382911733518625 0
0.8818143336563558 0.2306221483659655 0
0.6562500000000016 0.8389621099161744 0
0.6484375000000016 0.8524937568503062 0
0.6640625000000016 0.8795570507185699 0
0.8814608880933081 0.1480677627772792 0
0.4296875000000014 0.6089241120359332 0
0.4453125000000014 0.6089241120359331 0
0.4218750000000013 0.5953924651018014 0
0.4140625000000012 0.5818608181676697 0
0.4296875000000012 0.5818608181676695 0
0.1329002046940244 0.6359605345839668 0
0.1251234866063515 0.6225270539954834 0
0.1328125000000006 0.3382911733532968 0
0.1015625000000009 0.4736076426946155 0
0.6484375000000004 0.4736076426946131 0
0.6796875000000016 0.7983671691137788 0
0.9052489881112381 0.2416183037021424 0
0.8977155263952796 0.2573812513117176 0
0.7812500000000018 0.6224557589700626 0
0.8983481633772742 0.7171328720481766 0
0.8906250000000017 0.703645640574853 0
0.2578125000000018 0.8794524749167112 0
0.5859375000000004 0.4465443488263499 0
0.6015625000000004 0.4465443488263498 0
0.1249208763893653 0.7848337425234342 0
0.5546874999999996 0.09472152853892207 0
0.5390624999999996 0.09472152853892207 0
0.7421874759118295 0.06765822076334749 0
0.4453124999999989 0.04059494080239529 0
0.1562517020389566 0.08118889893214165 0
0.1640632851013908 0.09472107526042384 0
0.1250000000000008 0.4600759957604835 0
0.3671875000000019 0.9066203445868339 0
0.3828125000000021 0.2571012917485064 0
0.3671875000000021 0.2571012917485067 0
0.375000000000001 0.5683291712335379 0
0.101562500000001 0.2571012917485055 0
0.117187500000001 0.2571012917485057 0
0.2187500000000019 0.8389609588576137 0
0.2109375000000019 0.8254293119234819 0
0.2265625000000018 0.825430462982043 0
0.6328124999999994 0.1759114101437128 0
0.07812437872766714 0.7577455250636227 0
0.5078124999999993 0.06765823467065868 0
0.6171875000000002 0.4194810549580861 0
0.6093750000000003 0.4330127018922179 0
0.7187500000000002 0.3518228202874262 0
0.7578125000000007 0.4194810549580852 0
0.7500000000000007 0.4059494080239534 0
0.7734375000000009 0.4465443488263489 0
0.7656250000000009 0.433012701892217 0
0.8046874999999994 0.2571012917485023 0
0.7812500000000011 0.4600759957604806 0
0.5468749999999998 0.2165063509461086 0
0.5546874999999998 0.2300379978802405 0
0.8671220664416355 0.3653922453040925 0
0.6328125000000003 0.3924177610898223 0
0.6328125000000004 0.4736076426946133 0
0.6171874999999993 0.0947215285389218 0
0.08647283689426855 0.9066807928376643 0
0.9222812026581496 0.3786921482148485 0
0.9301892465296571 0.3920334969138046 0
0.9290857470205769 0.4732964460395113 0
0.07031250000000244 0.771303875245516 0
0.8828125000000018 0.6901139936407212 0
0.8671875000000018 0.6901139936407211 0
0.9057911398049177 0.8932365644489646 0
0.640625 0.2706329386826357 0
0.6328125 0.2571012917485038 0
0.2578124999999987 0.1217848224071879 0
0.9286179346968352 0.7168606223129078 0
0.9135264802636369 0.7169107947441355 0
0.3359375000001198 0.4194810549580191 0
0.7109374999999994 0.2571012917485034 0
0.7734374999999994 0.2571012917485026 0
0.226562500000466 0.3924177610895551 0
0.7187500000000007 0.4059494080239536 0
0.7734375000000007 0.4194810549580851 0
0.7890625000000009 0.4465443488263487 0
0.7968744353160104 0.4330130279126705 0
0.7890620841685558 0.4194812950384815 0
0.7890624999999994 0.2571012917485025 0
0.2421875000000019 0.7713038752455158 0
0.1328125000000021 0.7983671691137794 0
0.4921875000000007 0.3112278794850322 0
0.4765625000000001 0.2029747040119771 0
0.1796875000000046 0.4465443488263492 0
0.1484521174490054 0.6359829273508257 0
0.1562500000000016 0.6224557589700657 0
0.3593750000004532 0.270632938682378 0
0.1953125000000826 0.3924177610897766 0
0.1640625000517845 0.2841645855868719 0
0.086306723588642 0.2573144630867985 0
0.08000329788835736 0.2720192012943012 0
0.07256002147699836 0.2587007256984625 0
0.07313521688582358 0.2860828607679465 0
0.4531250000000022 0.3247595264191648 0
0.4453125000000021 0.3112278794850329 0
0.06846988545206217 0.2306511475670206 0
0.6250000000000002 0.4059494080239542 0
0.2187500000002127 0.4059494080238332 0
0.1822916666666684 0.9331699261767594 0
0.3984374999999989 0.06765823467065979 0
0.8203125000000018 0.6089241120359304 0
0.8125000000000017 0.6224557589700623 0
0.2500000000000019 0.8929371202929346 0
0.07173726337898556 0.9069949004042499 0
0.4140624999999989 0.06765823467065946 0
0.7265625000000016 0.8524835991406995 0
0.9596357578224711 0.1953811067098493 0
0.1250003930642373 0.1353162424055754 0
0.6484375 0.3112278794850313 0
0.7109375000000006 0.3924177610898217 0
0.8437500000000006 0.3518228202874247 0
0.3359375000000009 0.5818608181676695 0
0.2812500009887461 0.1894430565069955 0
0.08607933707512794 0.5276084132092509 0
0.09370301764471145 0.514176988222671 0
0.1640637257788478 0.06765752696691174 0
0.2812500000000012 0.6224557589700651 0
0.2734375000000012 0.6089241120359333 0
0.210937500000001 0.5547975242994061 0
0.2578125000000017 0.6901139936407245 0
0.1796875000585564 0.3112278794512257 0
0.1718750000079013 0.3247595264146033 0
0.6484374999999989 0.06765823467065851 0
0.6328124999999992 0.06765823467065851 0
0.2890625000000013 0.635987405904197 0
0.8593561341829395 0.4330235940767739 0
0.2109376188459468 0.06765816605492042 0
0.6484375000000013 0.6089241120359317 0
0.6953124999999994 0.2571012917485036 0
0.773437500000002 0.6901139936407219 0
0.7890625000000019 0.6901139936407217 0
0.8046869353160107 0.4465446748468023 0
0.8515625000000019 0.6901139936407212 0
0.8359375000000019 0.6901139936407213 0
0.8515625000000024 0.7983671691137761 0
0.2187500000000011 0.5683291712335379 0
0.8830666023481453 0.2028830101025741 0
0.6640625000000009 0.5277342304311404 0
0.5703124999999997 0.1217848224071856 0
0.8203125000000016 0.6359874059041941 0
0.7890625000000017 0.6359874059041943 0
0.8046875000000017 0.6359874059041942 0
0.6249999999999991 0.08118988160479013 0
0.6328124999999991 0.09472152853892185 0
0.8515625000000037 0.8795087062590039 0
0.5234375000000017 0.6630506997724599 0
0.5078125000000017 0.66305069977246 0
0.898437500000002 0.6630506997724576 0
0.2109375000000014 0.6089241120359334 0
0.6171875 0.01353164693413178 0
0.2031250004572278 0.2706329384186568 0
0.3359375000000019 0.8254260976635031 0
0.3515625000000019 0.8254304629820428 0
0.8827896807254298 0.4465575235406635 0
0.2578125002466736 0.257101291606089 0
0.2656250001199946 0.2706329386133588 0
0.5781249999999996 0.1082531754730537 0
0.6562499999999989 0.1353164693413172 0
0.4374999999999996 0.02706329386826334 0
0.4140624999999999 0.01353164693413172 0
0.1953125000000045 0.4465443488263491 0
0.5312499999999994 0.08118988160479035 0
0.1016438127743468 0.2030126318334004 0
0.1172175333613055 0.2029830237556866 0
0.1094467951165067 0.2165477999811604 0
0.8983610233008223 0.8795252933151203 0
0.4531250000000022 0.3788861141556917 0
0.4453125000000021 0.3924177610898234 0
0.2265625000000012 0.5818608181676698 0
0.2187500000000062 0.4600759957604799 0
0.226562500000029 0.4465443488263348 0
0.6484375 0.2841645856167676 0
0.6640624999999998 0.2841645856167674 0
0.6562499999999999 0.2976962325508994 0
0.5078124999999996 0.04059494080239534 0
0.8593750000000021 0.7577722283113804 0
0.867187500000002 0.7713038752455122 0
0.1328125000000008 0.4736076426946152 0
0.8359375000000018 0.5547975242994031 0
0.8750293841971963 0.8390111563849532 0
0.8671783956310529 0.8524842209142306 0
0.812479223418102 0.1353044739761647 0
0.804682224179333 0.1217817764107025 0
0.8046875000000046 0.9336836384550951 0
0.7187500000000016 0.8389613525181494 0
0.2187500000000015 0.6224557589700652 0
0.2109376570443491 0.09472143786932624 0
0.2031251148506313 0.1082531091640123 0
0.195312695498177 0.09472141566799835 0
0.8046865937242862 0.04059441756386784 0
0.8203116323951156 0.04059443989048173 0
0.8359373760564447 0.01353157537528688 0
0.796872955090872 0.1082519948442177 0
0.4296874999999987 0.06765823467065929 0
0.2500000000000018 0.7848355221796476 0
0.2578125000000019 0.7713038752455158 0
0.3437500000000019 0.8389577445976349 0
0.8046843471998246 0.3924195813598512 0
0.9056246436409096 0.730398026217459 0
0.2968750000000014 0.6495190528383288 0
0.2734375000000017 0.6901139936407243 0
0.4928478551927484 0.9057003929319796 0
0.3984375000000017 0.798367169113779 0
0.07868350948709113 0.540944869132904 0
0.071392620135312 0.5542064803209892 0
0.3828125000000011 0.6089241120359332 0
0.4453125000000016 0.8254212545135544 0
0.9245037445211769 0.05572976980404321 0
0.9143407187599599 0.04086559005487078 0
0.9320380257612169 0.04192747361743598 0
0.1953125003028026 0.2841645854419462 0
0.6250000000000017 0.676582346706591 0
0.7968722630312693 0.3788876943453229 0
0.4375000000000018 0.4059494080239553 0
0.4296875000000023 0.3924177610898236 0
0.421875000000004 0.3788861141556912 0
0.1875000000924167 0.2976962324975444 0
0.179687500313954 0.284164585435508 0
0.8671875000000019 0.7442405813772485 0
0.328125000000001 0.5953924651018014 0
0.2343750000000012 0.5953924651018015 0
0.4921875000000014 0.8524868504989402 0
0.1171875000000021 0.825430462982043 0
0.6406250000000016 0.8660254037844379 0
0.2109375000000235 0.446544348826338 0
0.1407273221430283 0.6494877029647268 0
0.8515358516011204 0.392433146550087 0
0.8592960554493621 0.3789316928132505 0
0.7890625000000043 0.9333841713861349 0
0.7968750000000042 0.9198525244520031 0
0.08699826758697082 0.58144711657152 0
0.7265625000000014 0.8254297055840176 0
0.5084728551927479 0.933012315449425 0
0.1953125000000018 0.6630506997724609 0
0.4765625000000014 0.8524454123907432 0
0.6171875000000013 0.7442405813772512 0
0.927274927919539 0.5260600821692891 0
0.9197921875142154 0.5397821158941754 0
0.9066575313820998 0.8392530481699174 0
0.1796877817409001 0.0405947781392112 0
0.3828125000000018 0.798367169113779 0
0.1796879977157212 0.09472124118261771 0
0.2734375000469809 0.2841645855896452 0
0.6484375000000017 0.8795294348213633 0
0.6015625000000013 0.7442405813772512 0
0.3515625000004529 0.2571012917482463 0
0.3359375000019518 0.2571012917473809 0
0.695312499999998 0.1488481162754488 0
0.710937499999998 0.1488481162754486 0
0.5703124999999994 0.09472152853892202 0
0.1484375000011292 0.3382911733526451 0
0.9273837779426888 0.5531862206277196 0
0.2109375000004179 0.3924177610895829 0
0.625 0.02706329386826356 0
0.1171875000000008 0.4736076426946154 0
0.6874999999999996 0.2435696448143718 0
0.6796874999999993 0.2300379978802399 0
0.6328125000000016 0.690113993640723 0
0.6171875000000016 0.690113993640723 0
0.1015557882349596 0.5006672800951163 0
0.1093750000000009 0.4871392896287473 0
0.445312500000001 0.8795501443672038 0
0.2500000005384361 0.2435696445035078 0
0.3359375000000011 0.6089241120359332 0
0.6718749999999993 0.2165063509461082 0
0.6406249999999998 0.2165063509461083 0
0.7421875000000018 0.7983670428807743 0
0.179687503689887 0.2300379957498845 0
0.5234374999999994 0.06765823467065868 0
0.5390624999999994 0.06765823467065868 0
0.5624999999999993 0.08118988160479024 0
0.1328125005301575 0.2571012914424195 0
0.4453124999999997 0.01353164693413167 0
0.1328227645423652 0.2029806206278079 0
0.2265625000000013 0.6089241120359334 0
0.5156249999999994 0.05412658773652701 0
0.5234374999999996 0.04059494080239529 0
0.5390624999999997 0.04059494080239534 0
0.4765624999999999 0.1488481162754497 0
0.8824431008926045 0.3112273914841863 0
0.8967676547648987 0.3116537449991852 0
0.8515489890077271 0.3653622677965825 0
0.3046875000156373 0.2571012917394789 0
0.6328125000000002 0.419481054958086 0
0.7890620841685556 0.3924180011702179 0
0.7812495841685557 0.4059496481043497 0
0.8515565588412667 0.4465477789559418 0
0.7187499999999977 0.1353164693413166 0
0.4843750000000012 0.3247595264191644 0
0.4296875000000016 0.8795501443672039 0
0.1640625000011292 0.3382911733526451 0
0.6484374999999991 0.1488481162754492 0
0.6406249999999992 0.162379763209581 0
0.4375000000000006 0.1894430570778461 0
0.1718760200753201 0.05412599879576702 0
0.1250197822002053 0.1894454524800479 0
0.4296874999999999 0.01353164693413172 0
0.5703124999999998 0.01353164693413172 0
0.7890625000000041 0.9063208775178713 0
0.5546874999999997 0.04059494080239534 0
0.5468749999999994 0.05412658773652701 0
0.6484374999999996 0.2029747040119764 0
0.6796874999999991 0.2029747040119763 0
0.6874999999999988 0.1894430570778444 0
0.4609374999999999 0.14884811627545 0
0.4453125000000004 0.2029747040119778 0
0.4296875000000007 0.2029747040119783 0
0.8437498760564444 0.02706322230941854 0
0.7109374999999974 0.1217848224071849 0
0.1329965881665584 0.6629359680957301 0
0.2265625381984012 0.09472150648506633 0
0.2187501188459468 0.08118981298905237 0
0.5546874999999994 0.06765823467065868 0
0.1089008796085162 0.8119148413583923 0
0.6484374999999987 0.09472152853892191 0
0.7968750000000027 0.8118987950090748 0
0.7890625000000023 0.7983671480749432 0
0.1171083763893653 0.798365389457566 0
0.5703124999999996 0.04059494080239523 0
0.5781249999999994 0.0541265877365269 0
0.1010092559978795 0.798381414768047 0
0.4687500000000003 0.2435696448143729 0
0.8671730205439327 0.7983815566081989 0
0.8593605205439331 0.8119132035423307 0
0.8593658956310533 0.8660089614969964 0
0.6328125000000017 0.8795294348213633 0
0.7343750000000018 0.8118986898149061 0
0.5703124999999993 0.06765823467065857 0
0.4218750000000018 0.2706329386826376 0
0.6484374999999992 0.1759114101437128 0
0.664062499999999 0.1759114101437128 0
0.6562499999999992 0.1894430570778445 0
0.6796874999999987 0.1759114101437127 0
0.4531250000000003 0.2165063509461095 0
0.4609375000000002 0.2029747040119774 0
0.4453125000000011 0.4194810549580869 0
0.7890625000000029 0.8254304419432067 0
0.9055968399636221 0.7846217983269654 0
0.9133585540243099 0.7710433284289612 0
0.2109375718906368 0.1217847809011086 0
0.7031249999999973 0.1082531754730531 0
0.8909254772050128 0.05444472596445199 0
0.8828347584450523 0.0406424297778446 0
0.8987157187599597 0.04086559005487056 0
0.5000000000000012 0.3518228202874278 0
0.4921875000000012 0.3382911733532961 0
0.3203125000078503 0.2841645856122382 0
0.6640624999999987 0.1488481162754491 0
0.8671663580750152 0.4465565551224289 0
0.6718749999999986 0.1623797632095809 0
0.460937500000001 0.419481054958087 0
0.3281250000070949 0.2706329386785429 0
0.8748608856057735 0.7848007087089153 0
0.8826589061497041 0.7983467431374698 0
0.8983506232635856 0.8255167879485763 0
0.9137988497163616 0.06820288824927456 0
0.9314961567176184 0.06926477181183976 0
0.4609375000000011 0.2841645856167687 0
0.2578125033579086 0.1488481143367616 0
0.6640624999999993 0.2029747040119764 0
0.4375000000000019 0.2976962325509012 0
0.8672097584450523 0.04064242977784471 0
0.8593958603978223 0.05417326954903168 0
0.8515611019527692 0.0405941336394503 0
0.2421875161923761 0.1488481069267783 0
0.250000012834466 0.1353164619313365 0
0.421875000000001 0.2165063509461103 0
0.4296875000000009 0.2300379978802419 0
0.4140625000000044 0.3653544672215596 0
0.4609375000000004 0.2300379978802412 0
0.6953124999999987 0.0405949408023949 0
0.6796874999999989 0.04059494080239512 0
0.8827231633772743 0.7441961659164401 0
0.3203125000081428 0.2571012917438062 0
0.3437500000001427 0.4059494080238745 0
0.3984375000000048 0.4194810549580855 0
0.3984375000000044 0.3653544672215598 0
0.6796874999999983 0.1488481162754489 0
0.5624999999999998 0.02706329386826356 0
0.8671730205439332 0.8254448504764624 0
0.2187500465267018 0.135316442479115 0
0.2265625179506325 0.148848105911648 0
0.234375008474075 0.1623797583170732 0
0.3515625000000711 0.4194810549580473 0
0.8359359780092143 0.04059406208060551 0
0.4765625000000018 0.3382911733532964 0
0.7890623373856154 0.01353155304867298 0
0.2421875128344663 0.1217848149972046 0
0.2343750381984012 0.1082531534191981 0
0.7499999953161884 0.02706329116406347 0
0.7421874953161891 0.01353164422993225 0
0.6874999999999971 0.08118988160479002 0
0.679687499999998 0.06765823467065846 0
0.6953124999999972 0.06765823467065823 0
0.4375000000000011 0.8930886976527019 0
0.4455766760877842 0.9079647595962465 0
0.7265624953161891 0.01353164422993225 0
0.4296875000000018 0.2841645856167693 0
0.7109374959853025 0.06765823235277291 0
0.7265624959853025 0.06765823235277257 0
0.4453125000000006 0.2300379978802417 0
0.4843750000000014 0.3788861141556913 0
0.8981821246721631 0.7983696341408021 0
0.8904942596103225 0.8119504820400856 0
0.8281228582914405 0.05412535122051348 0
0.8359325071588292 0.06765535205246431 0
0.6640624999999984 0.06765823467065851 0
0.6718749999999984 0.05412658773652679 0
0.8828274047411266 0.8254938969452441 0
0.8981582630437336 0.7441145294818389 0
0.8985763746021034 0.06794624229680657 0
0.9133365799300963 0.7438924521777979 0
0.6953124999999971 0.09472152853892157 0
0.4453125000000014 0.2841645856167691 0
0.9235803705389014 0.7564756163896351 0
0.9310687252302909 0.7699099893764185 0
0.6796874999999978 0.09472152853892174 0
0.4609375000000026 0.3382911733532965 0
0.3671875000000522 0.4194810549580583 0
0.3828125000000087 0.4194810549580835 0
0.4921875000000013 0.3653544672215596 0
0.7968741482572482 0.05412609598261969 0
0.4687500000000026 0.3518228202874282 0
0.8826954142871961 0.06772308201978061 0
0.9310467511360774 0.7427591131252553 0
0.2265625510328685 0.1217847929433467 0
0.7812498373856147 0.02706319998280415 0
0.4609375000000026 0.36535446722156 0
0.6640624999999982 0.09472152853892191 0
0.7031249959853034 0.05412658541864135 0
0.8672058325604968 0.06770345703560265 0
0.6562499999999983 0.08118988160479018 0
0.8515571760682137 0.06765516089720824 0
0.7890622293041928 0.04059478451609783 0
0.4765625000000018 0.3653544672215598 0
0.05479432193417755 0.2762485262021086 0
0.05794095202967953 0.2628726644384559 0
0.0239878134144097 0.7185666729457576 0
0.07273701433496876 0.6080359799090275 0
0.08029511833357494 0.5947557572934601 0
0.08690599454814241 0.6085931128477919 0
0.9536055446246481 0.5463718105503284 0
0.9662149138396239 0.5404322089887473 0
0.962984750464432 0.5537123354540626 0
0.117522359095079 0.6896692925809786 0
0.1253684678809935 0.6762754618491438 0
0.1175472891024824 0.6628048039512816 0
0.9285768146180213 0.365392690052626 0
0.931359234353083 0.3485654515749765 0
0.4957674129679002 0.9299966627924576 0
0.4804332845560633 0.9297040427904426 0
0.4859865819736588 0.9185167255076059 0
0.9452227088056855 0.5357745015018819 0
0.9419925454304936 0.5490546279671972 0
0.9870283709314309 0.8658985234229302 0
0.9870283709314309 0.8502735234229302 0
0.9298731956073485 0.2834466575495787 0
0.9144925192432207 0.2847410533330396 0
0.9065153604009988 0.2982908775109337 0
0.9133968133806888 0.3122493659609071 0
0.09448493188111878 0.6222358422421301 0
0.05534428532611357 0.01303723944250418 0
0.03971928532611357 0.01303723944250418 0
0.9869928154208727 0.05455193742424397 0
0.9869928154208727 0.03892693742424397 0
0.9455890478560132 0.9871205794324844 0
0.9612140478560132 0.9871205794324844 0
0.01297805310201555 0.9451819407473766 0
0.01297805310201555 0.9608069407473766 0
0.0632844887263132 0.02649515678415432 0
0.02598583832701967 0.6265636429343984 0
0.03684459772163579 0.6141485307721103 0
0.959985564609138 0.95017101641864 0
0.9759853418576441 0.8424610234229302 0
0.9889569709262132 0.8359375 0
0.9867718916052531 0.6480480431051231 0
0.05815324350807632 0.6065603429494582 0
0.8955311526825342 0.1735227337763059 0
0.7578125000000028 0.9304171917194959 0
0.9135337182398264 0.9301062831244731 0
0.8827775589415728 0.9892430231231066 0
0.8677070805705149 0.9304492173301437 0
0.8337673611111117 0.9868964466311495 0
0.6328125000000013 0.930369346051977 0
0.8984025589415728 0.9892430231231066 0
0.8520820805705149 0.9304975617897071 0
0.585937500000001 0.9304370282953656 0
0.7886284722222228 0.9893944884783262 0
0.5703125000000008 0.9304853727549287 0
0.2578125000000018 0.9303510825894756 0
0.1172180906796741 0.9304629774541484 0
0.3359375000000018 0.9304853727549285 0
0.7109375000000012 0.9304453159170045 0
0.07054373692797578 0.989163014489332 0
0.7265625000000001 0.9893088697652702 0
0.6640625000000001 0.9893088697652701 0
0.509872867876811 0.9870110697934261 0
0.3511509277495862 0.9894227766049405 0
0.1958333333333351 0.9304323560290974 0
0.6171875000000001 0.9893088697652702 0
0.5550995735753622 0.9894174131107818 0
0.2734375000000019 0.9304023366692902 0
0.3046875000000003 0.9893088697652702 0
0.7421875000000001 0.9893088697652702 0
0.6796875000000001 0.9893088697652701 0
0.3963796387479302 0.9870378872642198 0
0.178137400793651 0.9873964379614918 0
0.08616873692797578 0.989163014489332 0
0.4455343440205982 0.9614417020460448 0
0.1328125000000002 0.9896072241442884 0
0.2890625000000003 0.9893088697652702 0
0.2265625000000001 0.9893088697652702 0
0.6015625000000001 0.9893088697652702 0
0.7734375000000033 0.930422755169207 0
0.1016568212623249 0.9305412104313944 0
0.4775137267809114 0.9054077729299645 0
0.2421875000000001 0.9893088697652702 0
0.6953125000000012 0.9304867540252015 0
0.6484375000000013 0.9304257479214672 0
0.211458333333335 0.9303840115695343 0
0.3203125000000019 0.9304370282953656 0
0.4618887267809112 0.9056564015791464 0
0.9480682231107206 0.2321193918320454 0
0.9351275958878386 0.2421832831005092 0
0.01175442327376014 0.6171875 0
0.02467429884059263 0.5937348211455284 0
0.01175442327376014 0.6015625 0
0.02360649735737608 0.6877055614473229 0
0.0570333447340014 0.1747966360967563 0
0.06456536526065432 0.1884902179303277 0
0.9551216838476506 0.8012419840169294 0
0.9472614584970861 0.8128453743444057 0
0.9432087997774381 0.800258984123566 0
0.03788885625023664 0.9477219262509464 0
0.02868192791732782 0.9369175796163116 0
0.4779693222816436 0.9433193432127844 0
0.02392884652334681 0.09380917214999729 0
0.9868199902088708 0.6009433228519557 0
0.935957966921851 0.7865666476059172 0
0.9650950502627834 0.8327334488191303 0
0.9357666137616516 0.5637835296761661 0
0.05722221700574692 0.5540663458470473 0
0.9889569709262132 0.8203125 0
0.977282774384751 0.8128251764461953 0
0.06424437772996422 0.2481679262309531 0
0.02484961257539575 0.4693423477775889 0
0.9107762253305494 0.3392204585650432 0
0.9038715701080643 0.3525524204793931 0
0.9116077309566384 0.3661281418431503 0
0.06557572017707736 0.3497839308903705 0
0.9350573790128816 0.4618824515226878 0
0.01067435382433235 0.4453125 0
0.01067435382433235 0.4609375 0
0.9350230710433729 0.6788115225267211 0
0.01045616648027781 0.7263791729457576 0
0.01045616648027781 0.7420041729457576 0
0.9342400902222086 0.728051001680873 0
0.01042745743310958 0.5078125 0
0.9344126924001566 0.08397188316050225 0
0.06569783201267992 0.8956810056795104 0
0.934365477351673 0.8951342269121059 0
0.9342280117964112 0.5123135002268786 0
0.9405627934884031 0.5247107369763402 0
0.06627441226541081 0.2998621424654663 0
0.05939579115630089 0.2871847456034851 0
0.9614003425404177 0.1362684321252489 0
0.8960691353149636 0.2043892332715932 0
0.9613773028923247 0.2395132350195298 0
0.01007485042324424 0.6798930614473229 0
0.01007485042324424 0.6642680614473229 0
0.8948168666231741 0.2321283715349846 0
0.8870406669586234 0.2185836254709385 0
0.01005854842905429 0.08633089039028613 0
0.01005854842905429 0.07070589039028613 0
0.9885617061317362 0.01143829386826373 0
0.9729367061317362 0.01143829386826373 0
0.9885617061317362 0.02706329386826373 0
0.02706329386826367 0.01143829386826367 0
0.01143829386826367 0.01143829386826367 0
0.01143829386826367 0.02706329386826367 0
0.01143829386826367 0.9729367061317363 0
0.01143829386826367 0.9885617061317363 0
0.9885617061317363 0.9885617061317363 0
0.9885617061317363 0.9729367061317363 0
0.9729367061317363 0.9885617061317363 0
0.02706329386826367 0.9885617061317363 0
0.8940604298367757 0.1464119101229285 0
0.8863676929171154 0.1600127023037335 0
0.4274864907738742 0.932519189967064 0
0.4109615244158045 0.9308077012739531 0
0.9353550536626707 0.4061660775779975 0
0.06464478230775095 0.4061663748511438 0
0.9621388935836372 0.2939208209522034 0
0.03400522116271243 0.1368424015529796 0
0.02443801925700517 0.1235374486420315 0
0.03879433538213639 0.7895729794361303 0
0.07282928737379718 0.5808899836327556 0
0.9291587182398264 0.9304138076033601 0
0.8181423611111117 0.9868964466311495 0
0.8042534722222228 0.9893944884783262 0
0.3667759277495862 0.9894227766049405 0
0.3807546387479302 0.9870378872642198 0
0.525497867876811 0.9870110697934261 0
0.1484375000000002 0.9896072241442884 0
0.162512400793651 0.9873964379614918 0
0.4282448002285725 0.960144077654033 0
0.5394745735753622 0.9894174131107818 0
0.03831835009829593 0.8342172318345384 0
0.9679129747421871 0.8056768635650799 0
0.963860316022539 0.7930904733442403 0
0.01042745743310958 0.5234375 0
0.02567143821606899 0.529152807232358 0
0.9259790004449915 0.3132050703448327 0
0.9162312948088914 0.3265679378330841 0
0.05865888424423216 0.5807498491588137 0
0.06536203349762792 0.5674412084368736 0
0.01056772116271265 0.1316841668823204 0
0.9368339456938554 0.2942184137120788 0
0.05409013493332437 0.594927931239893 0
0.04662288105715512 0.5814791560440111 0
0.9368143038314249 0.3359129308430175 0
0.9376271338344968 0.3202738483864323 0
0.4274406494320512 0.946404314088245 0
0.935036008281983 0.1346026597656549 0
0.9480881201581486 0.1439815856114604 0
0.01056772116271265 0.1473091668823204 0
0.02568451613555195 0.1520998635563361 0
0.9347926524062942 0.3059552765142553 0
0.9638269176644365 0.9638750663691471 0
0.9233584123948521 0.3401761629489688 0
0.9484820790833607 0.3012871917536784 0
0.03757173774189343 0.9621710174335534 0
0.03553257919437725 0.02447553331076791 0
0.9755545215526089 0.0347402312925077 0
0.02441634697027928 0.9649936468791129 0
0.9654007539877494 0.9756822855642207 0
0.03394694143995614 0.5868759402080737 0
0.04793351731376472 0.2900278078996285 0
0.9521757926825577 0.5220279195594714 0
0.9755495759401597 0.9653161930683991 0
0.03603197850814155 0.9743007828179131 0
0.02551284721020386 0.03692551236692543 0
0.9650579972367226 0.02466910707226105 0
0.9685441422098625 0.8209766871188846 0
0.03278148914688384 0.6025161190625452 0
0.9557252506202195 0.8255851359380149 0
0.03431345475340436 0.2868314483300533 0
0.9659709318641944 0.5252720216286673 0
0.04611724032099929 0.6072896498346555 0
$EndNodes
$Elements
5 2522 1 2522
1 1 8 32
1 1 5 36 
2 5 6 37 
3 6 7 38 
4 7 8 39 
5 8 9 40 
6 9 10 41 
7 10 11 42 
8 11 12 43 
9 12 13 44 
10 13 14 45 
11 14 15 46 
12 15 16 47 
13 16 17 48 
14 17 18 49 
15 18 19 50 
16 19 20 51 
17 20 21 52 
18 21 22 53 
19 22 23 54 
20 23 24 55 
21 24 25 56 
22 25 26 57 
23 26 27 58 
24 27 28 59 
25 28 29 60 
26 29 30 61 
27 30 31 62 
28 31 32 63 
29 32 33 64 
30 33 34 65 
31 34 35 66 
32 35 2 67 
1 2 8 32
33 2 68 99 
34 68 69 100 
35 69 70 101 
36 70 71 102 
37 71 72 103 
38 72 73 104 
39 73 74 105 
40 74 75 106 
41 75 76 107 
42 76 77 108 
43 77 78 109 
44 78 79 110 
45 79 80 111 
46 80 81 112 
47 81 82 113 
48 82 83 114 
49 83 84 115 
50 84 85 116 
51 85 86 117 
52 86 87 118 
53 87 88 119 
54 88 89 120 
55 89 90 121 
56 90 91 122 
57 91 92 123 
58 92 93 124 
59 93 94 125 
60 94 95 126 
61 95 96 127 
62 96 97 128 
63 97 98 129 
64 98 3 130 
1 3 8 32
65 3 131 162 
66 131 132 163 
67 132 133 164 
68 133 134 165 
69 134 135 166 
70 135 136 167 
71 136 137 168 
72 137 138 169 
73 138 139 170 
74 139 140 171 
75 140 141 172 
76 141 142 173 
77 142 143 174 
78 143 144 175 
79 144 145 176 
80 145 146 177 
81 146 147 178 
82 147 148 179 
83 148 149 180 
84 149 150 181 
85 150 151 182 
86 151 152 183 
87 152 153 184 
88 153 154 185 
89 154 155 186 
90 155 156 187 
91 156 157 188 
92 157 158 189 
93 158 159 190 
94 159 160 191 
95 160 161 192 
96 161 4 193 
1 4 8 32
97 4 194 225 
98 194 195 226 
99 195 196 227 
100 196 197 228 
101 197 198 229 
102 198 199 230 
103 199 200 231 
104 200 201 232 
105 201 202 233 
106 202 203 234 
107 203 204 235 
108 204 205 236 
109 205 206 237 
110 206 207 238 
111 207 208 239 
112 208 209 240 
113 209 210 241 
114 210 211 242 
115 211 212 243 
116 212 213 244 
117 213 214 245 
118 214 215 246 
119 215 216 247 
120 216 217 248 
121 217 218 249 
122 218 219 250 
123 219 220 251 
124 220 221 252 
125 221 222 253 
126 222 223 254 
127 223 224 255 
128 224 1 256 
2 1 9 2394
129 291 970 960 1391 1392 1393 
130 219 969 273 1394 1395 1396 
131 883 1069 278 1397 1398 1399 
132 855 1309 283 1400 1401 1402 
133 1287 1312 304 1403 1404 1405 
134 1068 1284 296 1406 1407 1408 
135 883 1369 1069 1409 1410 1397 
136 283 1370 855 1411 1412 1402 
137 960 1362 291 1413 1414 1393 
138 870 1316 266 1415 1416 1417 
139 304 1368 1287 1418 1419 1405 
140 294 1135 906 1420 1421 1422 
141 978 1110 1071 1423 1424 1425 
142 264 1133 905 1426 1427 1428 
143 1284 1366 296 1429 1430 1407 
144 861 1324 875 1431 1432 1433 
145 861 1337 1324 1434 1435 1431 
146 863 1335 874 1436 1437 1438 
147 874 1335 1331 1437 1439 1440 
148 876 1329 860 1441 1442 1443 
149 1329 1330 860 1444 1445 1442 
150 1321 1322 873 1446 1447 1448 
151 866 1321 873 1449 1448 1450 
152 877 1072 273 1451 1452 1453 
153 271 888 880 1454 1455 1456 
154 905 1134 264 1457 1458 1428 
155 881 1226 1109 1459 1460 1461 
156 266 1364 870 1462 1463 1417 
157 879 967 305 1464 1465 1466 
158 295 1349 948 1467 1468 1469 
159 1130 1131 852 1470 1471 1472 
160 1109 1226 884 1460 1473 1474 
161 263 892 890 1475 1476 1477 
162 207 959 290 1478 1479 1480 
163 969 1346 273 1481 1482 1395 
164 220 969 219 1483 1394 251 
165 1135 1361 906 1484 1485 1421 
166 864 1319 279 1486 1487 1488 
167 279 1320 864 1489 1490 1488 
168 873 1322 270 1447 1491 1492 
169 270 1323 873 1493 1494 1492 
170 865 1338 300 1495 1496 1497 
171 300 1344 865 1498 1499 1497 
172 267 1334 860 1500 1501 1502 
173 282 1339 874 1503 1504 1505 
174 860 1330 267 1445 1506 1502 
175 874 1331 282 1440 1507 1505 
176 862 1327 262 1508 1509 1510 
177 262 1333 862 1511 1512 1510 
178 887 1336 307 1513 1514 1515 
179 899 1328 297 1516 1517 1518 
180 297 1332 899 1519 1520 1518 
181 298 1343 941 1521 1522 1523 
182 941 1341 298 1524 1525 1523 
183 975 1342 275 1526 1527 1528 
184 275 1340 975 1529 1530 1528 
185 875 1324 259 1432 1531 1532 
186 861 1343 298 1533 1521 1534 
187 899 1323 270 1535 1493 1536 
188 298 1337 861 1537 1434 1534 
189 862 1332 297 1538 1519 1539 
190 297 1327 862 1540 1508 1539 
191 270 1328 899 1541 1516 1536 
192 864 1318 302 1542 1543 1544 
193 941 1333 262 1545 1511 1546 
194 302 1319 864 1547 1486 1544 
195 1141 1326 1166 1548 1549 1550 
196 300 1342 975 1551 1526 1552 
197 262 1341 941 1553 1524 1546 
198 975 1344 300 1554 1498 1552 
199 863 1340 275 1555 1529 1556 
200 1166 1325 1141 1557 1558 1550 
201 299 1329 876 1559 1441 1560 
202 275 1335 863 1561 1436 1556 
203 866 1320 279 1562 1489 1563 
204 887 1339 282 1564 1503 1565 
205 279 1321 866 1566 1449 1563 
206 282 1336 887 1567 1513 1565 
207 865 1334 267 1568 1500 1569 
208 267 1338 865 1570 1495 1569 
209 852 1376 1130 1571 1572 1472 
210 876 1383 299 1573 1574 1560 
211 307 1360 887 1575 1576 1515 
212 259 1384 875 1577 1578 1532 
213 1071 1359 978 1579 1580 1425 
214 271 1365 888 1581 1582 1454 
215 890 1375 263 1583 1584 1477 
216 877 1356 1072 1585 1586 1451 
217 955 957 260 1587 1588 1589 
218 208 959 207 1590 1478 239 
219 948 1354 295 1591 1592 1469 
220 302 1363 1313 1593 1594 1595 
221 948 1349 872 1468 1596 1597 
222 268 1372 885 1598 1599 1600 
223 1318 1363 302 1601 1593 1543 
224 967 1377 305 1602 1603 1465 
225 1316 1349 87 1604 1605 1606 
226 289 889 888 1607 1608 1609 
227 1127 1129 921 1610 1611 1612 
228 1136 1371 851 1613 1614 1615 
229 284 967 964 1616 1617 1618 
230 289 890 889 1619 1620 1607 
231 1066 1134 1067 1621 1622 1623 
232 264 1134 1066 1458 1621 1624 
233 273 1346 877 1482 1625 1453 
234 964 966 284 1626 1627 1618 
235 872 1316 870 1628 1415 1629 
236 303 1369 886 1630 1631 1632 
237 857 1370 1139 1633 1634 1635 
238 1107 1312 1287 1636 1403 1637 
239 858 1309 855 1638 1400 1639 
240 922 1368 1065 1640 1641 1642 
241 963 967 879 1643 1464 1644 
242 260 960 955 1645 1646 1589 
243 1138 1366 987 1647 1648 1649 
244 959 1353 290 1650 1651 1479 
245 305 1315 879 1652 1653 1466 
246 1133 1348 905 1654 1655 1427 
247 978 1347 1110 1656 1657 1423 
248 263 893 892 1658 1659 1475 
249 964 967 963 1617 1643 1660 
250 1111 1372 268 1661 1598 1662 
251 987 1364 1138 1663 1664 1649 
252 291 1347 970 1665 1666 1391 
253 906 1348 294 1667 1668 1422 
254 872 1349 1316 1596 1604 1628 
255 805 894 737 1669 1670 1671 
256 886 1360 303 1672 1673 1632 
257 258 1371 1136 1674 1613 1675 
258 1129 1382 921 1676 1677 1611 
259 1109 1351 881 1678 1679 1461 
260 1139 1363 857 1680 1681 1635 
261 851 1361 1136 1682 1683 1615 
262 706 1308 891 1684 1685 1686 
263 885 1359 268 1687 1688 1600 
264 891 892 706 1689 1690 1686 
265 957 1367 260 1691 1692 1588 
266 859 1357 1132 1693 1694 1695 
267 1129 1130 639 1696 1697 1698 
268 880 1351 271 1699 1700 1456 
269 1068 1350 1284 1701 1702 1406 
270 1139 1370 283 1634 1411 1703 
271 1069 1369 303 1410 1630 1704 
272 278 1352 883 1705 1706 1399 
273 892 1311 706 1707 1708 1690 
274 891 1308 894 1685 1709 1710 
275 737 894 845 1670 1711 1712 
276 889 894 805 1713 1669 1714 
277 1065 1373 922 1715 1716 1642 
278 1132 1385 859 1717 1718 1695 
279 1065 1368 304 1641 1418 1719 
280 890 891 889 1720 1721 1620 
281 884 1352 1109 1722 1723 1474 
282 296 1366 1138 1430 1647 1724 
283 893 1311 892 1725 1707 1659 
284 1356 1390 292 1726 1727 1728 
285 891 894 889 1710 1713 1721 
286 890 892 891 1476 1689 1720 
287 540 1038 334 1729 1730 1731 
288 895 1038 540 1732 1729 1733 
289 642 1212 898 1734 1735 1736 
290 895 1182 779 1737 1738 1739 
291 540 1182 895 1740 1737 1733 
292 642 898 897 1736 1741 1742 
293 1049 1296 902 1743 1744 1745 
294 902 1098 817 1746 1747 1748 
295 567 900 606 1749 1750 1751 
296 897 900 642 1752 1753 1742 
297 900 1219 606 1754 1755 1750 
298 981 1048 781 1756 1757 1758 
299 782 1098 902 1759 1746 1760 
300 980 1048 981 1761 1756 1762 
301 334 1038 336 1730 1763 1764 
302 410 911 405 1765 1766 1767 
303 901 938 413 1768 1769 1770 
304 642 900 567 1753 1749 1771 
305 1285 1286 1043 1772 1773 1774 
306 911 1088 912 1775 1776 1777 
307 396 909 380 1778 1779 1780 
308 929 1064 265 1781 1782 1783 
309 907 908 406 1784 1785 1786 
310 723 1152 1148 1787 1788 1789 
311 1088 1091 912 1790 1791 1776 
312 925 1207 1183 1792 1793 1794 
313 265 1102 927 1795 1796 1797 
314 1009 1263 722 1798 1799 1800 
315 779 1182 778 1738 1801 1802 
316 690 1048 980 1803 1761 1804 
317 927 929 265 1805 1783 1797 
318 927 1102 903 1796 1806 1807 
319 1273 1281 914 1808 1809 1810 
320 1213 1265 908 1811 1812 1813 
321 269 1296 1049 1814 1743 1815 
322 937 1101 285 1816 1817 1818 
323 929 1145 1064 1819 1820 1781 
324 450 1091 441 1821 1822 1823 
325 405 911 413 1766 1824 1825 
326 406 938 907 1826 1827 1786 
327 413 910 901 1828 1829 1770 
328 1150 1239 778 1830 1831 1832 
329 1255 1301 30 1833 1834 1835 
330 288 1307 1303 1836 1837 1838 
331 908 909 406 1839 1840 1785 
332 1148 1152 815 1788 1841 1842 
333 690 980 931 1804 1843 1844 
334 1291 1300 1040 1845 1846 1847 
335 1260 1274 606 1848 1849 1850 
336 946 1101 937 1851 1816 1852 
337 651 918 917 1853 1854 1855 
338 938 1100 907 1856 1857 1827 
339 422 1298 1292 1858 1859 1860 
340 816 1246 823 1861 1862 1863 
341 903 1102 286 1806 1864 1865 
342 413 938 404 1769 1866 1867 
343 778 1182 1150 1801 1868 1832 
344 1064 1145 285 1820 1869 1870 
345 940 1210 809 1871 1872 1873 
346 276 1101 946 1874 1851 1875 
347 1292 1298 896 1859 1876 1877 
348 285 1145 937 1869 1878 1818 
349 719 917 803 1879 1880 1881 
350 824 1029 997 1882 1883 1884 
351 901 1100 938 1885 1856 1768 
352 909 1215 380 1886 1887 1779 
353 406 909 396 1840 1778 1888 
354 410 1088 911 1889 1775 1765 
355 651 940 918 1890 1891 1853 
356 997 1029 664 1883 1892 1893 
357 917 918 803 1854 1894 1880 
358 817 1098 816 1747 1895 1896 
359 730 948 872 1897 1597 1898 
360 920 942 923 1899 1900 1901 
361 915 1265 1213 1902 1811 1903 
362 413 911 910 1824 1904 1828 
363 612 944 830 1905 1906 1907 
364 915 944 612 1908 1905 1909 
365 705 904 815 1910 1911 1912 
366 1245 1264 1179 1913 1914 1915 
367 914 1281 913 1809 1916 1917 
368 722 1263 1152 1799 1918 1919 
369 904 906 815 1920 1921 1911 
370 722 1152 723 1919 1787 1922 
371 823 972 971 1923 1924 1925 
372 350 1056 989 1926 1927 1928 
373 1219 1260 606 1929 1850 1755 
374 441 1091 1088 1822 1790 1930 
375 924 1207 925 1931 1792 1932 
376 1206 1272 23 1933 1934 1935 
377 960 970 953 1392 1936 1937 
378 433 1009 439 1938 1939 1940 
379 801 1187 1023 1941 1942 1943 
380 1273 1294 368 1944 1945 1946 
381 919 920 640 1947 1948 1949 
382 651 1210 940 1950 1871 1890 
383 974 1025 802 1951 1952 1953 
384 514 1153 1063 1954 1955 1956 
385 984 1099 591 1957 1958 1959 
386 678 926 771 1960 1961 1962 
387 812 944 915 1963 1908 1964 
388 915 1213 812 1903 1965 1964 
389 813 945 944 1966 1967 1968 
390 1098 1246 816 1969 1861 1895 
391 826 1180 989 1970 1971 1972 
392 897 1164 900 1973 1974 1752 
393 912 1274 1260 1975 1848 1976 
394 953 970 951 1936 1977 1978 
395 1090 1181 1004 1979 1980 1981 
396 736 1227 738 1982 1983 1984 
397 799 1187 801 1985 1941 1986 
398 647 1267 767 1987 1988 1989 
399 719 1005 917 1990 1991 1879 
400 971 1052 823 1992 1993 1925 
401 1247 1252 962 1994 1995 1996 
402 257 1259 961 1997 1998 1999 
403 286 1252 1247 2000 1994 2001 
404 884 1226 1198 1473 2002 2003 
405 884 1198 712 2003 2004 2005 
406 968 1196 878 2006 2007 2008 
407 981 1286 1285 2009 1772 2010 
408 404 938 406 1866 1826 2011 
409 813 1090 945 2012 2013 1966 
410 961 1259 926 1998 2014 2015 
411 1230 1251 448 2016 2017 2018 
412 710 1124 965 2019 2020 2021 
413 945 1233 1151 2022 2023 2024 
414 683 1147 681 2025 2026 2027 
415 931 1007 690 2028 2029 1844 
416 793 864 791 2030 2031 2032 
417 919 942 920 2033 1899 1947 
418 759 984 591 2034 1959 2035 
419 664 1029 831 1892 2036 2037 
420 602 919 640 2038 1949 2039 
421 714 1164 897 2040 1973 2041 
422 831 1242 1095 2042 2043 2044 
423 8 1019 281 2045 2046 2047 
424 393 1028 982 2048 2049 2050 
425 418 1057 947 2051 2052 2053 
426 1223 1231 614 2054 2055 2056 
427 827 1018 950 2057 2058 2059 
428 952 978 977 2060 2061 2062 
429 999 1231 1223 2063 2054 2064 
430 1043 1286 402 1773 2065 2066 
431 511 1160 1116 2067 2068 2069 
432 685 1007 822 2070 2071 2072 
433 515 1090 1004 2073 1981 2074 
434 764 1178 597 2075 2076 2077 
435 994 1115 825 2078 2079 2080 
436 825 1173 994 2081 2082 2080 
437 826 1093 1060 2083 2084 2085 
438 833 1086 1011 2086 2087 2088 
439 1121 1199 1120 2089 2090 2091 
440 827 1074 1018 2092 2093 2057 
441 439 1009 551 1939 2094 2095 
442 989 1056 950 1927 2096 2097 
443 1151 1233 1062 2023 2098 2099 
444 1032 1293 1290 2100 2101 2102 
445 1085 1157 407 2103 2104 2105 
446 1001 1087 447 2106 2107 2108 
447 451 994 939 2109 2110 2111 
448 727 1042 671 2112 2113 2114 
449 1013 1096 773 2115 2116 2117 
450 824 997 825 1884 2118 2119 
451 982 1028 836 2049 2120 2121 
452 1116 1160 1094 2068 2122 2123 
453 477 1191 476 2124 2125 2126 
454 823 1052 662 1993 2127 2128 
455 1034 1236 1229 2129 2130 2131 
456 257 1268 19 2132 2133 2134 
457 493 1181 1089 2135 2136 2137 
458 677 1155 545 2138 2139 2140 
459 286 1247 903 2001 2141 1865 
460 445 1033 548 2142 2143 2144 
461 553 972 603 2145 2146 2147 
462 686 1007 685 2148 2070 2149 
463 775 1251 1230 2150 2016 2151 
464 902 1296 782 1744 2152 1760 
465 1280 1282 1014 2153 2154 2155 
466 1261 1271 1224 2156 2157 2158 
467 496 1022 498 2159 2160 2161 
468 673 1120 592 2162 2163 2164 
469 355 516 352 2165 2166 2167 
470 375 378 369 2168 2169 2170 
471 498 1022 509 2160 2171 2172 
472 554 1005 719 2173 1990 2174 
473 572 586 585 2175 2176 2177 
474 576 1050 740 2178 2179 2180 
475 652 1169 596 2181 2182 2183 
476 699 919 602 2184 2038 2185 
477 605 1164 714 2186 2040 2187 
478 612 830 829 1907 2188 2189 
479 804 883 712 2190 2191 2192 
480 728 948 730 2193 1897 2194 
481 738 1227 881 1983 2195 2196 
482 901 910 751 1829 2197 2198 
483 898 899 808 2199 2200 2201 
484 811 907 832 2202 2203 2204 
485 834 1057 993 2205 2206 2207 
486 1161 1232 839 2208 2209 2210 
487 1021 1174 1020 2211 2212 2213 
488 398 1015 357 2214 2215 2216 
489 384 949 379 2217 2218 2219 
490 428 990 976 2220 2221 2222 
491 438 668 590 2223 2224 2225 
492 447 1002 1001 2226 2227 2108 
493 447 1041 1002 2228 2229 2226 
494 562 1091 450 2230 1821 2231 
495 939 1041 451 2232 2233 2111 
496 451 1115 994 2234 2078 2109 
497 475 1203 1202 2235 2236 2237 
498 517 518 479 2238 2239 2240 
499 482 983 514 2241 2242 2243 
500 515 1004 486 2074 2244 2245 
501 508 1005 554 2246 2173 2247 
502 521 973 520 2248 2249 2250 
503 558 583 521 2251 2252 2253 
504 973 1197 536 2254 2255 2256 
505 594 1156 558 2257 2258 2259 
506 605 714 648 2187 2260 2261 
507 1060 1093 613 2084 2262 2263 
508 1034 1229 628 2131 2264 2265 
509 943 1047 632 2266 2267 2268 
510 951 952 635 2269 2270 2271 
511 809 1210 648 1872 2272 2273 
512 649 1165 701 2274 2275 2276 
513 811 832 660 2204 2277 2278 
514 1042 1058 671 2279 2280 2113 
515 672 728 727 2281 2282 2283 
516 821 1147 683 2284 2025 2285 
517 708 1114 709 2286 2287 2288 
518 939 994 752 2110 2289 2290 
519 841 1174 754 2291 2292 2293 
520 792 793 791 2294 2032 2295 
521 853 857 793 2296 2297 2298 
522 802 1025 797 1952 2299 2300 
523 997 1173 825 2301 2081 2118 
524 950 1056 827 2096 2302 2059 
525 831 1095 949 2044 2303 2304 
526 832 1026 996 2305 2306 2307 
527 1146 1225 840 2308 2309 2310 
528 908 1265 909 1812 2311 1839 
529 930 1145 929 2312 1819 2313 
530 1090 1233 945 2314 2022 2013 
531 1095 1157 1085 2315 2103 2316 
532 559 943 632 2317 2268 2318 
533 702 1143 644 2319 2320 2321 
534 1060 1180 826 2322 1970 2085 
535 989 1180 350 1971 2323 1928 
536 944 945 830 1967 2324 1906 
537 856 867 858 2325 2326 2327 
538 380 1215 376 1887 2328 2329 
539 395 1084 753 2330 2331 2332 
540 402 1286 913 2065 2333 2334 
541 434 1115 432 2335 2336 2337 
542 531 1282 1280 2338 2153 2339 
543 996 1026 586 2306 2340 2341 
544 643 790 789 2342 2343 2344 
545 813 1181 1090 2345 1979 2012 
546 906 1148 815 2346 1842 1921 
547 842 1222 1216 2347 2348 2349 
548 1012 1096 1013 2350 2115 2351 
549 595 1254 1196 2352 2353 2354 
550 823 1246 972 1862 2355 1923 
551 754 1174 1021 2292 2211 2356 
552 1063 1153 841 1955 2357 2358 
553 281 1019 310 2046 2359 2360 
554 565 1092 563 2361 2362 2363 
555 837 1081 1079 2364 2365 2366 
556 1162 1193 1113 2367 2368 2369 
557 9 1019 8 2370 2045 40 
558 354 1076 356 2371 2372 2373 
559 437 547 436 2374 2375 2376 
560 596 1169 672 2182 2377 2378 
561 700 768 699 2379 2380 2381 
562 846 1243 755 2382 2383 2384 
563 1011 1037 833 2385 2386 2088 
564 933 1145 930 2387 2312 2388 
565 309 963 879 2389 1644 2390 
566 552 1033 445 2391 2142 2392 
567 511 1024 1022 2393 2394 2395 
568 687 1012 689 2396 2397 2398 
569 759 1042 984 2399 2400 2034 
570 518 1125 479 2401 2402 2239 
571 505 1017 736 2403 2404 2405 
572 1018 1074 516 2093 2406 2407 
573 600 1059 557 2408 2409 2410 
574 980 981 936 1762 2411 2412 
575 542 1044 543 2413 2414 2415 
576 579 1044 542 2416 2413 2417 
577 672 727 671 2283 2114 2418 
578 836 1027 677 2419 2420 2421 
579 355 1015 516 2422 2423 2165 
580 831 949 384 2304 2217 2424 
581 429 1041 420 2425 2426 2427 
582 439 538 434 2428 2429 2430 
583 549 1037 443 2431 2432 2433 
584 465 484 467 2434 2435 2436 
585 489 490 481 2437 2438 2439 
586 484 1021 1020 2440 2213 2441 
587 669 1154 495 2442 2443 2444 
588 503 1017 505 2445 2403 2446 
589 512 573 571 2447 2448 2449 
590 516 1054 1018 2450 2451 2407 
591 548 763 597 2452 2453 2454 
592 646 647 555 2455 2456 2457 
593 833 1037 607 2386 2458 2459 
594 832 996 660 2307 2460 2277 
595 940 941 918 2461 2462 1891 
596 973 1234 1197 2463 2464 2254 
597 468 469 466 2465 2466 2467 
598 476 478 473 2468 2469 2470 
599 681 1147 721 2026 2471 2472 
600 883 884 712 2473 2005 2191 
601 760 1235 1220 2474 2475 2476 
602 1024 1116 797 2477 2478 2479 
603 856 858 855 2327 1639 2480 
604 458 459 457 2481 2482 2483 
605 462 475 460 2484 2485 2486 
606 461 613 463 2487 2488 2489 
607 525 526 524 2490 2491 2492 
608 532 1117 544 2493 2494 2495 
609 542 543 533 2415 2496 2497 
610 649 650 626 2498 2499 2500 
611 952 977 635 2062 2501 2270 
612 766 1165 649 2502 2274 2503 
613 795 1094 650 2504 2505 2506 
614 701 860 794 2507 2508 2509 
615 1298 1299 896 2510 2511 1876 
616 1217 1244 1156 2512 2513 2514 
617 480 481 478 2515 2516 2517 
618 545 1155 533 2139 2518 2519 
619 583 1244 1234 2520 2521 2522 
620 672 806 728 2523 2524 2281 
621 1105 1243 261 2525 2526 2527 
622 351 1075 354 2528 2529 2530 
623 363 364 353 2531 2532 2533 
624 359 398 357 2534 2216 2535 
625 365 1077 360 2536 2537 2538 
626 363 1040 741 2539 2540 2541 
627 371 372 364 2542 2543 2544 
628 366 1189 1079 2545 2546 2547 
629 373 374 372 2548 2549 2550 
630 373 1082 401 2551 2552 2553 
631 381 382 374 2554 2555 2556 
632 379 949 391 2218 2557 2558 
633 522 1051 381 2559 2560 2561 
634 382 386 385 2562 2563 2564 
635 386 388 387 2565 2566 2567 
636 388 390 389 2568 2569 2570 
637 394 993 399 2571 2572 2573 
638 401 575 523 2574 2575 2576 
639 424 578 437 2577 2578 2579 
640 547 662 436 2580 2581 2375 
641 444 1207 924 2582 1931 2583 
642 460 1112 459 2584 2585 2586 
643 486 1004 488 2244 2587 2588 
644 983 1153 514 2589 1954 2242 
645 1015 1054 516 2590 2450 2423 
646 535 1125 518 2591 2401 2592 
647 528 530 526 2593 2594 2595 
648 541 559 558 2596 2597 2598 
649 551 652 596 2599 2183 2600 
650 551 722 652 2601 2602 2599 
651 553 602 601 2603 2604 2605 
652 554 646 555 2606 2457 2607 
653 563 564 562 2608 2609 2610 
654 627 667 577 2611 2612 2613 
655 581 633 582 2614 2615 2616 
656 651 917 584 1855 2617 2618 
657 622 1081 837 2619 2364 2620 
658 705 718 658 2621 2622 2623 
659 661 811 660 2624 2278 2625 
660 749 812 661 2626 2627 2628 
661 667 745 744 2629 2630 2631 
662 678 771 739 1962 2632 2633 
663 715 1097 914 2634 2635 2636 
664 729 1099 984 2637 1957 2638 
665 836 1028 1027 2120 2639 2419 
666 896 1299 1038 2511 2640 2641 
667 1002 1041 939 2229 2232 2642 
668 448 1008 319 2643 2644 2645 
669 326 328 327 2646 2647 2648 
670 982 1188 393 2649 2650 2050 
671 993 1057 399 2206 2651 2572 
672 451 1041 429 2233 2425 2652 
673 431 971 446 2653 2654 2655 
674 433 439 434 1940 2430 2656 
675 444 1009 433 2657 1938 2658 
676 662 1052 436 2127 2659 2581 
677 1022 1023 509 2660 2661 2171 
678 520 536 535 2662 2663 2664 
679 667 744 577 2631 2665 2612 
680 599 951 635 2666 2271 2667 
681 637 1059 600 2668 2408 2669 
682 635 977 636 2501 2670 2671 
683 920 921 640 2672 2673 1948 
684 723 850 652 2674 2675 2676 
685 765 1120 673 2677 2162 2678 
686 742 992 991 2679 2680 2681 
687 1163 1175 742 2682 2683 2684 
688 835 1177 748 2685 2686 2687 
689 852 859 764 2688 2689 2690 
690 974 975 800 2691 2692 2693 
691 834 1086 833 2694 2086 2695 
692 928 1007 931 2696 2028 2697 
693 1142 1191 477 2698 2124 2699 
694 488 1004 493 2587 2700 2701 
695 633 634 582 2702 2703 2615 
696 1190 1218 632 2704 2705 2706 
697 634 696 695 2707 2708 2709 
698 689 1012 693 2397 2710 2711 
699 770 846 755 2712 2384 2713 
700 928 930 929 2714 2313 2715 
701 1011 1086 408 2087 2716 2717 
702 1237 1240 484 2718 2719 2720 
703 534 1122 979 2721 2722 2723 
704 644 653 588 2724 2725 2726 
705 644 1143 653 2320 2727 2724 
706 645 799 798 2728 2729 2730 
707 1194 1240 758 2731 2732 2733 
708 819 902 817 2734 1748 2735 
709 1128 1129 1127 2736 1610 2737 
710 319 1008 317 2644 2738 2739 
711 420 1041 447 2426 2228 2740 
712 971 972 446 1924 2741 2654 
713 737 845 568 1712 2742 2743 
714 591 1099 747 1958 2744 2745 
715 603 699 602 2746 2185 2747 
716 740 1045 627 2748 2749 2750 
717 704 705 658 2751 2623 2752 
718 670 999 998 2753 2754 2755 
719 687 1096 1012 2756 2350 2396 
720 693 694 692 2757 2758 2759 
721 697 1014 776 2760 2761 2762 
722 885 1114 708 2763 2286 2764 
723 1028 1051 750 2765 2766 2767 
724 920 923 922 1901 2768 2769 
725 956 958 957 2770 2771 2772 
726 1117 1266 1238 2773 2774 2775 
727 961 1268 257 2776 2132 1999 
728 519 521 520 2777 2250 2778 
729 599 600 557 2779 2410 2780 
730 645 979 799 2781 2782 2728 
731 692 1097 715 2783 2634 2784 
732 843 1257 1241 2785 2786 2787 
733 846 1272 1206 2788 1933 2789 
734 329 990 327 2790 2791 2792 
735 329 1055 990 2793 2794 2790 
736 454 1039 743 2795 2796 2797 
737 844 1228 1204 2798 2799 2800 
738 937 1145 933 1878 2387 2801 
739 1179 1264 947 1914 2802 2803 
740 1059 1193 1162 2804 2367 2805 
741 310 1019 828 2359 2806 2807 
742 377 622 384 2808 2809 2810 
743 426 1088 410 2811 1889 2812 
744 424 1010 578 2813 2814 2577 
745 438 590 442 2225 2815 2816 
746 561 563 562 2817 2610 2818 
747 566 641 567 2819 2820 2821 
748 618 666 619 2822 2823 2824 
749 1047 1190 632 2825 2706 2267 
750 643 703 641 2826 2827 2828 
751 720 1221 646 2829 2830 2831 
752 668 1157 1095 2832 2315 2833 
753 1095 1242 668 2043 2834 2833 
754 679 926 678 2835 1960 2836 
755 781 1048 691 1757 2837 2838 
756 789 866 703 2839 2840 2841 
757 710 965 964 2021 2842 2843 
758 826 989 735 1972 2844 2845 
759 1021 1194 754 2846 2847 2356 
760 790 1248 792 2848 2849 2850 
761 888 889 805 1608 1714 2851 
762 822 1007 928 2071 2696 2852 
763 1079 1189 837 2546 2853 2366 
764 1124 1196 965 2854 2855 2020 
765 1042 1222 1058 2856 2857 2279 
766 1062 1186 1063 2858 2859 2860 
767 372 1083 453 2861 2862 2863 
768 390 394 392 2864 2865 2866 
769 414 1035 392 2867 2868 2869 
770 403 408 400 2870 2871 2872 
771 432 451 429 2873 2652 2874 
772 467 468 466 2875 2467 2876 
773 468 1053 469 2877 2878 2465 
774 497 669 495 2879 2444 2880 
775 528 1117 532 2881 2493 2882 
776 580 678 579 2883 2884 2885 
777 629 841 754 2886 2293 2887 
778 663 816 662 2888 2889 2890 
779 1121 1176 669 2891 2892 2893 
780 669 1176 1154 2892 2894 2442 
781 682 684 683 2895 2896 2897 
782 705 814 718 2898 2899 2621 
783 740 1076 1046 2900 2901 2902 
784 998 1002 745 2903 2904 2905 
785 995 1027 750 2906 2907 2908 
786 1229 1236 767 2130 2909 2910 
787 1238 1266 773 2774 2911 2912 
788 999 1001 998 2913 2914 2754 
789 411 424 423 2915 2916 2917 
790 424 437 436 2579 2376 2918 
791 437 847 547 2919 2920 2374 
792 446 972 553 2741 2145 2921 
793 471 1144 1053 2922 2923 2924 
794 474 476 473 2925 2470 2926 
795 476 480 478 2927 2517 2468 
796 530 995 526 2928 2929 2594 
797 680 773 682 2930 2931 2932 
798 684 1096 687 2933 2756 2934 
799 688 690 686 2935 2936 2937 
800 687 689 688 2398 2938 2939 
801 696 1289 1276 2940 2941 2942 
802 947 1057 834 2052 2205 2943 
803 854 855 853 2944 2945 2946 
804 932 980 936 2947 2412 2948 
805 1006 1015 398 2949 2214 2950 
806 913 1281 402 1916 2951 2334 
807 743 1031 456 2952 2953 2954 
808 458 460 459 2955 2586 2481 
809 459 1112 517 2585 2956 2957 
810 467 1020 470 2958 2959 2960 
811 480 489 481 2961 2439 2515 
812 496 498 497 2161 2962 2963 
813 500 502 501 2964 2965 2966 
814 502 510 503 2967 2968 2969 
815 505 506 504 2970 2971 2972 
816 505 736 568 2405 2973 2974 
817 676 677 545 2975 2140 2976 
818 623 838 625 2977 2978 2979 
819 655 977 713 2980 2981 2982 
820 669 1199 1121 2983 2089 2893 
821 681 721 679 2472 2984 2985 
822 693 774 697 2986 2987 2988 
823 746 757 756 2989 2990 2991 
824 1012 1013 774 2351 2992 2993 
825 783 896 895 2994 2995 2996 
826 976 990 835 2221 2997 2998 
827 1055 1177 835 2999 2685 3000 
828 935 937 933 3001 2801 3002 
829 295 1137 85 3003 3004 3005 
830 472 983 474 3006 3007 3008 
831 487 1172 1142 3009 3010 3011 
832 534 569 510 3012 3013 3014 
833 528 532 530 2882 3015 2593 
834 863 874 702 1438 3016 3017 
835 977 978 713 2061 3018 2981 
836 797 1025 1024 2299 3019 2479 
837 854 856 855 3020 2480 2944 
838 951 970 952 1977 3021 2269 
839 70 304 69 3022 3023 101 
840 72 280 71 3024 3025 103 
841 280 1065 71 3026 3027 3025 
842 75 272 74 3028 3029 106 
843 77 293 76 3030 3031 108 
844 79 264 78 3032 3033 110 
845 81 294 80 3034 3035 112 
846 84 258 83 3036 3037 115 
847 258 1136 83 1675 3038 3037 
848 86 295 85 3039 3005 117 
849 89 266 88 3040 3041 120 
850 91 296 90 3042 3043 122 
851 296 1138 90 1724 3044 3043 
852 93 274 92 3045 3046 124 
853 274 1068 92 3047 3048 3046 
854 96 283 95 3049 3050 127 
855 98 306 97 3051 3052 129 
856 306 1139 97 3053 3054 3052 
857 133 302 132 3055 3056 164 
858 135 279 134 3057 3058 166 
859 138 270 137 3059 3060 169 
860 140 297 139 3061 3062 171 
861 142 262 141 3063 3064 173 
862 144 298 143 3065 3066 175 
863 147 259 146 3067 3068 178 
864 149 299 148 3069 3070 180 
865 152 267 151 3071 3072 183 
866 154 300 153 3073 3074 185 
867 156 275 155 3075 3076 187 
868 159 282 158 3077 3078 190 
869 161 307 160 3079 3080 192 
870 313 710 311 3081 3082 3083 
871 316 317 315 3084 3085 3086 
872 327 428 325 3087 3088 3089 
873 334 335 333 3090 3091 3092 
874 351 352 348 3093 3094 3095 
875 354 355 352 3096 2167 3097 
876 358 359 357 3098 2535 3099 
877 362 1079 367 3100 3101 3102 
878 367 369 365 3103 3104 3105 
879 369 1080 365 3106 3107 3104 
880 371 373 372 3108 2550 2542 
881 741 1082 371 3109 3110 3111 
882 373 381 374 3112 2556 2548 
883 385 1083 374 3113 3114 3115 
884 376 1215 375 2328 3116 3117 
885 375 611 378 3118 3119 2168 
886 611 612 378 3120 3121 3119 
887 829 1080 378 3122 3123 3124 
888 391 396 380 3125 1780 3126 
889 401 522 381 3127 2561 3128 
890 382 393 386 3129 3130 2562 
891 387 1003 385 3131 3132 3133 
892 401 1082 575 2552 3134 2574 
893 538 574 434 3135 3136 2429 
894 438 1157 668 3137 2832 2223 
895 456 457 455 3138 3139 3140 
896 458 1031 461 3141 3142 3143 
897 474 482 477 3144 3145 3146 
898 485 515 486 3147 2245 3148 
899 488 491 487 3149 3150 3151 
900 492 1209 491 3152 3153 3154 
901 1209 1236 491 3155 3156 3153 
902 493 1089 494 2137 3157 3158 
903 1004 1181 493 1980 2135 2700 
904 494 512 508 3159 3160 3161 
905 554 555 507 2607 3162 3163 
906 513 1005 508 3164 2246 3165 
907 512 571 513 2449 3166 3167 
908 572 584 513 3168 3169 3170 
909 584 1005 513 3171 3164 3169 
910 523 524 522 3172 3173 3174 
911 536 537 535 3175 3176 2663 
912 538 674 574 3177 3178 3135 
913 544 579 542 3179 2417 3180 
914 1016 1214 550 3181 3182 3183 
915 571 996 572 3184 3185 3186 
916 573 660 571 3187 3188 2448 
917 572 996 586 3185 2341 2175 
918 573 1089 749 3189 3190 3191 
919 585 651 584 3192 2618 3193 
920 595 1196 1124 2354 2854 3194 
921 604 716 605 3195 3196 3197 
922 604 717 716 3198 3199 3195 
923 611 915 612 3200 1909 3120 
924 1031 1060 613 3201 2263 3202 
925 620 1006 616 3203 3204 3205 
926 625 1034 628 3206 2265 3207 
927 636 977 655 2670 2980 3208 
928 638 726 637 3209 3210 3211 
929 807 809 648 3212 2273 3213 
930 850 1169 652 3214 2181 2675 
931 837 1167 665 3215 3216 3217 
932 667 998 745 3218 2905 2629 
933 746 756 673 2991 3219 3220 
934 1058 1222 674 2857 3221 3222 
935 701 1165 876 2275 3223 3224 
936 714 897 808 2041 3225 3226 
937 715 914 913 2636 1917 3227 
938 717 751 716 3228 3229 3199 
939 717 901 751 3230 2198 3228 
940 725 1153 983 3231 2589 3232 
941 729 984 727 2638 3233 3234 
942 730 731 729 3235 3236 3237 
943 731 1099 729 3238 2637 3236 
944 730 872 870 1898 1629 3239 
945 870 871 731 3240 3241 3242 
946 743 1180 1060 3243 2322 3244 
947 752 1167 744 3245 3246 3247 
948 757 1202 844 3248 3249 3250 
949 757 1190 1047 3251 2825 3252 
950 761 840 760 3253 3254 3255 
951 794 796 795 3256 3257 3258 
952 807 862 809 3259 3260 3212 
953 822 927 903 3261 1807 3262 
954 832 1100 1026 3263 3264 2305 
955 928 931 930 2697 3265 2714 
956 1125 1175 1163 3266 2682 3267 
957 316 1073 318 3268 3269 3270 
958 317 1008 595 2738 3271 3272 
959 633 770 755 3273 2713 3274 
960 721 926 679 3275 2835 2984 
961 682 1096 684 3276 2933 2895 
962 773 1096 682 2116 3276 2931 
963 685 822 821 2072 3277 3278 
964 709 1114 762 2287 3279 3280 
965 715 913 781 3227 3281 3282 
966 721 961 926 3283 2015 3275 
967 935 946 937 3284 1852 3001 
968 311 963 309 3285 2389 3286 
969 314 315 313 3287 3288 3289 
970 318 452 320 3290 3291 3292 
971 331 1055 329 3293 2793 3294 
972 333 409 331 3295 3296 3297 
973 332 540 334 3298 1731 3299 
974 335 1030 333 3300 3301 3091 
975 337 991 335 3302 3303 3304 
976 339 383 337 3305 3306 3307 
977 338 341 340 3308 3309 3310 
978 341 343 342 3311 3312 3313 
979 343 345 344 3314 3315 3316 
980 827 1056 344 2302 3317 3318 
981 345 347 346 3319 3320 3321 
982 347 349 348 3322 3323 3324 
983 454 455 383 3325 3326 3327 
984 455 1163 742 3328 2684 3329 
985 461 1031 613 3142 3202 2487 
986 482 514 485 2243 3330 3331 
987 525 531 527 3332 3333 3334 
988 537 617 535 3335 3336 3176 
989 558 1156 583 2258 3337 2251 
990 580 680 679 3338 3339 3340 
991 619 629 620 3341 3342 3343 
992 636 638 637 3344 3211 3345 
993 675 706 659 3346 3347 3348 
994 676 772 769 3349 3350 3351 
995 692 715 691 2784 3352 3353 
996 739 1211 1044 3354 3355 3356 
997 742 1175 992 2683 3357 2679 
998 757 844 756 3250 3358 2990 
999 786 942 919 3359 2033 3360 
1000 1276 1289 1192 2941 3361 3362 
1001 465 467 466 2436 2876 3363 
1002 467 470 468 2960 3364 2875 
1003 484 1020 467 2441 2958 2435 
1004 470 472 471 3365 3366 3367 
1005 481 1154 478 3368 3369 2516 
1006 480 623 489 3370 3371 2961 
1007 490 495 481 3372 3373 2438 
1008 490 1160 511 3374 2067 3375 
1009 496 497 495 2963 2880 3376 
1010 500 501 499 2966 3377 3378 
1011 502 1122 534 3379 2721 3380 
1012 510 1017 503 3381 2445 2968 
1013 592 1119 504 3382 3383 3384 
1014 506 1161 593 3385 3386 3387 
1015 569 589 510 3388 3389 3013 
1016 534 979 570 2723 3390 3391 
1017 588 1198 569 3392 3393 3394 
1018 570 645 644 3395 3396 3397 
1019 653 712 588 3398 3399 2725 
1020 712 1198 588 2004 3392 3399 
1021 596 672 671 2378 2418 3400 
1022 838 1034 625 3401 3206 2978 
1023 663 817 816 3402 1896 2888 
1024 672 1169 806 2377 3403 2523 
1025 874 1143 702 3404 2319 3016 
1026 765 1121 1120 3405 2091 2677 
1027 818 819 817 3406 2735 3407 
1028 1202 1203 844 2236 3408 3249 
1029 1248 1270 854 3409 3410 3411 
1030 868 869 867 3412 3413 3414 
1031 1122 1187 979 3415 3416 2722 
1032 1062 1063 1061 2860 3417 3418 
1033 1120 1199 1119 2090 3419 3420 
1034 1171 1176 1121 3421 2891 3422 
1035 1154 1176 1144 2894 3423 3424 
1036 312 313 311 3425 3083 3426 
1037 356 1050 358 3427 3428 3429 
1038 358 361 360 3430 3431 3432 
1039 361 366 362 3433 3434 3435 
1040 576 577 366 3436 3437 3438 
1041 370 377 376 3439 3440 3441 
1042 622 664 384 3442 3443 2809 
1043 614 1003 387 3444 3131 3445 
1044 395 400 394 3446 3447 3448 
1045 404 406 396 2011 1888 3449 
1046 397 407 405 3450 3451 3452 
1047 615 616 398 3453 3454 3455 
1048 407 419 410 3456 3457 3458 
1049 411 412 408 3459 3460 3461 
1050 423 425 412 3462 3463 3464 
1051 419 435 426 3465 3466 3467 
1052 436 1052 423 2659 3468 3469 
1053 425 431 427 3470 3471 3472 
1054 441 1088 426 1930 2811 3473 
1055 430 444 433 3474 2658 3475 
1056 431 445 443 3476 3477 3478 
1057 438 442 435 2816 3479 3480 
1058 435 1016 440 3481 3482 3483 
1059 440 550 449 3484 3485 3486 
1060 590 591 442 3487 3488 2815 
1061 548 549 443 3489 2433 3490 
1062 561 562 450 2818 2231 3491 
1063 463 465 464 3492 3493 3494 
1064 472 474 473 3008 2926 3495 
1065 725 983 472 3232 3006 3496 
1066 478 1144 473 3497 3498 2469 
1067 476 1191 480 2125 3499 2927 
1068 502 503 501 2969 3500 2965 
1069 503 505 504 2446 2972 3501 
1070 505 568 506 2974 3502 2970 
1071 511 1116 1024 2069 2477 2393 
1072 520 973 536 2249 2256 2662 
1073 559 594 558 3503 2259 2597 
1074 566 567 564 2821 3504 3505 
1075 566 1092 643 3506 3507 3508 
1076 641 642 567 3509 1771 2820 
1077 736 737 568 3510 2743 2973 
1078 674 824 574 3511 3512 3178 
1079 678 739 579 2633 3513 2884 
1080 608 724 607 3514 3515 3516 
1081 618 619 616 2824 3517 3518 
1082 623 625 624 2979 3519 3520 
1083 645 798 702 2730 3521 3522 
1084 719 720 646 3523 2831 3524 
1085 714 807 648 3525 3213 2260 
1086 653 1143 810 2727 3526 3527 
1087 665 997 664 3528 1893 3529 
1088 670 1045 1000 3530 3531 3532 
1089 756 765 673 3533 2678 3219 
1090 676 769 677 3351 3534 2975 
1091 1027 1155 677 3535 2138 2420 
1092 693 1012 774 2710 2993 2986 
1093 924 925 718 1932 3536 3537 
1094 803 861 720 3538 3539 3540 
1095 734 1054 732 3541 3542 3543 
1096 733 758 735 3544 3545 3546 
1097 738 805 737 3547 1671 3548 
1098 747 1099 985 2744 3549 3550 
1099 776 1123 777 3551 3552 3553 
1100 849 916 784 3554 3555 3556 
1101 790 792 791 2850 2295 3557 
1102 799 800 798 3558 3559 2729 
1103 801 974 800 3560 2693 3561 
1104 842 1029 824 3562 1882 3563 
1105 1078 1080 829 3564 3122 3565 
1106 829 1118 1078 3566 3567 3565 
1107 1142 1172 838 3010 3568 3569 
1108 1153 1174 841 3570 2291 2357 
1109 1203 1228 844 3571 2798 3408 
1110 871 986 985 3572 3573 3574 
1111 925 1264 1245 3575 1913 3576 
1112 1022 1024 1023 2394 3577 2660 
1113 1046 1076 1075 2901 3578 3579 
1114 285 1101 12 1817 3580 3581 
1115 265 1064 14 1782 3582 3583 
1116 286 1102 16 1864 3584 3585 
1117 287 1103 21 3586 3587 3588 
1118 288 1104 26 3589 3590 3591 
1119 301 1106 33 3592 3593 3594 
1120 70 1065 304 3595 1719 3022 
1121 72 1126 280 3596 3597 3024 
1122 73 1184 1126 3598 3599 3600 
1123 75 1132 272 3601 3602 3028 
1124 77 1066 293 3603 3604 3030 
1125 79 1133 264 3605 1426 3032 
1126 81 1135 294 3606 1420 3034 
1127 82 1136 1135 3607 3608 3609 
1128 84 1137 258 3610 3611 3036 
1129 89 1138 266 3612 3613 3040 
1130 91 1068 296 3614 1408 3042 
1131 96 1139 283 3615 1703 3049 
1132 147 1140 259 3616 3617 3067 
1133 278 1069 197 1398 3618 3619 
1134 271 1070 200 3620 3621 3622 
1135 268 1071 214 3623 3624 3625 
1136 292 1111 216 3626 3627 3628 
1137 1131 1184 272 3629 3630 3631 
1138 946 1261 276 3632 3633 1875 
1139 710 963 311 3634 3285 3082 
1140 314 316 315 3635 3086 3287 
1141 316 318 317 3270 3636 3084 
1142 621 1073 316 3637 3268 3638 
1143 452 1043 320 3639 3640 3291 
1144 324 326 325 3641 3642 3643 
1145 328 330 329 3644 3645 3646 
1146 330 332 331 3647 3648 3649 
1147 409 1055 331 3650 3293 3296 
1148 334 336 335 1764 3651 3090 
1149 991 1030 335 3652 3300 3303 
1150 383 991 337 3653 3302 3306 
1151 338 340 339 3310 3654 3655 
1152 339 1039 454 3656 2795 3657 
1153 341 342 340 3313 3658 3309 
1154 343 344 342 3316 3659 3312 
1155 342 1056 350 3660 1926 3661 
1156 345 346 344 3321 3662 3315 
1157 347 348 346 3324 3663 3320 
1158 346 1074 827 3664 2092 3665 
1159 349 351 348 3666 3095 3323 
1160 349 1040 363 3667 2539 3668 
1161 351 354 352 2530 3097 3093 
1162 353 1075 351 3669 2528 3670 
1163 516 1074 352 2406 3671 2166 
1164 354 356 355 2373 3672 3096 
1165 1075 1076 354 3578 2371 2529 
1166 356 358 357 3429 3099 3673 
1167 358 360 359 3432 3674 3098 
1168 359 1077 615 3675 3676 3677 
1169 361 362 360 3435 3678 3431 
1170 361 1050 576 3679 2178 3680 
1171 362 367 365 3102 3105 3681 
1172 366 1079 362 2547 3100 3434 
1173 363 741 371 2541 3111 3682 
1174 372 453 364 2863 3683 2543 
1175 577 1189 366 3684 2545 3437 
1176 367 370 369 3685 3686 3103 
1177 1079 1081 367 2365 3687 3101 
1178 378 1080 369 3123 3106 2169 
1179 370 376 375 3441 3117 3688 
1180 371 1082 373 3110 2551 3108 
1181 374 1083 372 3114 2861 2549 
1182 373 401 381 2553 3128 3112 
1183 382 385 374 2564 3115 2555 
1184 377 379 376 3689 3690 3440 
1185 377 1081 622 3691 2619 2808 
1186 612 829 378 2189 3124 3121 
1187 379 391 380 2558 3126 3692 
1188 382 1051 393 3693 3694 3129 
1189 455 742 383 3329 3695 3326 
1190 664 831 384 2037 2424 3443 
1191 386 387 385 2567 3133 2563 
1192 388 389 387 2570 3696 2566 
1193 390 392 389 2866 3697 2569 
1194 389 1035 614 3698 3699 3700 
1195 390 1084 395 3701 2330 3702 
1196 391 397 396 3703 3704 3125 
1197 949 1085 391 3705 3706 2557 
1198 400 993 394 3707 2571 3447 
1199 395 753 403 2332 3708 3709 
1200 397 405 404 3452 3710 3711 
1201 616 1006 398 3204 2950 3454 
1202 399 415 414 3712 3713 3714 
1203 408 1086 400 2716 3715 2871 
1204 401 523 522 2576 3174 3127 
1205 407 410 405 3458 1767 3451 
1206 419 426 410 3467 2812 3457 
1207 425 427 412 3472 3716 3463 
1208 425 1052 971 3717 1992 3718 
1209 435 440 426 3483 3719 3466 
1210 431 443 427 3478 3720 3471 
1211 430 433 432 3475 3721 3722 
1212 574 1115 434 3723 2335 3136 
1213 439 539 538 3724 3725 2428 
1214 440 449 441 3486 3726 3727 
1215 591 747 442 2745 3728 3488 
1216 449 560 450 3729 3730 3731 
1217 454 743 456 2797 2954 3732 
1218 457 1163 455 3733 3328 3139 
1219 456 1031 458 2953 3141 3734 
1220 459 479 457 3735 3736 2482 
1221 458 461 460 3143 3737 2955 
1222 475 1112 460 3738 2584 2485 
1223 461 463 462 2489 3739 3740 
1224 474 477 476 3146 2126 2925 
1225 482 483 477 3741 3742 3145 
1226 486 488 487 2588 3151 3743 
1227 488 492 491 3744 3154 3149 
1228 493 494 492 3158 3745 3746 
1229 494 508 507 3161 3747 3748 
1230 498 500 499 3749 3378 3750 
1231 512 513 508 3167 3165 3160 
1232 512 1089 573 3751 3189 2447 
1233 571 572 513 3186 3170 3166 
1234 1063 1186 514 2859 3752 1956 
1235 519 520 518 2778 3753 3754 
1236 519 1195 541 3755 3756 3757 
1237 750 1051 522 2766 2559 3758 
1238 523 525 524 3759 2492 3172 
1239 525 527 526 3334 3760 2490 
1240 527 529 528 3761 3762 3763 
1241 617 1125 535 3764 2591 3336 
1242 536 556 537 3765 3766 3175 
1243 538 1058 674 3767 3222 3177 
1244 551 596 539 2600 3768 3769 
1245 541 943 559 3770 2317 2596 
1246 544 580 579 3771 2885 3179 
1247 548 597 549 2454 3772 3489 
1248 607 1037 549 2458 2431 3773 
1249 1214 1256 550 3774 3775 3182 
1250 551 1009 722 2094 1800 2601 
1251 601 639 552 3776 3777 3778 
1252 553 603 602 2147 2747 2603 
1253 554 719 646 2174 3524 2606 
1254 647 767 555 1989 3779 2456 
1255 556 599 557 3780 2780 3781 
1256 1059 1162 557 2805 3782 2409 
1257 559 631 594 3783 3784 3503 
1258 561 565 563 3785 2363 2817 
1259 563 1092 566 2362 3506 3786 
1260 567 606 564 1751 3787 3504 
1261 566 643 641 3508 2828 2819 
1262 570 588 569 3788 3394 3789 
1263 660 996 571 2460 3184 3188 
1264 572 585 584 2177 3193 3168 
1265 573 749 661 3191 2628 3790 
1266 824 825 574 2119 3791 3512 
1267 576 740 627 2180 2750 3792 
1268 634 695 582 2709 3793 2703 
1269 583 1234 973 2522 2463 3794 
1270 917 1005 584 1991 3171 2617 
1271 604 605 587 3197 3795 3796 
1272 593 673 592 3797 2164 3798 
1273 592 1120 1119 2163 3420 3382 
1274 593 839 746 3799 3800 3801 
1275 659 711 594 3802 3803 3804 
1276 597 1178 598 2076 3805 3806 
1277 598 609 608 3807 3808 3809 
1278 599 635 600 2667 3810 2779 
1279 654 951 599 3811 2666 3812 
1280 604 1026 717 3813 3814 3198 
1281 716 1164 605 3815 2186 3196 
1282 724 833 607 3816 2459 3515 
1283 609 657 610 3817 3818 3819 
1284 615 1078 618 3820 3821 3822 
1285 619 620 616 3343 3205 3517 
1286 618 1118 666 3823 3824 2822 
1287 622 837 665 2620 3217 3825 
1288 625 628 626 3207 3826 3827 
1289 650 1094 626 2505 3828 2499 
1290 628 766 649 3829 2503 3830 
1291 636 655 638 3208 3831 3344 
1292 726 748 637 3832 3833 3210 
1293 643 789 703 2344 2841 2826 
1294 645 702 644 3522 2321 3396 
1295 794 795 650 3258 2506 3834 
1296 655 708 656 3835 3836 3837 
1297 760 1220 656 2476 3838 3839 
1298 657 704 658 3840 2752 3841 
1299 816 823 662 1863 2128 2889 
1300 663 818 817 3842 3407 3402 
1301 670 1000 999 3532 3843 2753 
1302 674 1222 842 3221 2347 3844 
1303 680 681 679 3845 2985 3339 
1304 684 685 683 3846 3847 2896 
1305 689 693 692 2711 2759 3848 
1306 715 781 691 3282 2838 3352 
1307 693 697 694 2988 3849 2757 
1308 786 919 699 3360 2184 3850 
1309 701 876 860 3224 1443 2507 
1310 704 904 705 3851 1910 2751 
1311 705 815 814 1912 3852 2898 
1312 713 885 708 3853 2764 3854 
1313 709 762 761 3280 3855 3856 
1314 714 808 807 3226 3857 3525 
1315 719 803 720 1881 3540 3523 
1316 724 1179 947 3858 2803 3859 
1317 984 1042 727 2400 2112 3233 
1318 728 730 729 2194 3237 3860 
1319 806 948 728 3861 2193 2524 
1320 730 870 731 3239 3242 3235 
1321 1018 1054 734 2451 3541 3862 
1322 758 826 735 3863 2845 3545 
1323 735 989 950 2844 2097 3864 
1324 740 1046 1045 2902 3865 2748 
1325 743 1060 1031 3244 3201 2952 
1326 745 752 744 3866 3247 2630 
1327 749 813 812 3867 3868 2626 
1328 1089 1181 749 2136 3869 3190 
1329 1027 1028 750 2639 2767 2907 
1330 752 1173 1167 3870 3871 3245 
1331 844 1204 756 2800 3872 3358 
1332 766 1166 1165 3873 3874 2502 
1333 777 780 779 3875 3876 3877 
1334 780 784 783 3878 3879 3880 
1335 785 849 784 3881 3556 3882 
1336 790 791 789 3557 3883 2343 
1337 796 797 795 3884 3885 3257 
1338 795 1116 1094 3886 2123 2504 
1339 880 888 805 1455 2851 3887 
1340 897 898 808 1741 2201 3225 
1341 830 1118 829 3888 3566 2188 
1342 945 1151 830 2024 3889 2324 
1343 1029 1242 831 3890 2042 2036 
1344 907 1100 832 1857 3263 2203 
1345 990 1055 835 2794 3000 2997 
1346 837 1189 1167 2853 3891 3215 
1347 839 1218 1190 3892 2704 3893 
1348 840 1230 1146 3894 3895 2310 
1349 856 868 867 3896 3414 2325 
1350 871 987 986 3897 3898 3572 
1351 911 912 910 1777 3899 1904 
1352 1195 1201 943 3900 3901 3902 
1353 992 1036 1030 3903 3904 3905 
1354 1001 1002 998 2227 2903 2914 
1355 1001 1223 1087 3906 3907 2106 
1356 1006 1054 1015 3908 2590 2949 
1357 1062 1233 1186 2098 3909 2858 
1358 1077 1080 1078 3910 3564 3911 
1359 1093 1240 1237 3912 2718 3913 
1360 1126 1128 1127 3914 2737 3915 
1361 1128 1130 1129 3916 1696 2736 
1362 1128 1131 1130 3917 1470 3916 
1363 1104 1105 261 3918 2527 3919 
1364 318 1073 452 3269 3920 3290 
1365 322 1043 402 3921 2066 3922 
1366 323 1225 1146 3923 2308 3924 
1367 333 1030 409 3301 3925 3295 
1368 748 1059 637 3926 2668 3833 
1369 653 804 712 3927 2192 3398 
1370 684 686 685 3928 2149 3846 
1371 694 1097 692 3929 2783 2758 
1372 777 778 698 3930 3931 3932 
1373 736 738 737 1984 3548 3510 
1374 783 895 779 2996 1739 3933 
1375 896 1038 895 2641 1732 2995 
1376 1283 1288 1158 3934 3935 3936 
1377 8 281 7 2047 3937 39 
1378 10 1205 9 3938 3939 41 
1379 11 276 10 3940 3941 42 
1380 13 285 12 3942 3581 44 
1381 15 265 14 3943 3583 46 
1382 17 286 16 3944 3585 48 
1383 20 257 19 3945 2134 51 
1384 22 287 21 3946 3588 53 
1385 25 261 24 3947 3948 56 
1386 27 288 26 3949 3591 58 
1387 29 269 28 3950 3951 60 
1388 32 277 31 3952 3953 63 
1389 34 301 33 3954 3594 65 
1390 272 1184 74 3630 3955 3029 
1391 196 303 195 3956 3957 227 
1392 198 278 197 3958 3619 229 
1393 201 271 200 3959 3622 232 
1394 203 289 202 3960 3961 234 
1395 205 263 204 3962 3963 236 
1396 207 290 206 1480 3964 238 
1397 210 260 209 3965 3966 241 
1398 212 291 211 3967 3968 243 
1399 215 268 214 3969 3625 246 
1400 217 292 216 3970 3628 248 
1401 219 273 218 1396 3971 250 
1402 222 284 221 3972 3973 253 
1403 224 305 223 3974 3975 255 
1404 281 310 309 2360 3976 3977 
1405 453 1208 1159 3978 3979 3980 
1406 515 1233 1090 3981 2314 2073 
1407 711 1156 594 3982 2257 3803 
1408 861 875 720 1433 3983 3539 
1409 877 878 788 3984 3985 3986 
1410 796 865 802 3987 3988 3989 
1411 810 887 886 3990 3991 3992 
1412 1070 1109 1108 3993 3994 3995 
1413 281 308 7 3996 3997 3937 
1414 326 327 325 2648 3089 3642 
1415 328 329 327 3646 2792 2647 
1416 327 990 428 2791 2220 3087 
1417 330 1149 332 3998 3999 3647 
1418 340 1039 339 4000 3656 3654 
1419 348 1074 346 4001 3664 3663 
1420 352 1074 348 3671 4001 3094 
1421 349 363 353 3668 2533 4002 
1422 363 371 364 3682 2544 2531 
1423 453 1185 364 4003 4004 3683 
1424 381 1051 382 2560 3693 2554 
1425 393 1188 386 2650 4005 3130 
1426 1030 1036 409 3904 4006 3925 
1427 415 1057 418 4007 2051 4008 
1428 424 436 423 2918 3469 2916 
1429 1159 1185 453 4009 4003 3980 
1430 1204 1228 469 2799 4010 4011 
1431 523 1032 525 4012 4013 3759 
1432 526 995 524 2929 4014 2491 
1433 525 1032 531 4013 4015 3332 
1434 753 1249 1241 4016 4017 4018 
1435 1019 1205 828 4019 4020 2806 
1436 993 1086 834 4021 2694 2207 
1437 954 955 953 4022 4023 4024 
1438 956 957 955 2772 1587 4025 
1439 958 959 957 4026 4027 2771 
1440 992 1030 991 3905 3652 2680 
1441 992 1113 1036 4028 4029 3903 
1442 1003 1208 1083 4030 4031 4032 
1443 11 1101 276 4033 1874 3940 
1444 13 1064 285 4034 1870 3942 
1445 15 1102 265 4035 1795 3943 
1446 20 1103 257 4036 4037 3945 
1447 25 1104 261 4038 3919 3947 
1448 32 1106 277 4039 4040 3952 
1449 34 1107 301 4041 4042 3954 
1450 196 1069 303 4043 1704 3956 
1451 198 1108 278 4044 4045 3958 
1452 212 1110 291 4046 4047 3967 
1453 215 1111 268 4048 1662 3969 
1454 217 1072 292 4049 4050 3970 
1455 310 311 309 4051 3286 3976 
1456 310 312 311 4052 3426 4051 
1457 312 314 313 4053 3289 3425 
1458 313 1124 710 4054 2019 3081 
1459 314 621 316 4055 3638 3635 
1460 317 595 315 3272 4056 3085 
1461 320 1043 322 3640 3921 4057 
1462 517 519 518 4058 3754 2238 
1463 845 1161 568 4059 4060 2742 
1464 580 679 678 3340 2836 2883 
1465 603 700 699 4061 2381 2746 
1466 682 683 681 2897 2027 4062 
1467 685 821 683 3278 2285 3847 
1468 684 687 686 2934 4063 3928 
1469 689 692 691 3848 3353 4064 
1470 700 782 768 4065 4066 2379 
1471 726 835 748 4067 2687 3832 
1472 787 788 775 4068 4069 4070 
1473 780 783 779 3880 3933 3876 
1474 799 801 800 1986 3561 3558 
1475 934 935 933 4071 3002 4072 
1476 954 956 955 4073 4025 4022 
1477 1303 1307 1049 1837 4074 4075 
1478 281 309 308 3977 4076 3996 
1479 532 533 530 4077 4078 3015 
1480 543 546 545 4079 4080 4081 
1481 543 581 546 4082 4083 4079 
1482 689 691 688 4064 4084 2938 
1483 1061 1063 841 3417 2358 4085 
1484 920 922 921 2769 4086 2672 
1485 931 932 930 4087 4088 3265 
1486 965 966 964 4089 1626 2842 
1487 276 1205 10 4090 3938 3941 
1488 310 828 312 2807 4091 4052 
1489 318 319 317 4092 2739 3636 
1490 320 321 319 4093 4094 4095 
1491 322 323 321 4096 4097 4098 
1492 356 1076 1050 2372 4099 3427 
1493 358 1050 361 3428 3679 3430 
1494 365 1080 1077 3107 3910 2536 
1495 370 375 369 3688 2170 3686 
1496 388 1084 390 4100 3701 2568 
1497 392 1035 389 2868 3698 3697 
1498 403 411 408 4101 3461 2870 
1499 405 413 404 1825 1867 3710 
1500 411 423 412 2917 3464 3459 
1501 415 416 414 4102 4103 3713 
1502 423 1052 425 3468 3717 3462 
1503 425 971 431 3718 2653 3470 
1504 431 446 445 2655 4104 3476 
1505 433 434 432 2656 2337 3721 
1506 440 1016 550 3482 3183 3484 
1507 507 1209 492 4105 3152 4106 
1508 541 558 521 2598 2253 4107 
1509 532 542 533 4108 2497 4077 
1510 543 545 533 4081 2519 2496 
1511 546 676 545 4109 2976 4080 
1512 576 627 577 3792 2613 3436 
1513 695 1168 582 4110 4111 3793 
1514 598 608 607 3809 3516 4112 
1515 609 610 608 3819 4113 3808 
1516 608 1179 724 4114 3858 3514 
1517 630 732 620 4115 4116 4117 
1518 654 953 951 4118 1978 3811 
1519 665 1173 997 4119 2301 3528 
1520 690 1007 686 2029 2148 2936 
1521 776 777 698 3553 3932 4120 
1522 728 729 727 3860 3234 2282 
1523 733 734 732 4121 3543 4122 
1524 735 950 734 3864 4123 4124 
1525 745 1002 939 2904 2642 4125 
1526 782 848 768 4126 4127 4066 
1527 780 1123 785 4128 4129 4130 
1528 797 1116 795 2478 3886 3885 
1529 811 908 907 4131 1784 2202 
1530 822 903 821 3262 4132 3277 
1531 842 1242 1029 4133 3890 3562 
1532 1075 1185 1046 4134 4135 3579 
1533 7 308 6 3997 4136 38 
1534 12 1101 11 3580 4033 43 
1535 14 1064 13 3582 4034 45 
1536 16 1102 15 3584 4035 47 
1537 21 1103 20 3587 4036 52 
1538 26 1104 25 3590 4038 57 
1539 33 1106 32 3593 4039 64 
1540 35 1107 34 4137 4041 66 
1541 197 1069 196 3618 4043 228 
1542 199 1108 198 4138 4044 230 
1543 200 1070 199 3621 4139 231 
1544 1070 1108 199 3995 4138 4139 
1545 213 1110 212 4140 4046 244 
1546 214 1071 213 3624 4141 245 
1547 1071 1110 213 1424 4140 4141 
1548 216 1111 215 3627 4048 247 
1549 218 1072 217 4142 4049 249 
1550 273 1072 218 1452 4142 3971 
1551 309 879 308 2390 4143 4076 
1552 321 448 319 4144 2645 4094 
1553 322 402 324 3922 4145 4146 
1554 399 1057 415 2651 4007 3712 
1555 411 1010 424 4147 2813 2915 
1556 1146 1230 448 3895 2018 4148 
1557 465 466 464 3363 4149 3493 
1558 1053 1171 469 4150 4151 2878 
1559 470 1020 725 2959 4152 4153 
1560 495 1154 481 2443 3368 3373 
1561 506 592 504 4154 3384 2971 
1562 532 544 542 2495 3180 4108 
1563 543 1044 581 2414 4155 4082 
1564 598 607 549 4112 3773 4156 
1565 609 707 657 4157 4158 3817 
1566 709 761 760 3856 3255 4159 
1567 723 851 850 4160 4161 2674 
1568 724 834 833 4162 2695 3816 
1569 769 843 836 4163 4164 4165 
1570 780 785 784 4130 3882 3878 
1571 979 1187 799 3416 1985 2782 
1572 1087 1223 1035 3907 4166 4167 
1573 318 320 319 3292 4095 4092 
1574 320 322 321 4057 4098 4093 
1575 322 324 323 4146 4168 4096 
1576 445 548 443 2144 3490 3477 
1577 472 473 471 3495 4169 3366 
1578 490 511 496 3375 4170 4171 
1579 534 570 569 3391 3789 3012 
1580 1117 1238 544 2775 4172 2494 
1581 739 1044 579 3356 2416 3513 
1582 619 1061 629 4173 4174 3341 
1583 626 1094 624 3828 4175 4176 
1584 691 1048 688 2837 4177 4084 
1585 774 1014 697 4178 2760 2987 
1586 710 964 963 2843 1660 3634 
1587 721 962 961 4179 4180 3283 
1588 726 976 835 4181 2998 4067 
1589 818 820 819 4182 4183 3406 
1590 822 928 927 2852 4184 3261 
1591 838 1172 1034 3568 4185 3401 
1592 839 1232 1218 2209 4186 3892 
1593 1196 1254 878 2353 4187 2007 
1594 932 933 930 4188 2388 4088 
1595 965 1196 968 2855 2006 4189 
1596 293 1132 76 4190 4191 3031 
1597 264 1066 78 1624 4192 3033 
1598 294 1133 80 4193 4194 3035 
1599 299 1140 148 4195 4196 3070 
1600 1140 1141 259 4197 4198 3617 
1601 1126 1127 280 3915 4199 3597 
1602 1066 1067 293 1623 4200 3604 
1603 324 325 323 3643 4201 4168 
1604 338 339 337 3655 3307 4202 
1605 339 454 383 3657 3327 3305 
1606 342 350 340 3661 4203 3658 
1607 343 422 345 4204 4205 3314 
1608 346 827 344 3665 3318 3662 
1609 742 991 383 2681 3653 3695 
1610 409 1177 1055 4206 2999 3650 
1611 454 456 455 3732 3140 3325 
1612 479 1163 457 4207 3733 3736 
1613 461 462 460 3740 2486 3737 
1614 1125 1163 479 3267 4207 2402 
1615 482 485 483 3331 4208 3741 
1616 487 1142 483 3011 4209 4210 
1617 514 1186 485 3752 4211 3330 
1618 491 1172 487 4212 3009 3150 
1619 488 493 492 2701 3746 3744 
1620 501 1119 499 4213 4214 3377 
1621 568 1161 506 4060 3385 3502 
1622 506 593 592 3387 3798 4154 
1623 583 973 521 3794 2248 2252 
1624 527 528 526 3763 2595 3760 
1625 635 636 600 2671 4215 3810 
1626 655 713 708 2982 3854 3835 
1627 709 760 656 4159 3839 4216 
1628 666 1062 1061 4217 3418 4218 
1629 768 786 699 4219 3850 2380 
1630 732 1054 1006 3542 3908 4220 
1631 765 1171 1121 4221 3422 3405 
1632 1241 1249 843 4017 4222 2787 
1633 931 980 932 1843 2947 4087 
1634 965 968 966 4189 4223 4089 
1635 1053 1176 1171 4224 3421 4150 
1636 446 553 552 2921 4225 4226 
1637 503 504 501 3501 4227 3500 
1638 502 534 510 3380 3014 2967 
1639 596 671 539 3400 4228 3768 
1640 581 582 546 2616 4229 4083 
1641 546 1168 676 4230 4231 4109 
1642 547 663 662 4232 2890 2580 
1643 625 626 624 3827 4176 3519 
1644 725 1174 1153 4233 3570 3231 
1645 845 1232 1161 4234 2208 4059 
1646 1206 1243 846 4235 2382 2789 
1647 932 934 933 4236 4072 4188 
1648 968 969 966 4237 4238 4223 
1649 71 1065 70 3027 3595 102 
1650 73 1126 72 3600 3596 104 
1651 74 1184 73 3955 3598 105 
1652 76 1132 75 4191 3601 107 
1653 78 1066 77 4192 3603 109 
1654 80 1133 79 4194 3605 111 
1655 82 1135 81 3609 3606 113 
1656 83 1136 82 3038 3607 114 
1657 85 1137 84 3004 3610 116 
1658 90 1138 89 3044 3612 121 
1659 92 1068 91 3048 3614 123 
1660 97 1139 96 3054 3615 128 
1661 148 1140 147 4196 3616 179 
1662 328 368 330 4239 4240 3644 
1663 330 331 329 3649 3294 3645 
1664 332 333 331 4241 3297 3648 
1665 336 337 335 4242 3304 3651 
1666 350 1039 340 4243 4000 4203 
1667 347 1040 349 4244 3667 3322 
1668 349 353 351 4002 3670 3666 
1669 350 1180 1039 2323 4245 4243 
1670 353 1185 1075 4246 4134 3669 
1671 356 357 355 3673 4247 3672 
1672 368 1150 1149 4248 4249 4250 
1673 1003 1083 385 4032 3113 3132 
1674 391 1085 397 3706 4251 3703 
1675 393 1051 1028 3694 2765 2048 
1676 415 418 417 4008 4252 4253 
1677 420 447 416 2740 4254 4255 
1678 439 551 539 2095 3769 3724 
1679 444 1263 1009 4256 1798 2657 
1680 456 458 457 3734 2483 3138 
1681 463 464 462 3494 4257 3739 
1682 471 1053 468 2924 2877 4258 
1683 474 983 482 3007 2241 3144 
1684 483 1142 477 4209 2699 3742 
1685 486 487 483 3743 4210 4259 
1686 485 1186 515 4211 4260 3147 
1687 490 496 495 4171 3376 3372 
1688 494 507 492 3748 4106 3745 
1689 494 1089 512 3157 3751 3159 
1690 508 554 507 2247 3163 3747 
1691 1023 1187 509 1942 4261 2661 
1692 520 535 518 2664 2592 3753 
1693 524 750 522 4262 3758 3173 
1694 556 557 537 3781 4263 3766 
1695 1149 1182 540 4264 1740 4265 
1696 548 1033 763 2143 4266 2452 
1697 553 601 552 2605 3778 4225 
1698 570 979 645 3390 2781 3395 
1699 573 661 660 3790 2625 3187 
1700 586 604 587 4267 3796 4268 
1701 586 1026 604 2340 3813 4267 
1702 605 648 587 2261 4269 3795 
1703 636 637 600 3345 2669 4215 
1704 602 640 601 2039 4270 2604 
1705 628 649 626 3830 2500 3826 
1706 629 754 630 2887 4271 4272 
1707 630 1194 733 4273 4274 4275 
1708 631 675 659 4276 3348 4277 
1709 655 656 638 3837 4278 3831 
1710 722 723 652 1922 2676 2602 
1711 654 954 953 4279 4024 4118 
1712 670 998 667 2755 3218 4280 
1713 1026 1100 717 3264 4281 3814 
1714 763 852 764 4282 2690 4283 
1715 813 944 812 1968 1963 3868 
1716 1216 1242 842 4284 4133 2349 
1717 986 1256 1214 4285 3774 4286 
1718 1024 1025 1023 3019 4287 3577 
1719 1046 1159 1045 4288 4289 3865 
1720 470 725 472 4153 3496 3365 
1721 473 1144 471 3498 2922 4169 
1722 478 1154 1144 3369 3424 3497 
1723 511 1022 496 2395 2159 4170 
1724 1020 1174 725 2212 4233 4152 
1725 1017 1227 736 4290 1982 2404 
1726 1200 1211 739 4291 3354 4292 
1727 819 1049 902 4293 1745 2734 
1728 928 929 927 2715 1805 4184 
1729 962 1268 961 4294 2776 4180 
1730 312 1224 314 4295 4296 4053 
1731 459 517 479 2957 2240 3735 
1732 541 1195 943 3756 3902 3770 
1733 556 654 599 4297 3812 3780 
1734 631 659 594 4277 3804 3784 
1735 666 1061 619 4218 4173 2823 
1736 732 1006 620 4220 3203 4116 
1737 701 794 650 2509 3834 4298 
1738 680 682 681 2932 4062 3845 
1739 697 698 694 4299 4300 3849 
1740 950 1018 734 2058 3862 4123 
1741 758 1093 826 4301 2083 3863 
1742 762 775 761 4302 4303 3855 
1743 509 1122 500 4304 4305 4306 
1744 504 1119 501 3383 4213 4227 
1745 676 1168 772 4231 4307 3349 
1746 738 880 805 4308 3887 3547 
1747 926 1259 771 2014 4309 1961 
1748 1159 1208 1000 3979 4310 4311 
1749 399 414 392 3714 2869 4312 
1750 395 403 400 3709 2872 3446 
1751 417 420 416 4313 4255 4314 
1752 421 429 420 4315 2427 4316 
1753 443 1037 427 2432 4317 3720 
1754 430 432 429 3722 2874 4318 
1755 533 1155 530 2518 4319 4078 
1756 530 1155 995 4319 4320 2928 
1757 582 1168 546 4111 4230 4229 
1758 597 598 549 3806 4156 3772 
1759 593 1161 839 3386 2210 3799 
1760 657 658 610 3841 4321 3818 
1761 614 1231 1003 2055 4322 3444 
1762 627 670 667 4323 4280 2611 
1763 633 755 634 3274 4324 2702 
1764 653 810 804 3527 4325 3927 
1765 1167 1173 665 3871 4119 3216 
1766 687 688 686 2939 2937 4063 
1767 688 1048 690 4177 1803 2935 
1768 704 905 904 4326 4327 3851 
1769 723 1148 851 1789 4328 4160 
1770 738 881 880 2196 4329 4308 
1771 985 1214 747 4330 4331 3550 
1772 777 1123 780 3552 4128 3875 
1773 792 853 793 4332 2298 2294 
1774 796 802 797 3989 2300 3884 
1775 843 1249 982 4222 4333 4334 
1776 932 936 934 2948 4335 4236 
1777 987 988 986 4336 4337 3898 
1778 995 1155 1027 4320 3535 2906 
1779 999 1223 1001 2064 3906 2913 
1780 1046 1185 1159 4135 4009 4288 
1781 368 1149 330 4250 3998 4240 
1782 332 334 333 3299 3092 4241 
1783 332 1149 540 3999 4265 3298 
1784 336 338 337 4338 4202 4242 
1785 344 1056 342 3317 3660 3659 
1786 364 1185 353 4004 4246 2532 
1787 394 399 392 2573 4312 2865 
1788 403 1010 411 4339 4147 4101 
1789 412 1011 408 4340 2717 3460 
1790 1036 1177 409 4341 4206 4006 
1791 415 417 416 4253 4314 4102 
1792 447 1087 416 2107 4342 4254 
1793 417 421 420 4343 4316 4313 
1794 421 430 429 4344 4318 4315 
1795 1183 1207 421 1793 4345 4346 
1796 427 1037 1011 4317 2385 4347 
1797 1083 1208 453 4031 3978 2862 
1798 1119 1199 499 3419 4348 4214 
1799 589 1017 510 4349 3381 3389 
1800 519 541 521 3757 4107 2777 
1801 575 1032 523 4350 4012 2575 
1802 529 1117 528 4351 2881 3762 
1803 557 1162 537 3782 4352 4263 
1804 570 644 588 3397 2726 3788 
1805 763 764 597 4283 2077 2453 
1806 627 1045 670 2749 3530 4323 
1807 632 1218 631 2705 4353 4354 
1808 708 709 656 2288 4216 3836 
1809 697 776 698 2762 4120 4299 
1810 778 1239 698 1831 4355 3931 
1811 1050 1076 740 4099 2900 2179 
1812 1039 1180 743 4245 3243 2796 
1813 748 1193 1059 4356 2804 3926 
1814 840 1235 760 4357 2474 3254 
1815 762 787 775 4358 4070 4302 
1816 762 882 787 4359 4360 4358 
1817 762 1114 882 3279 4361 4359 
1818 1290 1293 785 2101 4362 4363 
1819 787 877 788 4364 3986 4068 
1820 955 960 953 1646 1937 4023 
1821 1045 1159 1000 4289 4311 3531 
1822 1003 1231 1208 4322 4365 4030 
1823 1113 1193 1036 2368 4366 4029 
1824 498 509 500 2172 4306 3749 
1825 593 746 673 3801 3220 3797 
1826 798 863 702 4367 3017 3521 
1827 903 1247 821 2141 4368 4132 
1828 1216 1222 759 2348 4369 4370 
1829 777 779 778 3877 1802 3930 
1830 801 1025 974 4371 1951 3560 
1831 810 886 804 3992 4372 4325 
1832 821 1247 1147 4368 4373 2284 
1833 1164 1219 900 4374 1754 1974 
1834 1128 1184 1131 4375 3629 3917 
1835 315 1124 313 4376 4054 3288 
1836 386 1188 388 4005 4377 2565 
1837 400 1086 993 3715 4021 3707 
1838 416 1087 414 4342 4378 4103 
1839 446 552 445 4226 2392 4104 
1840 524 995 750 4014 2908 4262 
1841 610 1179 608 4379 4114 4113 
1842 1093 1237 613 3913 4380 2262 
1843 745 939 752 4125 2290 3866 
1844 781 1286 981 4381 2009 1758 
1845 1234 1244 956 2521 4382 4383 
1846 9 1205 1019 3939 4019 2370 
1847 828 1224 312 4384 4295 4091 
1848 464 1203 462 4385 4386 4257 
1849 517 1195 519 4387 3755 4058 
1850 756 1204 765 3872 4388 3533 
1851 1220 1235 976 2475 4389 4390 
1852 1144 1176 1053 3423 4224 2923 
1853 1105 1253 1243 4391 4392 2525 
1854 1126 1184 1128 3599 4375 3914 
1855 464 1228 1203 4393 3571 4385 
1856 769 836 677 4165 2421 3534 
1857 814 924 718 4394 3537 2899 
1858 843 982 836 4334 2121 4164 
1859 946 1271 1261 4395 2156 3632 
1860 360 1077 359 2537 3675 3674 
1861 359 615 398 3677 3455 2534 
1862 362 365 360 3681 2538 3678 
1863 361 576 366 3680 3438 3433 
1864 370 1081 377 4396 3691 3439 
1865 379 380 376 3692 2329 3690 
1866 389 614 387 3700 3445 3696 
1867 390 395 394 3702 3448 2864 
1868 397 404 396 3711 3449 3704 
1869 397 1085 407 4251 2105 3450 
1870 753 1010 403 4397 4339 3708 
1871 407 1157 419 2104 4398 3456 
1872 419 438 435 4399 3480 3465 
1873 421 1207 430 4345 4400 4344 
1874 440 441 426 3727 3473 3719 
1875 432 1115 451 2336 2234 2873 
1876 449 450 441 3731 1823 3726 
1877 747 1016 442 4401 4402 3728 
1878 560 561 450 4403 3491 3730 
1879 1112 1195 517 4404 4387 2956 
1880 639 1033 552 4405 2391 3777 
1881 563 566 564 3786 3505 2608 
1882 825 1115 574 2079 3723 3791 
1883 744 1189 577 4406 3684 2665 
1884 1044 1211 581 3355 4407 4155 
1885 590 759 591 4408 2035 3487 
1886 668 1216 590 4409 4410 2224 
1887 615 618 616 3822 3518 3453 
1888 1077 1078 615 3911 3820 3676 
1889 1078 1118 618 3567 3823 3821 
1890 622 665 664 3825 3529 3442 
1891 755 1253 634 4411 4412 4324 
1892 643 1092 790 3507 4413 2342 
1893 649 701 650 2276 4298 2498 
1894 1118 1151 666 4414 4415 3824 
1895 674 842 824 3844 3563 3511 
1896 871 985 731 3574 4416 3241 
1897 733 1194 758 4274 2733 3544 
1898 749 1181 813 3869 2345 3867 
1899 994 1173 752 2082 3870 2289 
1900 943 1201 1047 3901 4417 2266 
1901 949 1095 1085 2303 2316 3705 
1902 24 1206 23 4418 1935 55 
1903 325 1225 323 4419 3923 4201 
1904 470 471 468 3367 4258 3364 
1905 489 1160 490 4420 3374 2437 
1906 623 624 489 3520 4421 3371 
1907 815 1152 814 1841 4422 3852 
1908 326 1281 1273 4423 1808 4424 
1909 581 1211 633 4407 4425 2614 
1910 696 1276 695 2942 4426 2708 
1911 1252 1268 962 4427 4294 1995 
1912 17 1252 286 4428 2000 3944 
1913 462 1203 475 4386 2235 2484 
1914 500 1122 502 4305 3379 2964 
1915 537 1162 617 4352 4429 3335 
1916 771 1200 739 4430 4292 2632 
1917 788 1254 1251 4431 4432 4433 
1918 792 854 853 4434 2946 4332 
1919 916 1300 1291 4435 1845 4436 
1920 1112 1201 1195 4437 3900 4404 
1921 617 1175 1125 4438 3266 3764 
1922 992 1175 1113 3357 4439 4028 
1923 1188 1249 1084 4440 4441 4442 
1924 1103 1259 257 4443 1997 4037 
1925 357 1015 355 2215 2422 4247 
1926 377 384 379 2810 2219 3689 
1927 449 1158 560 4444 4445 3729 
1928 536 1197 556 2255 4446 3765 
1929 539 1058 538 4447 3767 3725 
1930 565 1270 1248 4448 3409 4449 
1931 603 1246 700 4450 4451 4061 
1932 866 873 703 1450 4452 2840 
1933 716 1219 1164 4453 4374 3815 
1934 1047 1202 757 4454 3248 3252 
1935 788 1251 775 4433 2150 4069 
1936 1271 1278 621 4455 4456 4457 
1937 848 1301 1255 4458 1833 4459 
1938 31 1255 30 4460 1835 62 
1939 700 1098 782 4461 1759 4065 
1940 721 1147 962 2471 4462 4179 
1941 427 1011 412 4347 4340 3716 
1942 414 1087 1035 4378 4167 2867 
1943 498 499 497 3750 4463 2962 
1944 497 1199 669 4464 2983 2879 
1945 1094 1160 624 2122 4465 4175 
1946 629 1061 841 4174 4085 2886 
1947 754 1194 630 2847 4273 4271 
1948 724 947 834 3859 2943 4162 
1949 1023 1025 801 4287 4371 1943 
1950 1183 1264 925 4466 3575 1794 
1951 982 1249 1188 4333 4440 2649 
1952 988 1256 986 4467 4285 4337 
1953 469 1228 466 4010 4468 2466 
1954 1171 1204 469 4469 4011 4151 
1955 629 630 620 4272 4117 3342 
1956 646 1221 647 2830 4470 2455 
1957 838 1191 1142 4471 2698 3569 
1958 958 1244 1217 4472 2512 4473 
1959 1021 1240 1194 4474 2731 2846 
1960 1172 1236 1034 4475 2129 4185 
1961 1287 1302 301 4476 4477 4478 
1962 595 1124 315 3194 4376 4056 
1963 428 1225 325 4479 4419 3088 
1964 375 1215 611 3116 4480 3118 
1965 388 1188 1084 4377 4442 4100 
1966 947 1264 418 2802 4481 2053 
1967 419 1157 438 4398 3137 4399 
1968 916 1291 422 4436 4482 4483 
1969 422 1292 916 1860 4484 4483 
1970 976 1235 428 4389 4485 2222 
1971 428 1235 1225 4485 4486 4479 
1972 442 1016 435 4402 3481 3479 
1973 550 1158 449 4487 4444 3485 
1974 613 1237 463 4380 4488 2488 
1975 475 1201 1112 4489 4437 3738 
1976 485 486 483 3148 4259 4208 
1977 624 1160 489 4465 4420 4421 
1978 555 1209 507 4490 4105 3162 
1979 559 632 631 2318 4354 3783 
1980 569 1198 589 3393 4491 3388 
1981 1156 1244 583 2513 2520 3337 
1982 586 587 585 4268 4492 2176 
1983 590 1216 759 4410 4370 4408 
1984 617 1162 1113 4429 2369 4493 
1985 1113 1175 617 4439 4438 4493 
1986 630 733 732 4275 4122 4115 
1987 631 1218 675 4353 4494 4276 
1988 718 1245 658 4495 4496 2622 
1989 666 1151 1062 4415 2099 4217 
1990 668 1242 1216 2834 4284 4409 
1991 873 1212 703 4497 4498 4452 
1992 711 1217 1156 4499 2514 3982 
1993 751 1219 716 4500 4453 3229 
1994 717 1100 901 4281 1885 3230 
1995 875 1221 720 4501 2829 3983 
1996 985 1099 731 3549 3238 4416 
1997 733 735 734 3546 4124 4121 
1998 746 1190 757 4502 3251 2989 
1999 747 1214 1016 4331 3181 4401 
2000 759 1222 1042 4369 2856 2399 
2001 767 1236 1209 2909 3155 4503 
2002 792 1248 854 2849 3411 4434 
2003 811 1213 908 4504 1813 4131 
2004 1225 1235 840 4486 4357 2309 
2005 850 1170 1169 4505 4506 3214 
2006 854 1270 856 3410 4507 3020 
2007 956 1244 958 4382 4472 2770 
2008 1150 1182 1149 1868 4264 4249 
2009 276 1261 1205 3633 4508 4090 
2010 480 1191 623 3499 4509 3370 
2011 878 1254 788 4187 4431 3985 
2012 314 1224 621 4296 4510 4055 
2013 326 1273 328 4424 4511 2646 
2014 509 1187 1122 4261 3415 4304 
2015 648 1210 587 2272 4512 4269 
2016 812 1213 661 1965 4513 2627 
2017 694 1239 1097 4514 4515 3929 
2018 839 1190 746 3893 4502 3800 
2019 986 1214 985 4286 4330 3573 
2020 466 1228 464 4468 4393 4149 
2021 847 1192 547 4516 4517 2920 
2022 633 1211 770 4425 4518 3273 
2023 656 1220 638 3838 4519 4278 
2024 1147 1247 962 4373 1996 4462 
2025 765 1204 1171 4388 4469 4221 
2026 1169 1170 806 4506 4520 3403 
2027 1036 1193 1177 4366 4521 4341 
2028 261 1206 24 4522 4418 3948 
2029 367 1081 370 3687 4396 3685 
2030 430 1207 444 4400 2582 3474 
2031 1186 1233 515 3909 3981 4260 
2032 671 1058 539 2280 4447 4228 
2033 556 1197 654 4446 4523 4297 
2034 1010 1241 578 4524 4525 2814 
2035 1215 1265 611 4526 4527 4480 
2036 925 1245 718 3576 4495 3536 
2037 1167 1189 744 3891 4406 3246 
2038 1197 1234 954 2464 4528 4529 
2039 767 1267 1229 1988 4530 2910 
2040 402 1281 324 2951 4531 4145 
2041 465 1237 484 4532 2720 2434 
2042 484 1240 1021 2719 4474 2440 
2043 1241 1257 578 2786 4533 4525 
2044 972 1246 603 2355 4450 2146 
2045 700 1246 1098 4451 1969 4461 
2046 769 1257 843 4534 2785 4163 
2047 913 1286 781 2333 4381 3281 
2048 912 1260 910 1976 4535 3899 
2049 321 1146 448 4536 4148 4144 
2050 491 1236 1172 3156 4475 4212 
2051 499 1199 497 4348 4464 4463 
2052 698 1239 694 4355 4514 4300 
2053 1177 1193 748 4521 4356 2686 
2054 758 1240 1093 2732 3912 4301 
2055 771 1250 1200 4537 4538 4430 
2056 770 1211 1200 4518 4291 4539 
2057 761 1230 840 4540 3894 3253 
2058 19 1268 18 2133 4541 50 
2059 448 1251 1008 2017 4542 2643 
2060 475 1202 1201 2237 4543 4489 
2061 775 1230 761 2151 4540 4303 
2062 1250 1259 1103 4544 4443 4545 
2063 287 1250 1103 4546 4545 3586 
2064 323 1146 321 3924 4536 4097 
2065 544 1238 580 4172 4547 3771 
2066 767 1209 555 4503 4490 3779 
2067 609 1178 707 4548 4549 4157 
2068 658 1245 610 4496 4550 4321 
2069 914 1294 1273 4551 1944 1810 
2070 1000 1231 999 4552 2063 3843 
2071 418 1183 417 4553 4554 4252 
2072 924 1263 444 4555 4256 2583 
2073 547 1192 663 4517 4556 4232 
2074 575 1293 1032 4557 2100 4350 
2075 628 1229 766 2264 4558 3829 
2076 638 1220 726 4519 4559 3209 
2077 654 1197 954 4523 4529 4279 
2078 695 1275 1168 4560 4561 4110 
2079 753 1241 1010 4018 4524 4397 
2080 1084 1249 753 4441 4016 2331 
2081 773 1266 1013 2911 4562 2117 
2082 1205 1261 828 4508 4563 4020 
2083 828 1261 1224 4563 2158 4384 
2084 954 1234 956 4528 4383 4073 
2085 1251 1254 1008 4432 4564 4542 
2086 18 1252 17 4565 4428 49 
2087 23 1272 22 1934 4566 54 
2088 463 1237 465 4488 4532 3492 
2089 703 1212 641 4498 4567 2827 
2090 287 1262 1250 4568 4569 4546 
2091 623 1191 838 4509 4471 2977 
2092 772 1257 769 4570 4534 3350 
2093 1035 1223 614 4166 2056 3699 
2094 641 1212 642 4567 1734 3509 
2095 661 1213 811 4513 4504 2624 
2096 1208 1231 1000 4365 4552 4310 
2097 578 1258 437 4571 4572 2578 
2098 680 1238 773 4573 2912 2930 
2099 1266 1269 1013 4574 4575 4562 
2100 417 1183 421 4554 4346 4343 
2101 418 1264 1183 4481 4466 4553 
2102 598 1178 609 3805 4548 3807 
2103 277 1255 31 4576 4460 3953 
2104 663 1192 818 4556 4577 3842 
2105 1008 1254 595 4564 2352 3271 
2106 1218 1232 675 4186 4578 4494 
2107 935 1278 1271 4579 4455 4580 
2108 1250 1262 1200 4569 4581 4538 
2109 1198 1226 589 2002 4582 4491 
2110 634 1253 696 4412 4583 2707 
2111 562 1274 1091 4584 4585 2230 
2112 589 1227 1017 4586 4290 4349 
2113 1262 1272 846 4587 2788 4588 
2114 881 1227 1226 2195 4589 1459 
2115 531 1280 527 2339 4590 3333 
2116 560 1277 561 4591 4592 4403 
2117 565 1248 1092 4449 4593 2361 
2118 585 1210 651 4594 1950 3192 
2119 726 1220 976 4559 4390 4181 
2120 910 1260 751 4535 4595 2197 
2121 770 1262 846 4596 4588 2712 
2122 1014 1282 776 2154 4597 2761 
2123 1201 1202 1047 4543 4454 4417 
2124 772 1275 1258 4598 4599 4600 
2125 437 1258 847 4572 4601 2919 
2126 610 1245 1179 4550 1915 4379 
2127 830 1151 1118 3889 4414 3888 
2128 529 1269 1266 4602 4574 4603 
2129 422 1291 345 4482 4604 4205 
2130 771 1259 1250 4309 4544 4537 
2131 606 1274 564 1849 4605 3787 
2132 587 1210 585 4512 4594 4492 
2133 1092 1248 790 4593 2848 4413 
2134 869 1288 1283 4606 3934 4607 
2135 621 1278 1073 4456 4608 3637 
2136 1243 1253 755 4392 4411 2383 
2137 1192 1289 818 3361 4609 4577 
2138 1302 1306 1106 4610 4611 4612 
2139 1082 1297 575 4613 4614 3134 
2140 368 1294 1150 1945 4615 4248 
2141 695 1276 1275 4426 4616 4560 
2142 935 1271 946 4580 4395 3284 
2143 814 1263 924 4617 4555 4394 
2144 1258 1275 847 4599 4618 4601 
2145 347 1291 1040 4619 1847 4244 
2146 1150 1294 1239 4615 4620 1830 
2147 560 1288 1277 4621 4622 4591 
2148 1091 1274 912 4585 1975 1791 
2149 580 1238 680 4547 4573 3338 
2150 856 1270 868 4507 4623 3896 
2151 1200 1262 770 4581 4596 4539 
2152 923 1302 1287 4624 4476 4625 
2153 1032 1290 531 2102 4626 4015 
2154 981 1285 936 2010 4627 2411 
2155 261 1243 1206 2526 4235 4522 
2156 1257 1258 578 4628 4571 4533 
2157 1123 1290 785 4629 4363 4129 
2158 277 1306 1305 4630 4631 4632 
2159 936 1285 1279 4627 4633 4634 
2160 774 1269 1014 4635 4636 4178 
2161 916 1292 784 4484 4637 3555 
2162 527 1280 529 4590 4638 3761 
2163 288 1295 1104 4639 4640 3589 
2164 550 1256 1158 3775 4641 4487 
2165 751 1260 1219 4595 1929 4500 
2166 1239 1294 1097 4620 4642 4515 
2167 1038 1299 336 2640 4643 1763 
2168 343 1298 422 4644 1858 4204 
2169 529 1266 1117 4603 2773 4351 
2170 1158 1288 560 3935 4621 4445 
2171 564 1274 562 4605 4584 2609 
2172 611 1265 915 4527 1902 3200 
2173 1224 1271 621 2157 4457 4510 
2174 1168 1275 772 4561 4598 4307 
2175 1013 1269 774 4575 4635 2992 
2176 783 1292 896 4645 1877 2994 
2177 1275 1276 847 4616 4646 4618 
2178 909 1265 1215 2311 4526 1886 
2179 287 1272 1262 4647 4587 4568 
2180 22 1272 287 4566 4647 3946 
2181 328 1273 368 4511 1946 4239 
2182 561 1277 565 4592 4648 3785 
2183 18 1268 1252 4541 4427 4565 
2184 1073 1279 452 4649 4650 3920 
2185 1279 1285 452 4633 4651 4650 
2186 772 1258 1257 4600 4628 4570 
2187 1152 1263 814 1918 4617 4422 
2188 336 1299 338 4643 4652 4338 
2189 1226 1227 589 4589 4586 4582 
2190 277 1305 1255 4632 4653 4576 
2191 575 1297 1293 4614 4654 4557 
2192 30 1301 29 1834 4655 61 
2193 936 1279 934 4634 4656 4335 
2194 847 1276 1192 4646 3362 4516 
2195 324 1281 326 4531 4423 3641 
2196 934 1278 935 4657 4579 4071 
2197 269 1307 28 4658 4659 3951 
2198 820 1304 1295 4660 4661 4662 
2199 1106 1306 277 4611 4630 4040 
2200 1049 1307 269 4074 4658 1815 
2201 766 1267 1166 4663 4664 3873 
2202 1107 1287 301 1637 4478 4042 
2203 27 1307 288 4665 1836 3949 
2204 776 1282 1123 4597 4666 3551 
2205 820 1303 819 4667 4668 4183 
2206 529 1280 1269 4638 4669 4602 
2207 1040 1300 741 1846 4670 2540 
2208 452 1285 1043 4651 1774 3639 
2209 1277 1288 868 4622 4671 4672 
2210 848 1305 768 4673 4674 4127 
2211 1295 1304 1105 4661 4675 4676 
2212 1229 1267 766 4530 4663 4558 
2213 868 1288 869 4671 4606 3412 
2214 1270 1277 868 4677 4672 4623 
2215 1269 1280 1014 4669 2155 4636 
2216 1256 1283 1158 4678 3936 4641 
2217 345 1291 347 4604 4619 3319 
2218 565 1277 1270 4648 4677 4448 
2219 1255 1305 848 4653 4673 4459 
2220 942 1302 923 4679 4624 1900 
2221 988 1283 1256 4680 4678 4467 
2222 818 1289 820 4609 4681 4182 
2223 301 1302 1106 4477 4612 3592 
2224 531 1290 1282 4626 4682 2338 
2225 1283 1284 869 4683 4684 4607 
2226 1097 1294 914 4642 4551 2635 
2227 784 1292 783 4637 4645 3879 
2228 1104 1295 1105 4640 4676 3918 
2229 1289 1304 820 4685 4660 4681 
2230 785 1293 849 4362 4686 3881 
2231 341 1299 1298 4687 2510 4688 
2232 741 1297 1082 4689 4613 3109 
2233 782 1296 848 2152 4690 4126 
2234 819 1303 1049 4668 4075 4293 
2235 1293 1297 849 4654 4691 4686 
2236 942 1306 1302 4692 4610 4679 
2237 988 1284 1283 4693 4683 4680 
2238 1278 1279 1073 4694 4649 4608 
2239 341 1298 343 4688 4644 3311 
2240 29 1301 269 4655 4695 3950 
2241 849 1300 916 4696 4435 3554 
2242 338 1299 341 4652 4687 3308 
2243 934 1279 1278 4656 4694 4657 
2244 696 1304 1289 4697 4685 2940 
2245 288 1303 1295 1838 4698 4639 
2246 1282 1290 1123 4682 4629 4666 
2247 786 1306 942 4699 4692 3359 
2248 1253 1304 696 4700 4697 4583 
2249 1295 1303 820 4698 4667 4662 
2250 768 1305 786 4674 4701 4219 
2251 269 1301 1296 4695 4702 1814 
2252 1305 1306 786 4631 4699 4701 
2253 741 1300 1297 4670 4703 4689 
2254 1105 1304 1253 4675 4700 4391 
2255 28 1307 27 4659 4665 59 
2256 1297 1300 849 4703 4696 4691 
2257 1296 1301 848 4702 4458 4690 
2258 1138 1364 266 1664 1462 3613 
2259 882 1390 1356 4704 1726 4705 
2260 888 1365 289 1582 4706 1609 
2261 1311 1317 711 4707 4708 4709 
2262 1354 1389 1137 4710 4711 4712 
2263 894 1308 845 1709 4713 1711 
2264 845 1308 1232 4713 4714 4234 
2265 675 1308 706 4715 1684 3346 
2266 905 1358 1134 4716 4717 1457 
2267 1221 1384 1325 4718 4719 4720 
2268 1170 1389 1354 4721 4710 4722 
2269 95 1309 94 4723 4724 126 
2270 859 1310 764 4725 4726 2689 
2271 1178 1310 707 4727 4728 4549 
2272 659 1311 711 4729 4709 3802 
2273 6 1315 5 4730 4731 37 
2274 69 1312 68 4732 4733 100 
2275 132 1313 131 4734 4735 163 
2276 195 1314 194 4736 4737 226 
2277 879 1315 308 1653 4738 4143 
2278 1232 1308 675 4714 4715 4578 
2279 263 1345 893 4739 4740 1658 
2280 306 1363 1139 4741 1680 3053 
2281 1309 1355 94 4742 4743 4724 
2282 88 1316 87 4744 1606 119 
2283 893 1317 1311 4745 4707 1725 
2284 639 1382 1129 4746 1676 1698 
2285 898 1323 899 4747 1535 2199 
2286 793 1318 864 4748 1542 2030 
2287 279 1319 134 1487 4749 3058 
2288 864 1320 791 1490 4750 2031 
2289 135 1321 279 4751 1566 3057 
2290 940 1333 941 4752 1545 2461 
2291 133 1319 302 4753 1547 3055 
2292 789 1320 866 4754 1562 2839 
2293 941 1343 918 1522 4755 2462 
2294 270 1322 137 1491 4756 3060 
2295 803 1343 861 4757 1533 3538 
2296 974 1344 975 4758 1554 2691 
2297 874 1339 1143 1504 4759 3404 
2298 860 1334 794 1501 4760 2508 
2299 899 1332 808 1520 4761 2200 
2300 307 1336 160 1514 4762 3080 
2301 297 1328 139 1517 4763 3062 
2302 262 1327 141 1509 4764 3064 
2303 259 1324 146 1531 4765 3068 
2304 267 1330 151 1506 4766 3072 
2305 798 1340 863 4767 1555 4367 
2306 142 1341 262 4768 1553 3063 
2307 144 1337 298 4769 1537 3065 
2308 865 1344 802 1499 4770 3988 
2309 152 1338 267 4771 1570 3071 
2310 138 1328 270 4772 1541 3059 
2311 140 1327 297 4773 1540 3061 
2312 149 1329 299 4774 1559 3069 
2313 156 1335 275 4775 1561 3075 
2314 159 1336 282 4776 1567 3077 
2315 1140 1326 1141 4777 1548 4197 
2316 282 1331 158 1507 4778 3078 
2317 300 1338 153 1496 4779 3074 
2318 275 1342 155 1527 4780 3076 
2319 298 1341 143 1525 4781 3066 
2320 873 1323 1212 1494 4782 4497 
2321 810 1339 887 4783 1564 3990 
2322 1221 1325 647 4720 4784 4470 
2323 154 1342 300 4785 1551 3073 
2324 807 1332 862 4786 1538 3259 
2325 862 1333 809 1512 4787 3260 
2326 975 1340 800 1530 4788 2692 
2327 796 1334 865 4789 1568 3987 
2328 1267 1325 1166 4790 1557 4664 
2329 1131 1357 852 4791 4792 1471 
2330 1136 1361 1135 1683 1484 3608 
2331 205 1345 263 4793 4739 3962 
2332 290 1345 206 4794 4795 3964 
2333 283 1309 95 1401 4723 3050 
2334 289 1375 890 4796 1583 1619 
2335 968 1346 969 4797 1481 4237 
2336 877 1346 878 1625 4798 3984 
2337 1350 1388 867 4799 4800 4801 
2338 764 1310 1178 4726 4727 2075 
2339 303 1360 1314 1673 4802 4803 
2340 1325 1384 1141 4719 4804 1558 
2341 268 1359 1071 1688 1579 3623 
2342 706 1311 659 1708 4729 3347 
2343 284 1377 967 4805 1602 1616 
2344 87 1349 86 1605 4806 118 
2345 303 1314 195 4803 4736 3957 
2346 304 1312 69 1404 4732 3023 
2347 308 1315 6 4738 4730 4136 
2348 302 1313 132 1595 4734 3056 
2349 869 1350 867 4807 4801 3413 
2350 858 1355 1309 4808 4742 1638 
2351 806 1354 948 4809 1591 3861 
2352 958 1353 959 4810 1650 4026 
2353 93 1355 274 4811 4812 3045 
2354 787 1356 877 4813 1585 4364 
2355 260 1362 960 4814 1413 1645 
2356 707 1358 657 4815 4816 4158 
2357 704 1358 905 4817 4716 4326 
2358 978 1359 713 1580 4818 3018 
2359 906 1361 1148 1485 4819 2346 
2360 291 1362 211 1414 4820 3968 
2361 210 1362 260 4821 4814 3965 
2362 870 1364 871 1463 4822 3240 
2363 289 1365 202 4706 4823 3961 
2364 201 1365 271 4824 1581 3959 
2365 988 1366 1284 4825 1429 4693 
2366 260 1367 209 1692 4826 3966 
2367 1287 1368 923 1419 4827 4625 
2368 804 1369 883 4828 1409 2190 
2369 855 1370 853 1412 4829 2945 
2370 850 1371 1170 4830 4831 4505 
2371 1114 1372 882 4832 4833 4361 
2372 280 1373 1065 4834 1715 3026 
2373 1130 1376 639 1572 4835 1697 
2374 1132 1357 272 1694 4836 3602 
2375 1072 1356 292 1586 1728 4050 
2376 203 1375 289 4837 4796 3960 
2377 263 1375 204 1584 4838 3963 
2378 266 1316 88 1416 4744 3041 
2379 763 1376 852 4839 1571 4282 
2380 639 1376 1033 4835 4840 4405 
2381 222 1377 284 4841 4805 3972 
2382 305 1377 223 1603 4842 3975 
2383 2 1378 35 4843 4844 67 
2384 68 1378 2 4845 4843 99 
2385 5 1380 1 4846 4847 36 
2386 1 1380 224 4847 4848 256 
2387 194 1381 4 4849 4850 225 
2388 3 1379 98 4851 4852 130 
2389 131 1379 3 4853 4851 162 
2390 4 1381 161 4850 4854 193 
2391 921 1382 640 1677 4855 2673 
2392 601 1382 639 4856 4746 3776 
2393 295 1354 1137 1592 4712 3003 
2394 1166 1383 1165 4857 4858 3874 
2395 905 1348 904 1655 4859 4327 
2396 952 1347 978 4860 1656 2060 
2397 293 1385 1132 4861 1717 4190 
2398 966 1374 284 4862 4863 1627 
2399 1070 1351 1109 4864 1678 3993 
2400 711 1317 1217 4708 4865 4499 
2401 970 1347 952 1666 4860 3021 
2402 904 1348 906 4859 1667 1920 
2403 1212 1323 898 4782 4747 1735 
2404 857 1318 793 4866 4748 2297 
2405 134 1319 133 4749 4753 165 
2406 791 1320 789 4750 4754 3883 
2407 136 1321 135 4867 4751 167 
2408 136 1322 1321 4868 1446 4867 
2409 137 1322 136 4756 4868 168 
2410 647 1325 1267 4784 4790 1987 
2411 809 1333 940 4787 4752 1873 
2412 150 1330 1329 4869 1444 4870 
2413 146 1324 145 4765 4871 177 
2414 139 1328 138 4763 4772 170 
2415 141 1327 140 4764 4773 172 
2416 150 1329 149 4870 4774 181 
2417 151 1330 150 4766 4869 182 
2418 158 1331 157 4778 4872 189 
2419 160 1336 159 4762 4776 191 
2420 157 1335 156 4873 4775 188 
2421 299 1326 1140 4874 4777 4195 
2422 808 1332 807 4761 4786 3857 
2423 1331 1335 157 1439 4873 4872 
2424 1324 1337 145 1435 4875 4871 
2425 143 1341 142 4781 4768 174 
2426 145 1337 144 4875 4769 176 
2427 153 1338 152 4779 4771 184 
2428 155 1342 154 4780 4785 186 
2429 1143 1339 810 4759 4783 3526 
2430 794 1334 796 4760 4789 3256 
2431 800 1340 798 4788 4767 3559 
2432 918 1343 803 4755 4757 1894 
2433 802 1344 974 4770 4758 1953 
2434 1108 1352 278 4876 1705 4045 
2435 274 1388 1350 4877 4799 4878 
2436 271 1351 1070 1700 4864 3620 
2437 274 1350 1068 4878 1701 3047 
2438 208 1367 959 4879 4880 1590 
2439 206 1345 205 4795 4793 237 
2440 1109 1352 1108 1723 4876 3994 
2441 1141 1384 259 4804 1577 4198 
2442 1310 1387 707 4881 4882 4728 
2443 1317 1353 1217 4883 4884 4865 
2444 878 1346 968 4798 4797 2008 
2445 1110 1347 291 1657 1665 4047 
2446 294 1348 1133 1668 1654 4193 
2447 284 1374 221 4863 4885 3973 
2448 859 1385 1310 1718 4886 4725 
2449 1317 1386 1353 4887 4888 4883 
2450 1134 1387 1067 4889 4890 1622 
2451 1326 1383 1166 4891 4857 1549 
2452 86 1349 295 4806 1467 3039 
2453 881 1351 880 1679 1699 4329 
2454 1284 1350 869 1702 4807 4684 
2455 883 1352 884 1706 1722 2473 
2456 921 1373 1127 4892 4893 1612 
2457 220 1374 969 4894 4895 1483 
2458 272 1357 1131 4836 4791 3631 
2459 1067 1387 1310 4890 4881 4896 
2460 1313 1363 306 1594 4741 4897 
2461 1170 1354 806 4722 4809 4520 
2462 1217 1353 958 4884 4810 4473 
2463 94 1355 93 4743 4811 125 
2464 882 1356 787 4705 4813 4360 
2465 852 1357 859 4792 1693 2688 
2466 707 1387 1358 4882 4898 4815 
2467 959 1367 957 4880 1691 4027 
2468 1310 1385 1067 4886 4899 4896 
2469 922 1373 921 1716 4892 4086 
2470 221 1374 220 4885 4894 252 
2471 657 1358 704 4816 4817 3840 
2472 1314 1360 307 4802 1575 4900 
2473 713 1359 885 4818 1687 3853 
2474 887 1360 886 1576 1672 3991 
2475 1148 1361 851 4819 1682 4328 
2476 211 1362 210 4820 4821 242 
2477 299 1383 1326 1574 4891 4874 
2478 871 1364 987 4822 1663 3897 
2479 202 1365 201 4823 4824 233 
2480 987 1366 988 1648 4825 4336 
2481 209 1367 208 4826 4879 240 
2482 923 1368 922 4827 1640 2768 
2483 886 1369 804 1631 4828 4372 
2484 853 1370 857 4829 1633 2296 
2485 851 1371 850 1614 4830 4161 
2486 885 1372 1114 1599 4832 2763 
2487 1127 1373 280 4893 4834 4199 
2488 969 1374 966 4895 4862 4238 
2489 204 1375 203 4838 4837 235 
2490 1033 1376 763 4840 4839 4266 
2491 1315 1380 5 4901 4846 4731 
2492 1312 1378 68 4902 4845 4733 
2493 1314 1381 194 4903 4849 4737 
2494 1313 1379 131 4904 4853 4735 
2495 1353 1386 290 4888 4905 1651 
2496 223 1377 222 4842 4841 254 
2497 1372 1390 882 4906 4704 4833 
2498 1371 1389 1170 4907 4721 4831 
2499 98 1379 306 4852 4908 3051 
2500 161 1381 307 4854 4909 3079 
2501 224 1380 305 4848 4910 3974 
2502 35 1378 1107 4844 4911 4137 
2503 640 1382 601 4855 4856 4270 
2504 1355 1388 274 4912 4877 4812 
2505 1165 1383 876 4858 1573 3223 
2506 875 1384 1221 1578 4718 4501 
2507 290 1386 1345 4905 4913 4794 
2508 867 1388 858 4800 4914 2326 
2509 1067 1385 293 4899 4861 4200 
2510 857 1363 1318 1681 1601 4866 
2511 292 1390 1111 1727 4915 3626 
2512 1137 1389 258 4711 4916 3611 
2513 306 1379 1313 4908 4904 4897 
2514 305 1380 1315 4910 4901 1652 
2515 307 1381 1314 4909 4903 4900 
2516 1107 1378 1312 4911 4902 1636 
2517 1358 1387 1134 4898 4889 4717 
2518 893 1386 1317 4917 4887 4745 
2519 1345 1386 893 4913 4917 4740 
2520 858 1388 1355 4914 4912 4808 
2521 258 1389 1371 4916 4907 1674 
2522 1111 1390 1372 4915 4906 1661 
$EndElements
