$MeshFormat
4.1 0 8
$EndMeshFormat
$PhysicalNames
3
1 1 "Boundary 1"
1 2 "Boundary 2"
2 3 "Surface Rect"
$EndPhysicalNames
$Entities
4 4 1 0
1 0 0 0 0 
2 1 0 0 0 
3 1 1 0 0 
4 0 1 0 0 
7 0 0 0 1 0 0 1 1 2 1 -2 
8 1 0 0 1 1 0 1 1 2 2 -3 
9 0 1 0 1 1 0 1 2 2 3 -4 
10 0 0 0 0 1 0 1 2 2 4 -1 
16 0 0 0 1 1 0 1 3 4 7 8 9 10 
$EndEntities
$Nodes
9 4225 1 4225
0 1 0 1
1
0 0 0
0 2 0 1
2
1 0 0
0 3 0 1
3
1 1 0
0 4 0 1
4
0 1 0
1 7 0 63
5
6
7
8
9
10
11
12
13
14
15
16
17
18
19
20
21
22
23
24
25
26
27
28
29
30
31
32
33
34
35
36
37
38
39
40
41
42
43
44
45
46
47
48
49
50
51
52
53
54
55
56
57
58
59
60
61
62
63
64
65
66
67
0.03124999999994045 0 0
0.06249999999987293 0 0
0.09374999999982371 0 0
0.1249999999997731 0 0
0.1562499999996846 0 0
0.1874999999995934 0 0
0.2187499999995022 0 0
0.2499999999994109 0 0
0.2812499999993197 0 0
0.3124999999992285 0 0
0.3437499999991373 0 0
0.3749999999990461 0 0
0.4062499999989549 0 0
0.4374999999988636 0 0
0.4687499999987724 0 0
0.4999999999986921 0 0
0.5312499999987637 0 0
0.562499999998846 0 0
0.5937499999989285 0 0
0.6249999999990109 0 0
0.6562499999990934 0 0
0.6874999999991758 0 0
0.7187499999992581 0 0
0.7499999999993406 0 0
0.781249999999423 0 0
0.8124999999995055 0 0
0.8437499999995879 0 0
0.8749999999996703 0 0
0.9062499999997528 0 0
0.9374999999998351 0 0
0.9687499999999176 0 0
0.01562499999997016 0 0
0.04687499999990669 0 0
0.07812499999984832 0 0
0.1093749999997984 0 0
0.1406249999997289 0 0
0.171874999999639 0 0
0.2031249999995478 0 0
0.2343749999994565 0 0
0.2656249999993653 0 0
0.2968749999992741 0 0
0.3281249999991829 0 0
0.3593749999990917 0 0
0.3906249999990005 0 0
0.4218749999989093 0 0
0.453124999998818 0 0
0.4843749999987322 0 0
0.5156249999987279 0 0
0.5468749999988048 0 0
0.5781249999988873 0 0
0.6093749999989697 0 0
0.6406249999990522 0 0
0.6718749999991346 0 0
0.703124999999217 0 0
0.7343749999992994 0 0
0.7656249999993818 0 0
0.7968749999994643 0 0
0.8281249999995467 0 0
0.8593749999996291 0 0
0.8906249999997116 0 0
0.9218749999997939 0 0
0.9531249999998764 0 0
0.9843749999999588 0 0
1 8 0 63
68
69
70
71
72
73
74
75
76
77
78
79
80
81
82
83
84
85
86
87
88
89
90
91
92
93
94
95
96
97
98
99
100
101
102
103
104
105
106
107
108
109
110
111
112
113
114
115
116
117
118
119
120
121
122
123
124
125
126
127
128
129
130
1 0.03124999999994045 0
1 0.06249999999987293 0
1 0.09374999999982371 0
1 0.1249999999997731 0
1 0.1562499999996846 0
1 0.1874999999995934 0
1 0.2187499999995022 0
1 0.2499999999994109 0
1 0.2812499999993197 0
1 0.3124999999992285 0
1 0.3437499999991373 0
1 0.3749999999990461 0
1 0.4062499999989549 0
1 0.4374999999988636 0
1 0.4687499999987724 0
1 0.4999999999986921 0
1 0.5312499999987637 0
1 0.562499999998846 0
1 0.5937499999989285 0
1 0.6249999999990109 0
1 0.6562499999990934 0
1 0.6874999999991758 0
1 0.7187499999992581 0
1 0.7499999999993406 0
1 0.781249999999423 0
1 0.8124999999995055 0
1 0.8437499999995879 0
1 0.8749999999996703 0
1 0.9062499999997528 0
1 0.9374999999998351 0
1 0.9687499999999176 0
1 0.01562499999997016 0
1 0.04687499999990669 0
1 0.07812499999984832 0
1 0.1093749999997984 0
1 0.1406249999997289 0
1 0.171874999999639 0
1 0.2031249999995478 0
1 0.2343749999994565 0
1 0.2656249999993653 0
1 0.2968749999992741 0
1 0.3281249999991829 0
1 0.3593749999990917 0
1 0.3906249999990005 0
1 0.4218749999989093 0
1 0.453124999998818 0
1 0.4843749999987322 0
1 0.5156249999987279 0
1 0.5468749999988048 0
1 0.5781249999988873 0
1 0.6093749999989697 0
1 0.6406249999990522 0
1 0.6718749999991346 0
1 0.703124999999217 0
1 0.7343749999992994 0
1 0.7656249999993818 0
1 0.7968749999994643 0
1 0.8281249999995467 0
1 0.8593749999996291 0
1 0.8906249999997116 0
1 0.9218749999997939 0
1 0.9531249999998764 0
1 0.9843749999999588 0
1 9 0 63
131
132
133
134
135
136
137
138
139
140
141
142
143
144
145
146
147
148
149
150
151
152
153
154
155
156
157
158
159
160
161
162
163
164
165
166
167
168
169
170
171
172
173
174
175
176
177
178
179
180
181
182
183
184
185
186
187
188
189
190
191
192
193
0.9687499999998699 1 0
0.9374999999997398 1 0
0.9062499999996096 1 0
0.8749999999995012 1 0
0.8437499999996964 1 0
0.8124999999999132 1 0
0.7812500000001301 1 0
0.7500000000003471 1 0
0.7187500000005638 1 0
0.6875000000007805 1 0
0.6562500000009973 1 0
0.625000000001214 1 0
0.5937500000014309 1 0
0.5625000000016476 1 0
0.5312500000018643 1 0
0.5000000000020595 1 0
0.468750000001951 1 0
0.437500000001821 1 0
0.4062500000016909 1 0
0.3750000000015609 1 0
0.3437500000014307 1 0
0.3125000000013007 1 0
0.2812500000011706 1 0
0.2500000000010405 1 0
0.2187500000009105 1 0
0.1875000000007804 1 0
0.1562500000006504 1 0
0.1250000000005203 1 0
0.09375000000039024 1 0
0.06250000000026013 1 0
0.03125000000013012 1 0
0.9843749999999349 1 0
0.9531249999998048 1 0
0.9218749999996688 1 0
0.8906249999995539 1 0
0.8593749999995649 1 0
0.8281249999997948 1 0
0.7968750000000341 1 0
0.7656250000002139 1 0
0.7343750000004504 1 0
0.7031250000006949 1 0
0.671875000000888 1 0
0.6406250000011067 1 0
0.6093750000013165 1 0
0.5781250000015535 1 0
0.5468750000017392 1 0
0.5156250000019531 1 0
0.4843750000020053 1 0
0.4531250000018859 1 0
0.4218750000017559 1 0
0.3906250000016258 1 0
0.3593750000014958 1 0
0.3281250000013657 1 0
0.2968750000012357 1 0
0.2656250000011056 1 0
0.2343750000009754 1 0
0.2031250000008454 1 0
0.1718750000007153 1 0
0.1406250000005853 1 0
0.1093750000004552 1 0
0.07812500000032518 1 0
0.04687500000019507 1 0
0.01562500000006506 1 0
1 10 0 63
194
195
196
197
198
199
200
201
202
203
204
205
206
207
208
209
210
211
212
213
214
215
216
217
218
219
220
221
222
223
224
225
226
227
228
229
230
231
232
233
234
235
236
237
238
239
240
241
242
243
244
245
246
247
248
249
250
251
252
253
254
255
256
0 0.9687499999998699 0
0 0.9374999999997398 0
0 0.9062499999996096 0
0 0.8749999999995012 0
0 0.8437499999996964 0
0 0.8124999999999132 0
0 0.7812500000001301 0
0 0.7500000000003471 0
0 0.7187500000005638 0
0 0.6875000000007805 0
0 0.6562500000009973 0
0 0.625000000001214 0
0 0.5937500000014309 0
0 0.5625000000016476 0
0 0.5312500000018643 0
0 0.5000000000020595 0
0 0.468750000001951 0
0 0.437500000001821 0
0 0.4062500000016909 0
0 0.3750000000015609 0
0 0.3437500000014307 0
0 0.3125000000013007 0
0 0.2812500000011706 0
0 0.2500000000010405 0
0 0.2187500000009105 0
0 0.1875000000007804 0
0 0.1562500000006504 0
0 0.1250000000005203 0
0 0.09375000000039024 0
0 0.06250000000026013 0
0 0.03125000000013012 0
0 0.9843749999999349 0
0 0.9531249999998048 0
0 0.9218749999996688 0
0 0.8906249999995539 0
0 0.8593749999995649 0
0 0.8281249999997948 0
0 0.7968750000000341 0
0 0.7656250000002139 0
0 0.7343750000004504 0
0 0.7031250000006949 0
0 0.671875000000888 0
0 0.6406250000011067 0
0 0.6093750000013165 0
0 0.5781250000015535 0
0 0.5468750000017392 0
0 0.5156250000019531 0
0 0.4843750000020053 0
0 0.4531250000018859 0
0 0.4218750000017559 0
0 0.3906250000016258 0
0 0.3593750000014958 0
0 0.3281250000013657 0
0 0.2968750000012357 0
0 0.2656250000011056 0
0 0.2343750000009754 0
0 0.2031250000008454 0
0 0.1718750000007153 0
0 0.1406250000005853 0
0 0.1093750000004552 0
0 0.07812500000032518 0
0 0.04687500000019507 0
0 0.01562500000006506 0
2 16 0 3969
257
258
259
260
261
262
263
264
265
266
267
268
269
270
271
272
273
274
275
276
277
278
279
280
281
282
283
284
285
286
287
288
289
290
291
292
293
294
295
296
297
298
299
300
301
302
303
304
305
306
307
308
309
310
311
312
313
314
315
316
317
318
319
320
321
322
323
324
325
326
327
328
329
330
331
332
333
334
335
336
337
338
339
340
341
342
343
344
345
346
347
348
349
350
351
352
353
354
355
356
357
358
359
360
361
362
363
364
365
366
367
368
369
370
371
372
373
374
375
376
377
378
379
380
381
382
383
384
385
386
387
388
389
390
391
392
393
394
395
396
397
398
399
400
401
402
403
404
405
406
407
408
409
410
411
412
413
414
415
416
417
418
419
420
421
422
423
424
425
426
427
428
429
430
431
432
433
434
435
436
437
438
439
440
441
442
443
444
445
446
447
448
449
450
451
452
453
454
455
456
457
458
459
460
461
462
463
464
465
466
467
468
469
470
471
472
473
474
475
476
477
478
479
480
481
482
483
484
485
486
487
488
489
490
491
492
493
494
495
496
497
498
499
500
501
502
503
504
505
506
507
508
509
510
511
512
513
514
515
516
517
518
519
520
521
522
523
524
525
526
527
528
529
530
531
532
533
534
535
536
537
538
539
540
541
542
543
544
545
546
547
548
549
550
551
552
553
554
555
556
557
558
559
560
561
562
563
564
565
566
567
568
569
570
571
572
573
574
575
576
577
578
579
580
581
582
583
584
585
586
587
588
589
590
591
592
593
594
595
596
597
598
599
600
601
602
603
604
605
606
607
608
609
610
611
612
613
614
615
616
617
618
619
620
621
622
623
624
625
626
627
628
629
630
631
632
633
634
635
636
637
638
639
640
641
642
643
644
645
646
647
648
649
650
651
652
653
654
655
656
657
658
659
660
661
662
663
664
665
666
667
668
669
670
671
672
673
674
675
676
677
678
679
680
681
682
683
684
685
686
687
688
689
690
691
692
693
694
695
696
697
698
699
700
701
702
703
704
705
706
707
708
709
710
711
712
713
714
715
716
717
718
719
720
721
722
723
724
725
726
727
728
729
730
731
732
733
734
735
736
737
738
739
740
741
742
743
744
745
746
747
748
749
750
751
752
753
754
755
756
757
758
759
760
761
762
763
764
765
766
767
768
769
770
771
772
773
774
775
776
777
778
779
780
781
782
783
784
785
786
787
788
789
790
791
792
793
794
795
796
797
798
799
800
801
802
803
804
805
806
807
808
809
810
811
812
813
814
815
816
817
818
819
820
821
822
823
824
825
826
827
828
829
830
831
832
833
834
835
836
837
838
839
840
841
842
843
844
845
846
847
848
849
850
851
852
853
854
855
856
857
858
859
860
861
862
863
864
865
866
867
868
869
870
871
872
873
874
875
876
877
878
879
880
881
882
883
884
885
886
887
888
889
890
891
892
893
894
895
896
897
898
899
900
901
902
903
904
905
906
907
908
909
910
911
912
913
914
915
916
917
918
919
920
921
922
923
924
925
926
927
928
929
930
931
932
933
934
935
936
937
938
939
940
941
942
943
944
945
946
947
948
949
950
951
952
953
954
955
956
957
958
959
960
961
962
963
964
965
966
967
968
969
970
971
972
973
974
975
976
977
978
979
980
981
982
983
984
985
986
987
988
989
990
991
992
993
994
995
996
997
998
999
1000
1001
1002
1003
1004
1005
1006
1007
1008
1009
1010
1011
1012
1013
1014
1015
1016
1017
1018
1019
1020
1021
1022
1023
1024
1025
1026
1027
1028
1029
1030
1031
1032
1033
1034
1035
1036
1037
1038
1039
1040
1041
1042
1043
1044
1045
1046
1047
1048
1049
1050
1051
1052
1053
1054
1055
1056
1057
1058
1059
1060
1061
1062
1063
1064
1065
1066
1067
1068
1069
1070
1071
1072
1073
1074
1075
1076
1077
1078
1079
1080
1081
1082
1083
1084
1085
1086
1087
1088
1089
1090
1091
1092
1093
1094
1095
1096
1097
1098
1099
1100
1101
1102
1103
1104
1105
1106
1107
1108
1109
1110
1111
1112
1113
1114
1115
1116
1117
1118
1119
1120
1121
1122
1123
1124
1125
1126
1127
1128
1129
1130
1131
1132
1133
1134
1135
1136
1137
1138
1139
1140
1141
1142
1143
1144
1145
1146
1147
1148
1149
1150
1151
1152
1153
1154
1155
1156
1157
1158
1159
1160
1161
1162
1163
1164
1165
1166
1167
1168
1169
1170
1171
1172
1173
1174
1175
1176
1177
1178
1179
1180
1181
1182
1183
1184
1185
1186
1187
1188
1189
1190
1191
1192
1193
1194
1195
1196
1197
1198
1199
1200
1201
1202
1203
1204
1205
1206
1207
1208
1209
1210
1211
1212
1213
1214
1215
1216
1217
1218
1219
1220
1221
1222
1223
1224
1225
1226
1227
1228
1229
1230
1231
1232
1233
1234
1235
1236
1237
1238
1239
1240
1241
1242
1243
1244
1245
1246
1247
1248
1249
1250
1251
1252
1253
1254
1255
1256
1257
1258
1259
1260
1261
1262
1263
1264
1265
1266
1267
1268
1269
1270
1271
1272
1273
1274
1275
1276
1277
1278
1279
1280
1281
1282
1283
1284
1285
1286
1287
1288
1289
1290
1291
1292
1293
1294
1295
1296
1297
1298
1299
1300
1301
1302
1303
1304
1305
1306
1307
1308
1309
1310
1311
1312
1313
1314
1315
1316
1317
1318
1319
1320
1321
1322
1323
1324
1325
1326
1327
1328
1329
1330
1331
1332
1333
1334
1335
1336
1337
1338
1339
1340
1341
1342
1343
1344
1345
1346
1347
1348
1349
1350
1351
1352
1353
1354
1355
1356
1357
1358
1359
1360
1361
1362
1363
1364
1365
1366
1367
1368
1369
1370
1371
1372
1373
1374
1375
1376
1377
1378
1379
1380
1381
1382
1383
1384
1385
1386
1387
1388
1389
1390
1391
1392
1393
1394
1395
1396
1397
1398
1399
1400
1401
1402
1403
1404
1405
1406
1407
1408
1409
1410
1411
1412
1413
1414
1415
1416
1417
1418
1419
1420
1421
1422
1423
1424
1425
1426
1427
1428
1429
1430
1431
1432
1433
1434
1435
1436
1437
1438
1439
1440
1441
1442
1443
1444
1445
1446
1447
1448
1449
1450
1451
1452
1453
1454
1455
1456
1457
1458
1459
1460
1461
1462
1463
1464
1465
1466
1467
1468
1469
1470
1471
1472
1473
1474
1475
1476
1477
1478
1479
1480
1481
1482
1483
1484
1485
1486
1487
1488
1489
1490
1491
1492
1493
1494
1495
1496
1497
1498
1499
1500
1501
1502
1503
1504
1505
1506
1507
1508
1509
1510
1511
1512
1513
1514
1515
1516
1517
1518
1519
1520
1521
1522
1523
1524
1525
1526
1527
1528
1529
1530
1531
1532
1533
1534
1535
1536
1537
1538
1539
1540
1541
1542
1543
1544
1545
1546
1547
1548
1549
1550
1551
1552
1553
1554
1555
1556
1557
1558
1559
1560
1561
1562
1563
1564
1565
1566
1567
1568
1569
1570
1571
1572
1573
1574
1575
1576
1577
1578
1579
1580
1581
1582
1583
1584
1585
1586
1587
1588
1589
1590
1591
1592
1593
1594
1595
1596
1597
1598
1599
1600
1601
1602
1603
1604
1605
1606
1607
1608
1609
1610
1611
1612
1613
1614
1615
1616
1617
1618
1619
1620
1621
1622
1623
1624
1625
1626
1627
1628
1629
1630
1631
1632
1633
1634
1635
1636
1637
1638
1639
1640
1641
1642
1643
1644
1645
1646
1647
1648
1649
1650
1651
1652
1653
1654
1655
1656
1657
1658
1659
1660
1661
1662
1663
1664
1665
1666
1667
1668
1669
1670
1671
1672
1673
1674
1675
1676
1677
1678
1679
1680
1681
1682
1683
1684
1685
1686
1687
1688
1689
1690
1691
1692
1693
1694
1695
1696
1697
1698
1699
1700
1701
1702
1703
1704
1705
1706
1707
1708
1709
1710
1711
1712
1713
1714
1715
1716
1717
1718
1719
1720
1721
1722
1723
1724
1725
1726
1727
1728
1729
1730
1731
1732
1733
1734
1735
1736
1737
1738
1739
1740
1741
1742
1743
1744
1745
1746
1747
1748
1749
1750
1751
1752
1753
1754
1755
1756
1757
1758
1759
1760
1761
1762
1763
1764
1765
1766
1767
1768
1769
1770
1771
1772
1773
1774
1775
1776
1777
1778
1779
1780
1781
1782
1783
1784
1785
1786
1787
1788
1789
1790
1791
1792
1793
1794
1795
1796
1797
1798
1799
1800
1801
1802
1803
1804
1805
1806
1807
1808
1809
1810
1811
1812
1813
1814
1815
1816
1817
1818
1819
1820
1821
1822
1823
1824
1825
1826
1827
1828
1829
1830
1831
1832
1833
1834
1835
1836
1837
1838
1839
1840
1841
1842
1843
1844
1845
1846
1847
1848
1849
1850
1851
1852
1853
1854
1855
1856
1857
1858
1859
1860
1861
1862
1863
1864
1865
1866
1867
1868
1869
1870
1871
1872
1873
1874
1875
1876
1877
1878
1879
1880
1881
1882
1883
1884
1885
1886
1887
1888
1889
1890
1891
1892
1893
1894
1895
1896
1897
1898
1899
1900
1901
1902
1903
1904
1905
1906
1907
1908
1909
1910
1911
1912
1913
1914
1915
1916
1917
1918
1919
1920
1921
1922
1923
1924
1925
1926
1927
1928
1929
1930
1931
1932
1933
1934
1935
1936
1937
1938
1939
1940
1941
1942
1943
1944
1945
1946
1947
1948
1949
1950
1951
1952
1953
1954
1955
1956
1957
1958
1959
1960
1961
1962
1963
1964
1965
1966
1967
1968
1969
1970
1971
1972
1973
1974
1975
1976
1977
1978
1979
1980
1981
1982
1983
1984
1985
1986
1987
1988
1989
1990
1991
1992
1993
1994
1995
1996
1997
1998
1999
2000
2001
2002
2003
2004
2005
2006
2007
2008
2009
2010
2011
2012
2013
2014
2015
2016
2017
2018
2019
2020
2021
2022
2023
2024
2025
2026
2027
2028
2029
2030
2031
2032
2033
2034
2035
2036
2037
2038
2039
2040
2041
2042
2043
2044
2045
2046
2047
2048
2049
2050
2051
2052
2053
2054
2055
2056
2057
2058
2059
2060
2061
2062
2063
2064
2065
2066
2067
2068
2069
2070
2071
2072
2073
2074
2075
2076
2077
2078
2079
2080
2081
2082
2083
2084
2085
2086
2087
2088
2089
2090
2091
2092
2093
2094
2095
2096
2097
2098
2099
2100
2101
2102
2103
2104
2105
2106
2107
2108
2109
2110
2111
2112
2113
2114
2115
2116
2117
2118
2119
2120
2121
2122
2123
2124
2125
2126
2127
2128
2129
2130
2131
2132
2133
2134
2135
2136
2137
2138
2139
2140
2141
2142
2143
2144
2145
2146
2147
2148
2149
2150
2151
2152
2153
2154
2155
2156
2157
2158
2159
2160
2161
2162
2163
2164
2165
2166
2167
2168
2169
2170
2171
2172
2173
2174
2175
2176
2177
2178
2179
2180
2181
2182
2183
2184
2185
2186
2187
2188
2189
2190
2191
2192
2193
2194
2195
2196
2197
2198
2199
2200
2201
2202
2203
2204
2205
2206
2207
2208
2209
2210
2211
2212
2213
2214
2215
2216
2217
2218
2219
2220
2221
2222
2223
2224
2225
2226
2227
2228
2229
2230
2231
2232
2233
2234
2235
2236
2237
2238
2239
2240
2241
2242
2243
2244
2245
2246
2247
2248
2249
2250
2251
2252
2253
2254
2255
2256
2257
2258
2259
2260
2261
2262
2263
2264
2265
2266
2267
2268
2269
2270
2271
2272
2273
2274
2275
2276
2277
2278
2279
2280
2281
2282
2283
2284
2285
2286
2287
2288
2289
2290
2291
2292
2293
2294
2295
2296
2297
2298
2299
2300
2301
2302
2303
2304
2305
2306
2307
2308
2309
2310
2311
2312
2313
2314
2315
2316
2317
2318
2319
2320
2321
2322
2323
2324
2325
2326
2327
2328
2329
2330
2331
2332
2333
2334
2335
2336
2337
2338
2339
2340
2341
2342
2343
2344
2345
2346
2347
2348
2349
2350
2351
2352
2353
2354
2355
2356
2357
2358
2359
2360
2361
2362
2363
2364
2365
2366
2367
2368
2369
2370
2371
2372
2373
2374
2375
2376
2377
2378
2379
2380
2381
2382
2383
2384
2385
2386
2387
2388
2389
2390
2391
2392
2393
2394
2395
2396
2397
2398
2399
2400
2401
2402
2403
2404
2405
2406
2407
2408
2409
2410
2411
2412
2413
2414
2415
2416
2417
2418
2419
2420
2421
2422
2423
2424
2425
2426
2427
2428
2429
2430
2431
2432
2433
2434
2435
2436
2437
2438
2439
2440
2441
2442
2443
2444
2445
2446
2447
2448
2449
2450
2451
2452
2453
2454
2455
2456
2457
2458
2459
2460
2461
2462
2463
2464
2465
2466
2467
2468
2469
2470
2471
2472
2473
2474
2475
2476
2477
2478
2479
2480
2481
2482
2483
2484
2485
2486
2487
2488
2489
2490
2491
2492
2493
2494
2495
2496
2497
2498
2499
2500
2501
2502
2503
2504
2505
2506
2507
2508
2509
2510
2511
2512
2513
2514
2515
2516
2517
2518
2519
2520
2521
2522
2523
2524
2525
2526
2527
2528
2529
2530
2531
2532
2533
2534
2535
2536
2537
2538
2539
2540
2541
2542
2543
2544
2545
2546
2547
2548
2549
2550
2551
2552
2553
2554
2555
2556
2557
2558
2559
2560
2561
2562
2563
2564
2565
2566
2567
2568
2569
2570
2571
2572
2573
2574
2575
2576
2577
2578
2579
2580
2581
2582
2583
2584
2585
2586
2587
2588
2589
2590
2591
2592
2593
2594
2595
2596
2597
2598
2599
2600
2601
2602
2603
2604
2605
2606
2607
2608
2609
2610
2611
2612
2613
2614
2615
2616
2617
2618
2619
2620
2621
2622
2623
2624
2625
2626
2627
2628
2629
2630
2631
2632
2633
2634
2635
2636
2637
2638
2639
2640
2641
2642
2643
2644
2645
2646
2647
2648
2649
2650
2651
2652
2653
2654
2655
2656
2657
2658
2659
2660
2661
2662
2663
2664
2665
2666
2667
2668
2669
2670
2671
2672
2673
2674
2675
2676
2677
2678
2679
2680
2681
2682
2683
2684
2685
2686
2687
2688
2689
2690
2691
2692
2693
2694
2695
2696
2697
2698
2699
2700
2701
2702
2703
2704
2705
2706
2707
2708
2709
2710
2711
2712
2713
2714
2715
2716
2717
2718
2719
2720
2721
2722
2723
2724
2725
2726
2727
2728
2729
2730
2731
2732
2733
2734
2735
2736
2737
2738
2739
2740
2741
2742
2743
2744
2745
2746
2747
2748
2749
2750
2751
2752
2753
2754
2755
2756
2757
2758
2759
2760
2761
2762
2763
2764
2765
2766
2767
2768
2769
2770
2771
2772
2773
2774
2775
2776
2777
2778
2779
2780
2781
2782
2783
2784
2785
2786
2787
2788
2789
2790
2791
2792
2793
2794
2795
2796
2797
2798
2799
2800
2801
2802
2803
2804
2805
2806
2807
2808
2809
2810
2811
2812
2813
2814
2815
2816
2817
2818
2819
2820
2821
2822
2823
2824
2825
2826
2827
2828
2829
2830
2831
2832
2833
2834
2835
2836
2837
2838
2839
2840
2841
2842
2843
2844
2845
2846
2847
2848
2849
2850
2851
2852
2853
2854
2855
2856
2857
2858
2859
2860
2861
2862
2863
2864
2865
2866
2867
2868
2869
2870
2871
2872
2873
2874
2875
2876
2877
2878
2879
2880
2881
2882
2883
2884
2885
2886
2887
2888
2889
2890
2891
2892
2893
2894
2895
2896
2897
2898
2899
2900
2901
2902
2903
2904
2905
2906
2907
2908
2909
2910
2911
2912
2913
2914
2915
2916
2917
2918
2919
2920
2921
2922
2923
2924
2925
2926
2927
2928
2929
2930
2931
2932
2933
2934
2935
2936
2937
2938
2939
2940
2941
2942
2943
2944
2945
2946
2947
2948
2949
2950
2951
2952
2953
2954
2955
2956
2957
2958
2959
2960
2961
2962
2963
2964
2965
2966
2967
2968
2969
2970
2971
2972
2973
2974
2975
2976
2977
2978
2979
2980
2981
2982
2983
2984
2985
2986
2987
2988
2989
2990
2991
2992
2993
2994
2995
2996
2997
2998
2999
3000
3001
3002
3003
3004
3005
3006
3007
3008
3009
3010
3011
3012
3013
3014
3015
3016
3017
3018
3019
3020
3021
3022
3023
3024
3025
3026
3027
3028
3029
3030
3031
3032
3033
3034
3035
3036
3037
3038
3039
3040
3041
3042
3043
3044
3045
3046
3047
3048
3049
3050
3051
3052
3053
3054
3055
3056
3057
3058
3059
3060
3061
3062
3063
3064
3065
3066
3067
3068
3069
3070
3071
3072
3073
3074
3075
3076
3077
3078
3079
3080
3081
3082
3083
3084
3085
3086
3087
3088
3089
3090
3091
3092
3093
3094
3095
3096
3097
3098
3099
3100
3101
3102
3103
3104
3105
3106
3107
3108
3109
3110
3111
3112
3113
3114
3115
3116
3117
3118
3119
3120
3121
3122
3123
3124
3125
3126
3127
3128
3129
3130
3131
3132
3133
3134
3135
3136
3137
3138
3139
3140
3141
3142
3143
3144
3145
3146
3147
3148
3149
3150
3151
3152
3153
3154
3155
3156
3157
3158
3159
3160
3161
3162
3163
3164
3165
3166
3167
3168
3169
3170
3171
3172
3173
3174
3175
3176
3177
3178
3179
3180
3181
3182
3183
3184
3185
3186
3187
3188
3189
3190
3191
3192
3193
3194
3195
3196
3197
3198
3199
3200
3201
3202
3203
3204
3205
3206
3207
3208
3209
3210
3211
3212
3213
3214
3215
3216
3217
3218
3219
3220
3221
3222
3223
3224
3225
3226
3227
3228
3229
3230
3231
3232
3233
3234
3235
3236
3237
3238
3239
3240
3241
3242
3243
3244
3245
3246
3247
3248
3249
3250
3251
3252
3253
3254
3255
3256
3257
3258
3259
3260
3261
3262
3263
3264
3265
3266
3267
3268
3269
3270
3271
3272
3273
3274
3275
3276
3277
3278
3279
3280
3281
3282
3283
3284
3285
3286
3287
3288
3289
3290
3291
3292
3293
3294
3295
3296
3297
3298
3299
3300
3301
3302
3303
3304
3305
3306
3307
3308
3309
3310
3311
3312
3313
3314
3315
3316
3317
3318
3319
3320
3321
3322
3323
3324
3325
3326
3327
3328
3329
3330
3331
3332
3333
3334
3335
3336
3337
3338
3339
3340
3341
3342
3343
3344
3345
3346
3347
3348
3349
3350
3351
3352
3353
3354
3355
3356
3357
3358
3359
3360
3361
3362
3363
3364
3365
3366
3367
3368
3369
3370
3371
3372
3373
3374
3375
3376
3377
3378
3379
3380
3381
3382
3383
3384
3385
3386
3387
3388
3389
3390
3391
3392
3393
3394
3395
3396
3397
3398
3399
3400
3401
3402
3403
3404
3405
3406
3407
3408
3409
3410
3411
3412
3413
3414
3415
3416
3417
3418
3419
3420
3421
3422
3423
3424
3425
3426
3427
3428
3429
3430
3431
3432
3433
3434
3435
3436
3437
3438
3439
3440
3441
3442
3443
3444
3445
3446
3447
3448
3449
3450
3451
3452
3453
3454
3455
3456
3457
3458
3459
3460
3461
3462
3463
3464
3465
3466
3467
3468
3469
3470
3471
3472
3473
3474
3475
3476
3477
3478
3479
3480
3481
3482
3483
3484
3485
3486
3487
3488
3489
3490
3491
3492
3493
3494
3495
3496
3497
3498
3499
3500
3501
3502
3503
3504
3505
3506
3507
3508
3509
3510
3511
3512
3513
3514
3515
3516
3517
3518
3519
3520
3521
3522
3523
3524
3525
3526
3527
3528
3529
3530
3531
3532
3533
3534
3535
3536
3537
3538
3539
3540
3541
3542
3543
3544
3545
3546
3547
3548
3549
3550
3551
3552
3553
3554
3555
3556
3557
3558
3559
3560
3561
3562
3563
3564
3565
3566
3567
3568
3569
3570
3571
3572
3573
3574
3575
3576
3577
3578
3579
3580
3581
3582
3583
3584
3585
3586
3587
3588
3589
3590
3591
3592
3593
3594
3595
3596
3597
3598
3599
3600
3601
3602
3603
3604
3605
3606
3607
3608
3609
3610
3611
3612
3613
3614
3615
3616
3617
3618
3619
3620
3621
3622
3623
3624
3625
3626
3627
3628
3629
3630
3631
3632
3633
3634
3635
3636
3637
3638
3639
3640
3641
3642
3643
3644
3645
3646
3647
3648
3649
3650
3651
3652
3653
3654
3655
3656
3657
3658
3659
3660
3661
3662
3663
3664
3665
3666
3667
3668
3669
3670
3671
3672
3673
3674
3675
3676
3677
3678
3679
3680
3681
3682
3683
3684
3685
3686
3687
3688
3689
3690
3691
3692
3693
3694
3695
3696
3697
3698
3699
3700
3701
3702
3703
3704
3705
3706
3707
3708
3709
3710
3711
3712
3713
3714
3715
3716
3717
3718
3719
3720
3721
3722
3723
3724
3725
3726
3727
3728
3729
3730
3731
3732
3733
3734
3735
3736
3737
3738
3739
3740
3741
3742
3743
3744
3745
3746
3747
3748
3749
3750
3751
3752
3753
3754
3755
3756
3757
3758
3759
3760
3761
3762
3763
3764
3765
3766
3767
3768
3769
3770
3771
3772
3773
3774
3775
3776
3777
3778
3779
3780
3781
3782
3783
3784
3785
3786
3787
3788
3789
3790
3791
3792
3793
3794
3795
3796
3797
3798
3799
3800
3801
3802
3803
3804
3805
3806
3807
3808
3809
3810
3811
3812
3813
3814
3815
3816
3817
3818
3819
3820
3821
3822
3823
3824
3825
3826
3827
3828
3829
3830
3831
3832
3833
3834
3835
3836
3837
3838
3839
3840
3841
3842
3843
3844
3845
3846
3847
3848
3849
3850
3851
3852
3853
3854
3855
3856
3857
3858
3859
3860
3861
3862
3863
3864
3865
3866
3867
3868
3869
3870
3871
3872
3873
3874
3875
3876
3877
3878
3879
3880
3881
3882
3883
3884
3885
3886
3887
3888
3889
3890
3891
3892
3893
3894
3895
3896
3897
3898
3899
3900
3901
3902
3903
3904
3905
3906
3907
3908
3909
3910
3911
3912
3913
3914
3915
3916
3917
3918
3919
3920
3921
3922
3923
3924
3925
3926
3927
3928
3929
3930
3931
3932
3933
3934
3935
3936
3937
3938
3939
3940
3941
3942
3943
3944
3945
3946
3947
3948
3949
3950
3951
3952
3953
3954
3955
3956
3957
3958
3959
3960
3961
3962
3963
3964
3965
3966
3967
3968
3969
3970
3971
3972
3973
3974
3975
3976
3977
3978
3979
3980
3981
3982
3983
3984
3985
3986
3987
3988
3989
3990
3991
3992
3993
3994
3995
3996
3997
3998
3999
4000
4001
4002
4003
4004
4005
4006
4007
4008
4009
4010
4011
4012
4013
4014
4015
4016
4017
4018
4019
4020
4021
4022
4023
4024
4025
4026
4027
4028
4029
4030
4031
4032
4033
4034
4035
4036
4037
4038
4039
4040
4041
4042
4043
4044
4045
4046
4047
4048
4049
4050
4051
4052
4053
4054
4055
4056
4057
4058
4059
4060
4061
4062
4063
4064
4065
4066
4067
4068
4069
4070
4071
4072
4073
4074
4075
4076
4077
4078
4079
4080
4081
4082
4083
4084
4085
4086
4087
4088
4089
4090
4091
4092
4093
4094
4095
4096
4097
4098
4099
4100
4101
4102
4103
4104
4105
4106
4107
4108
4109
4110
4111
4112
4113
4114
4115
4116
4117
4118
4119
4120
4121
4122
4123
4124
4125
4126
4127
4128
4129
4130
4131
4132
4133
4134
4135
4136
4137
4138
4139
4140
4141
4142
4143
4144
4145
4146
4147
4148
4149
4150
4151
4152
4153
4154
4155
4156
4157
4158
4159
4160
4161
4162
4163
4164
4165
4166
4167
4168
4169
4170
4171
4172
4173
4174
4175
4176
4177
4178
4179
4180
4181
4182
4183
4184
4185
4186
4187
4188
4189
4190
4191
4192
4193
4194
4195
4196
4197
4198
4199
4200
4201
4202
4203
4204
4205
4206
4207
4208
4209
4210
4211
4212
4213
4214
4215
4216
4217
4218
4219
4220
4221
4222
4223
4224
4225
0.03124999999994638 0.03125000000012419 0
0.03124999999995231 0.06250000000024802 0
0.03124999999995823 0.09375000000037255 0
0.03124999999996416 0.1250000000004969 0
0.03124999999997009 0.1562500000006202 0
0.03124999999997601 0.1875000000007433 0
0.03124999999998194 0.2187500000008665 0
0.03124999999998788 0.2500000000009895 0
0.03124999999999379 0.2812500000011128 0
0.03124999999999973 0.3125000000012359 0
0.03125000000000566 0.343750000001359 0
0.03125000000001158 0.3750000000014823 0
0.03125000000001751 0.4062500000016054 0
0.03125000000002343 0.4375000000017286 0
0.03125000000002936 0.4687500000018517 0
0.03125000000003528 0.5000000000019541 0
0.03125000000004122 0.5312500000017673 0
0.03125000000004714 0.56250000000156 0
0.03125000000005308 0.5937500000013527 0
0.03125000000005899 0.6250000000011451 0
0.03125000000006493 0.6562500000009378 0
0.03125000000007084 0.6875000000007305 0
0.03125000000007678 0.7187500000005231 0
0.0312500000000827 0.7500000000003155 0
0.03125000000008863 0.7812500000001079 0
0.03125000000009456 0.8124999999999003 0
0.03125000000010048 0.843749999999693 0
0.03125000000010641 0.8749999999995065 0
0.03125000000011233 0.9062499999996142 0
0.03125000000011827 0.9374999999997427 0
0.03125000000012419 0.9687499999998713 0
0.06249999999988502 0.03125000000011826 0
0.06249999999989712 0.06250000000023592 0
0.06249999999990923 0.09375000000035484 0
0.06249999999992133 0.1250000000004735 0
0.06249999999993343 0.1562500000005899 0
0.06249999999994552 0.1875000000007062 0
0.06249999999995762 0.2187500000008225 0
0.06249999999996975 0.2500000000009386 0
0.06249999999998182 0.2812500000010549 0
0.06249999999999392 0.3125000000011712 0
0.06250000000000602 0.3437500000012874 0
0.06250000000001812 0.3750000000014038 0
0.06250000000003023 0.4062500000015198 0
0.06250000000004233 0.4375000000016362 0
0.06250000000005443 0.4687500000017524 0
0.06250000000006653 0.5000000000018489 0
0.06250000000007863 0.5312500000016704 0
0.06250000000009073 0.5625000000014726 0
0.06250000000010283 0.5937500000012746 0
0.06250000000011491 0.6250000000010763 0
0.06250000000012704 0.6562500000008782 0
0.06250000000013911 0.6875000000006801 0
0.06250000000015121 0.7187500000004819 0
0.06250000000016331 0.750000000000284 0
0.06250000000017542 0.7812500000000859 0
0.06250000000018752 0.8124999999998878 0
0.06250000000019962 0.8437499999996896 0
0.06250000000021172 0.8749999999995119 0
0.06250000000022382 0.9062499999996184 0
0.06250000000023592 0.9374999999997459 0
0.06250000000024802 0.9687499999998727 0
0.09374999999984142 0.03125000000011233 0
0.09374999999985913 0.06250000000022382 0
0.09374999999987683 0.09375000000033713 0
0.09374999999989451 0.1250000000004502 0
0.09374999999991222 0.1562500000005599 0
0.09374999999992996 0.1875000000006691 0
0.09374999999994764 0.2187500000007785 0
0.09374999999996535 0.2500000000008877 0
0.09374999999998304 0.2812500000009971 0
0.09375000000000076 0.3125000000011065 0
0.09375000000001847 0.3437500000012158 0
0.09375000000003615 0.3750000000013252 0
0.09375000000005389 0.4062500000014343 0
0.09375000000007155 0.4375000000015437 0
0.09375000000008929 0.468750000001653 0
0.09375000000010698 0.5000000000017436 0
0.09375000000012469 0.5312500000015736 0
0.09375000000014237 0.562500000001385 0
0.09375000000016011 0.5937500000011962 0
0.09375000000017782 0.6250000000010074 0
0.0937500000001955 0.6562500000008187 0
0.09375000000021318 0.6875000000006302 0
0.09375000000023087 0.7187500000004413 0
0.09375000000024859 0.7500000000002527 0
0.0937500000002663 0.7812500000000639 0
0.09375000000028401 0.812499999999875 0
0.09375000000030172 0.8437499999996861 0
0.09375000000031943 0.8749999999995172 0
0.09375000000033713 0.9062499999996231 0
0.09375000000035484 0.9374999999997486 0
0.09375000000037255 0.9687499999998744 0
0.1249999999997965 0.03125000000010641 0
0.1249999999998198 0.06250000000021172 0
0.1249999999998432 0.09375000000031943 0
0.1249999999998666 0.1250000000004269 0
0.1249999999998899 0.1562500000005297 0
0.1249999999999132 0.187500000000632 0
0.1249999999999366 0.2187500000007345 0
0.1249999999999599 0.2500000000008369 0
0.1249999999999833 0.2812500000009392 0
0.1250000000000066 0.3125000000010417 0
0.1250000000000299 0.3437500000011441 0
0.1250000000000533 0.3750000000012466 0
0.1250000000000767 0.4062500000013488 0
0.1250000000001 0.4375000000014513 0
0.1250000000001233 0.4687500000015537 0
0.1250000000001467 0.5000000000016384 0
0.1250000000001701 0.5312500000014768 0
0.1250000000001934 0.5625000000012975 0
0.1250000000002168 0.593750000001118 0
0.1250000000002401 0.6250000000009386 0
0.1250000000002635 0.6562500000007594 0
0.1250000000002868 0.68750000000058 0
0.1250000000003101 0.7187500000004007 0
0.1250000000003335 0.7500000000002214 0
0.1250000000003568 0.7812500000000417 0
0.1250000000003801 0.8124999999998621 0
0.1250000000004035 0.8437499999996829 0
0.1250000000004269 0.8749999999995225 0
0.1250000000004502 0.9062499999996275 0
0.1250000000004736 0.9374999999997518 0
0.1250000000004969 0.9687499999998758 0
0.1562499999997148 0.03125000000010048 0
0.156249999999745 0.06250000000019962 0
0.1562499999997752 0.09375000000030172 0
0.1562499999998054 0.1250000000004035 0
0.1562499999998355 0.1562500000004994 0
0.1562499999998657 0.1875000000005949 0
0.1562499999998959 0.2187500000006904 0
0.1562499999999261 0.2500000000007858 0
0.1562499999999562 0.2812500000008814 0
0.1562499999999864 0.312500000000977 0
0.1562500000000166 0.3437500000010724 0
0.1562500000000468 0.375000000001168 0
0.156250000000077 0.4062500000012634 0
0.1562500000001071 0.4375000000013588 0
0.1562500000001373 0.4687500000014544 0
0.1562500000001675 0.5000000000015333 0
0.1562500000001977 0.5312500000013798 0
0.1562500000002278 0.5625000000012098 0
0.156250000000258 0.5937500000010398 0
0.1562500000002882 0.6250000000008697 0
0.1562500000003184 0.6562500000006999 0
0.1562500000003486 0.6875000000005298 0
0.1562500000003788 0.7187500000003597 0
0.1562500000004089 0.7500000000001898 0
0.1562500000004391 0.7812500000000195 0
0.1562500000004693 0.8124999999998495 0
0.1562500000004995 0.8437499999996793 0
0.1562500000005297 0.8749999999995277 0
0.1562500000005599 0.9062499999996322 0
0.15625000000059 0.9374999999997546 0
0.1562500000006202 0.9687499999998772 0
0.1874999999996305 0.03125000000009456 0
0.1874999999996675 0.06250000000018752 0
0.1874999999997047 0.09375000000028401 0
0.1874999999997418 0.1250000000003801 0
0.1874999999997789 0.1562500000004692 0
0.187499999999816 0.1875000000005578 0
0.187499999999853 0.2187500000006465 0
0.1874999999998901 0.250000000000735 0
0.1874999999999272 0.2812500000008236 0
0.1874999999999643 0.3125000000009122 0
0.1875000000000014 0.3437500000010008 0
0.1875000000000385 0.3750000000010894 0
0.1875000000000756 0.4062500000011778 0
0.1875000000001127 0.4375000000012665 0
0.1875000000001498 0.468750000001355 0
0.1875000000001869 0.5000000000014281 0
0.187500000000224 0.531250000001283 0
0.1875000000002611 0.5625000000011221 0
0.1875000000002982 0.5937500000009617 0
0.1875000000003353 0.6250000000008009 0
0.1875000000003723 0.6562500000006404 0
0.1875000000004095 0.6875000000004796 0
0.1875000000004465 0.718750000000319 0
0.1875000000004836 0.7500000000001583 0
0.1875000000005207 0.7812499999999976 0
0.1875000000005578 0.8124999999998368 0
0.1875000000005949 0.8437499999996763 0
0.187500000000632 0.8749999999995327 0
0.1875000000006691 0.9062499999996366 0
0.1875000000007062 0.9374999999997577 0
0.1875000000007433 0.9687499999998789 0
0.2187499999995462 0.03125000000008863 0
0.2187499999995902 0.06250000000017542 0
0.2187499999996342 0.0937500000002663 0
0.2187499999996782 0.1250000000003568 0
0.2187499999997222 0.1562500000004391 0
0.2187499999997663 0.1875000000005207 0
0.2187499999998102 0.2187500000006024 0
0.2187499999998542 0.250000000000684 0
0.2187499999998983 0.2812500000007657 0
0.2187499999999423 0.3125000000008474 0
0.2187499999999863 0.3437500000009291 0
0.2187500000000303 0.3750000000010107 0
0.2187500000000743 0.4062500000010923 0
0.2187500000001183 0.4375000000011741 0
0.2187500000001623 0.4687500000012557 0
0.2187500000002064 0.5000000000013228 0
0.2187500000002504 0.5312500000011859 0
0.2187500000002944 0.5625000000010346 0
0.2187500000003384 0.5937500000008835 0
0.2187500000003824 0.6250000000007321 0
0.2187500000004264 0.6562500000005809 0
0.2187500000004704 0.6875000000004294 0
0.2187500000005145 0.7187500000002781 0
0.2187500000005584 0.7500000000001268 0
0.2187500000006024 0.7812499999999756 0
0.2187500000006464 0.8124999999998239 0
0.2187500000006904 0.8437499999996725 0
0.2187500000007345 0.8749999999995379 0
0.2187500000007785 0.9062499999996411 0
0.2187500000008225 0.9374999999997606 0
0.2187500000008665 0.9687499999998802 0
0.2499999999994619 0.0312500000000827 0
0.2499999999995128 0.06250000000016331 0
0.2499999999995637 0.09375000000024859 0
0.2499999999996146 0.1250000000003335 0
0.2499999999996655 0.1562500000004089 0
0.2499999999997164 0.1875000000004836 0
0.2499999999997674 0.2187500000005584 0
0.2499999999998184 0.250000000000633 0
0.2499999999998692 0.2812500000007079 0
0.2499999999999202 0.3125000000007827 0
0.249999999999971 0.3437500000008574 0
0.250000000000022 0.3750000000009321 0
0.2500000000000729 0.4062500000010069 0
0.2500000000001239 0.4375000000010816 0
0.2500000000001747 0.4687500000011564 0
0.2500000000002257 0.5000000000012176 0
0.2500000000002767 0.5312500000010891 0
0.2500000000003275 0.5625000000009471 0
0.2500000000003785 0.5937500000008054 0
0.2500000000004294 0.6250000000006632 0
0.2500000000004803 0.6562500000005214 0
0.2500000000005312 0.6875000000003793 0
0.2500000000005822 0.7187500000002373 0
0.250000000000633 0.7500000000000955 0
0.250000000000684 0.7812499999999534 0
0.250000000000735 0.8124999999998113 0
0.2500000000007859 0.8437499999996692 0
0.2500000000008368 0.8749999999995434 0
0.2500000000008877 0.9062499999996456 0
0.2500000000009387 0.9374999999997635 0
0.2500000000009895 0.968749999999882 0
0.2812499999993776 0.03125000000007678 0
0.2812499999994355 0.06250000000015121 0
0.2812499999994933 0.09375000000023087 0
0.2812499999995511 0.1250000000003101 0
0.2812499999996089 0.1562500000003788 0
0.2812499999996668 0.1875000000004465 0
0.2812499999997246 0.2187500000005144 0
0.2812499999997824 0.2500000000005822 0
0.2812499999998402 0.28125000000065 0
0.2812499999998982 0.3125000000007179 0
0.2812499999999559 0.3437500000007857 0
0.2812500000000139 0.3750000000008535 0
0.2812500000000717 0.4062500000009214 0
0.2812500000001296 0.4375000000009892 0
0.2812500000001873 0.4687500000010569 0
0.2812500000002452 0.5000000000011126 0
0.281250000000303 0.5312500000009923 0
0.2812500000003608 0.5625000000008596 0
0.2812500000004187 0.593750000000727 0
0.2812500000004765 0.6250000000005944 0
0.2812500000005344 0.6562500000004619 0
0.2812500000005922 0.6875000000003291 0
0.28125000000065 0.7187500000001963 0
0.2812500000007079 0.7500000000000639 0
0.2812500000007657 0.7812499999999312 0
0.2812500000008236 0.8124999999997986 0
0.2812500000008814 0.8437499999996659 0
0.2812500000009392 0.8749999999995488 0
0.2812500000009971 0.9062499999996498 0
0.2812500000010549 0.9374999999997666 0
0.2812500000011128 0.9687499999998833 0
0.3124999999992932 0.03125000000007084 0
0.3124999999993581 0.06250000000013911 0
0.3124999999994229 0.09375000000021318 0
0.3124999999994875 0.1250000000002868 0
0.3124999999995522 0.1562500000003486 0
0.3124999999996171 0.1875000000004095 0
0.3124999999996818 0.2187500000004704 0
0.3124999999997466 0.2500000000005312 0
0.3124999999998113 0.2812500000005922 0
0.3124999999998761 0.3125000000006531 0
0.3124999999999408 0.343750000000714 0
0.3125000000000056 0.3750000000007749 0
0.3125000000000704 0.4062500000008359 0
0.3125000000001351 0.4375000000008968 0
0.3125000000001998 0.4687500000009577 0
0.3125000000002647 0.5000000000010073 0
0.3125000000003293 0.5312500000008953 0
0.3125000000003941 0.5625000000007722 0
0.312500000000459 0.5937500000006488 0
0.3125000000005236 0.6250000000005256 0
0.3125000000005884 0.6562500000004023 0
0.3125000000006531 0.6875000000002789 0
0.3125000000007179 0.7187500000001558 0
0.3125000000007827 0.7500000000000326 0
0.3125000000008474 0.7812499999999092 0
0.3125000000009122 0.8124999999997857 0
0.312500000000977 0.8437499999996623 0
0.3125000000010417 0.874999999999554 0
0.3125000000011064 0.9062499999996543 0
0.3125000000011713 0.9374999999997697 0
0.312500000001236 0.9687499999998845 0
0.343749999999209 0.03125000000006493 0
0.3437499999992807 0.06250000000012701 0
0.3437499999993524 0.0937500000001955 0
0.343749999999424 0.1250000000002635 0
0.3437499999994956 0.1562500000003184 0
0.3437499999995672 0.1875000000003724 0
0.3437499999996391 0.2187500000004264 0
0.3437499999997107 0.2500000000004803 0
0.3437499999997823 0.2812500000005344 0
0.343749999999854 0.3125000000005884 0
0.3437499999999257 0.3437500000006424 0
0.3437499999999974 0.3750000000006963 0
0.3437500000000689 0.4062500000007504 0
0.3437500000001407 0.4375000000008045 0
0.3437500000002123 0.4687500000008583 0
0.3437500000002841 0.5000000000009021 0
0.3437500000003557 0.5312500000007985 0
0.3437500000004273 0.5625000000006847 0
0.343750000000499 0.5937500000005707 0
0.3437500000005708 0.6250000000004567 0
0.3437500000006424 0.6562500000003428 0
0.343750000000714 0.6875000000002287 0
0.3437500000007857 0.7187500000001149 0
0.3437500000008574 0.7500000000000011 0
0.3437500000009291 0.781249999999887 0
0.3437500000010006 0.8124999999997731 0
0.3437500000010724 0.8437499999996591 0
0.3437500000011441 0.8749999999995595 0
0.3437500000012158 0.9062499999996588 0
0.3437500000012874 0.9374999999997726 0
0.343750000001359 0.9687499999998864 0
0.3749999999991248 0.03125000000005899 0
0.3749999999992034 0.06250000000011491 0
0.3749999999992819 0.09375000000017782 0
0.3749999999993604 0.1250000000002401 0
0.374999999999439 0.1562500000002882 0
0.3749999999995177 0.1875000000003353 0
0.3749999999995962 0.2187500000003823 0
0.3749999999996749 0.2500000000004294 0
0.3749999999997533 0.2812500000004765 0
0.3749999999998319 0.3125000000005236 0
0.3749999999999105 0.3437500000005707 0
0.3749999999999891 0.3750000000006178 0
0.3750000000000677 0.4062500000006649 0
0.3750000000001463 0.4375000000007121 0
0.3750000000002249 0.468750000000759 0
0.3750000000003035 0.5000000000007968 0
0.375000000000382 0.5312500000007014 0
0.3750000000004607 0.562500000000597 0
0.3750000000005392 0.5937500000004925 0
0.3750000000006178 0.6250000000003879 0
0.3750000000006964 0.6562500000002833 0
0.3750000000007749 0.6875000000001787 0
0.3750000000008535 0.7187500000000743 0
0.3750000000009321 0.7499999999999696 0
0.3750000000010107 0.781249999999865 0
0.3750000000010894 0.8124999999997604 0
0.375000000001168 0.8437499999996557 0
0.3750000000012466 0.8749999999995647 0
0.3750000000013252 0.9062499999996633 0
0.3750000000014038 0.9374999999997755 0
0.3750000000014824 0.9687499999998879 0
0.4062499999990403 0.03125000000005308 0
0.4062499999991258 0.06250000000010281 0
0.4062499999992113 0.09375000000016011 0
0.4062499999992969 0.1250000000002167 0
0.4062499999993825 0.156250000000258 0
0.4062499999994679 0.1875000000002982 0
0.4062499999995535 0.2187500000003384 0
0.4062499999996388 0.2500000000003785 0
0.4062499999997244 0.2812500000004187 0
0.4062499999998098 0.3125000000004589 0
0.4062499999998954 0.343750000000499 0
0.4062499999999809 0.3750000000005392 0
0.4062500000000664 0.4062500000005794 0
0.4062500000001519 0.4375000000006196 0
0.4062500000002374 0.4687500000006598 0
0.4062500000003229 0.5000000000006916 0
0.4062500000004085 0.5312500000006046 0
0.4062500000004939 0.5625000000005095 0
0.4062500000005794 0.5937500000004143 0
0.4062500000006649 0.6250000000003191 0
0.4062500000007504 0.6562500000002238 0
0.4062500000008359 0.6875000000001286 0
0.4062500000009214 0.7187500000000334 0
0.4062500000010069 0.7499999999999383 0
0.4062500000010923 0.7812499999998428 0
0.4062500000011778 0.8124999999997475 0
0.4062500000012633 0.8437499999996522 0
0.4062500000013488 0.8749999999995701 0
0.4062500000014344 0.9062499999996677 0
0.4062500000015198 0.9374999999997786 0
0.4062500000016054 0.968749999999889 0
0.4374999999989561 0.03125000000004714 0
0.4374999999990484 0.06250000000009073 0
0.4374999999991409 0.09375000000014239 0
0.4374999999992333 0.1250000000001934 0
0.4374999999993257 0.1562500000002279 0
0.4374999999994182 0.1875000000002611 0
0.4374999999995104 0.2187500000002944 0
0.4374999999996029 0.2500000000003275 0
0.4374999999996955 0.2812500000003608 0
0.4374999999997878 0.3125000000003941 0
0.4374999999998803 0.3437500000004273 0
0.4374999999999727 0.3750000000004607 0
0.4375000000000651 0.4062500000004939 0
0.4375000000001574 0.437500000000527 0
0.43750000000025 0.4687500000005603 0
0.4375000000003423 0.5000000000005863 0
0.4375000000004347 0.5312500000005078 0
0.4375000000005271 0.5625000000004217 0
0.4375000000006197 0.5937500000003362 0
0.4375000000007119 0.6250000000002502 0
0.4375000000008044 0.6562500000001643 0
0.4375000000008967 0.6875000000000784 0
0.4375000000009892 0.7187499999999925 0
0.4375000000010818 0.7499999999999067 0
0.4375000000011741 0.7812499999998208 0
0.4375000000012664 0.8124999999997349 0
0.4375000000013589 0.8437499999996489 0
0.4375000000014513 0.8749999999995752 0
0.4375000000015437 0.906249999999672 0
0.4375000000016362 0.9374999999997815 0
0.4375000000017286 0.9687499999998908 0
0.4687499999988717 0.03125000000004121 0
0.468749999998971 0.0625000000000786 0
0.4687499999990704 0.09375000000012471 0
0.4687499999991697 0.12500000000017 0
0.468749999999269 0.1562500000001977 0
0.4687499999993683 0.187500000000224 0
0.4687499999994678 0.2187500000002504 0
0.4687499999995672 0.2500000000002767 0
0.4687499999996664 0.281250000000303 0
0.4687499999997657 0.3125000000003293 0
0.4687499999998651 0.3437500000003556 0
0.4687499999999645 0.375000000000382 0
0.4687500000000638 0.4062500000004083 0
0.468750000000163 0.4375000000004347 0
0.4687500000002623 0.4687500000004611 0
0.4687500000003617 0.5000000000004811 0
0.468750000000461 0.5312500000004108 0
0.4687500000005604 0.5625000000003343 0
0.4687500000006598 0.5937500000002578 0
0.468750000000759 0.6250000000001812 0
0.4687500000008583 0.6562500000001048 0
0.4687500000009577 0.6875000000000282 0
0.4687500000010569 0.7187499999999517 0
0.4687500000011562 0.7499999999998752 0
0.4687500000012557 0.7812499999997986 0
0.4687500000013551 0.812499999999722 0
0.4687500000014544 0.8437499999996456 0
0.4687500000015537 0.8749999999995803 0
0.468750000001653 0.9062499999996767 0
0.4687500000017523 0.9374999999997844 0
0.4687500000018517 0.9687499999998923 0
0.4999999999987974 0.03125000000003528 0
0.4999999999989025 0.06250000000006653 0
0.4999999999990078 0.09375000000010698 0
0.499999999999113 0.1250000000001467 0
0.4999999999992182 0.1562500000001675 0
0.4999999999993235 0.1875000000001869 0
0.4999999999994288 0.2187500000002064 0
0.4999999999995338 0.2500000000002257 0
0.4999999999996393 0.2812500000002451 0
0.4999999999997443 0.3125000000002647 0
0.4999999999998496 0.343750000000284 0
0.4999999999999548 0.3750000000003034 0
0.5000000000000601 0.4062500000003229 0
0.5000000000001653 0.4375000000003423 0
0.5000000000002706 0.4687500000003618 0
0.5000000000003758 0.5000000000003758 0
0.5000000000004811 0.531250000000314 0
0.5000000000005863 0.5625000000002468 0
0.5000000000006916 0.5937500000001796 0
0.5000000000007968 0.6250000000001126 0
0.5000000000009018 0.6562500000000453 0
0.5000000000010073 0.6874999999999782 0
0.5000000000011123 0.7187499999999108 0
0.5000000000012176 0.7499999999998439 0
0.5000000000013228 0.7812499999997766 0
0.5000000000014281 0.8124999999997093 0
0.5000000000015333 0.843749999999642 0
0.5000000000016386 0.8749999999995856 0
0.5000000000017438 0.906249999999681 0
0.5000000000018491 0.9374999999997875 0
0.5000000000019541 0.9687499999998938 0
0.5312499999988605 0.03125000000002936 0
0.5312499999989575 0.06250000000005443 0
0.5312499999990543 0.09375000000008928 0
0.5312499999991513 0.1250000000001233 0
0.5312499999992482 0.1562500000001373 0
0.5312499999993452 0.1875000000001498 0
0.531249999999442 0.2187500000001623 0
0.5312499999995388 0.2500000000001747 0
0.5312499999996356 0.2812500000001873 0
0.5312499999997327 0.3125000000001998 0
0.5312499999998295 0.3437500000002124 0
0.5312499999999265 0.3750000000002249 0
0.5312500000000233 0.4062500000002374 0
0.5312500000001203 0.43750000000025 0
0.5312500000002169 0.4687500000002623 0
0.531250000000314 0.5000000000002706 0
0.5312500000004108 0.5312500000002169 0
0.5312500000005078 0.5625000000001593 0
0.5312500000006046 0.5937500000001015 0
0.5312500000007014 0.6250000000000437 0
0.5312500000007985 0.6562499999999858 0
0.5312500000008953 0.6874999999999281 0
0.5312500000009923 0.71874999999987 0
0.5312500000010891 0.7499999999998124 0
0.5312500000011859 0.7812499999997544 0
0.531250000001283 0.8124999999996965 0
0.5312500000013798 0.8437499999996388 0
0.5312500000014768 0.8749999999995909 0
0.5312500000015736 0.9062499999996855 0
0.5312500000016704 0.9374999999997904 0
0.5312500000017673 0.9687499999998953 0
0.5624999999989334 0.03125000000002343 0
0.5624999999990212 0.06250000000004233 0
0.5624999999991088 0.09375000000007157 0
0.5624999999991961 0.1250000000001 0
0.5624999999992838 0.1562500000001071 0
0.5624999999993713 0.1875000000001127 0
0.562499999999459 0.2187500000001183 0
0.5624999999995465 0.2500000000001239 0
0.562499999999634 0.2812500000001295 0
0.5624999999997214 0.3125000000001351 0
0.5624999999998089 0.3437500000001407 0
0.5624999999998966 0.3750000000001463 0
0.5624999999999843 0.4062500000001519 0
0.5625000000000717 0.4375000000001575 0
0.5625000000001593 0.468750000000163 0
0.5625000000002468 0.5000000000001653 0
0.5625000000003343 0.5312500000001201 0
0.5625000000004218 0.5625000000000718 0
0.5625000000005095 0.5937500000000233 0
0.562500000000597 0.6249999999999749 0
0.5625000000006847 0.6562499999999265 0
0.5625000000007722 0.6874999999998779 0
0.5625000000008596 0.7187499999998294 0
0.5625000000009471 0.7499999999997808 0
0.5625000000010346 0.7812499999997324 0
0.5625000000011223 0.8124999999996838 0
0.5625000000012098 0.8437499999996353 0
0.5625000000012973 0.8749999999995962 0
0.562500000001385 0.9062499999996905 0
0.5625000000014725 0.9374999999997935 0
0.56250000000156 0.9687499999998966 0
0.5937499999990068 0.03125000000001749 0
0.5937499999990851 0.06250000000003023 0
0.5937499999991629 0.09375000000005386 0
0.5937499999992413 0.1250000000000767 0
0.5937499999993194 0.1562500000000769 0
0.5937499999993976 0.1875000000000756 0
0.593749999999476 0.2187500000000743 0
0.5937499999995541 0.2500000000000729 0
0.5937499999996323 0.2812500000000716 0
0.5937499999997105 0.3125000000000704 0
0.5937499999997886 0.3437500000000691 0
0.593749999999867 0.3750000000000677 0
0.5937499999999449 0.4062500000000664 0
0.5937500000000233 0.4375000000000651 0
0.5937500000001015 0.4687500000000638 0
0.5937500000001799 0.5000000000000601 0
0.593750000000258 0.5312500000000233 0
0.593750000000336 0.5624999999999843 0
0.5937500000004143 0.5937499999999449 0
0.5937500000004925 0.6249999999999061 0
0.5937500000005707 0.6562499999998668 0
0.5937500000006488 0.6874999999998277 0
0.593750000000727 0.7187499999997887 0
0.5937500000008051 0.7499999999997495 0
0.5937500000008835 0.7812499999997102 0
0.5937500000009617 0.8124999999996712 0
0.5937500000010401 0.843749999999632 0
0.5937500000011182 0.8749999999996015 0
0.5937500000011964 0.9062499999996949 0
0.5937500000012745 0.9374999999997964 0
0.5937500000013527 0.9687499999998984 0
0.6249999999990796 0.03125000000001158 0
0.6249999999991487 0.06250000000001812 0
0.6249999999992175 0.09375000000003615 0
0.6249999999992863 0.1250000000000533 0
0.6249999999993552 0.1562500000000468 0
0.624999999999424 0.1875000000000385 0
0.6249999999994929 0.2187500000000303 0
0.6249999999995615 0.250000000000022 0
0.6249999999996305 0.2812500000000138 0
0.6249999999996996 0.3125000000000056 0
0.6249999999997682 0.3437499999999973 0
0.624999999999837 0.3749999999999891 0
0.6249999999999059 0.4062499999999809 0
0.6249999999999749 0.4374999999999726 0
0.6250000000000437 0.4687499999999643 0
0.6250000000001124 0.4999999999999548 0
0.6250000000001814 0.5312499999999265 0
0.6250000000002502 0.5624999999998964 0
0.6250000000003191 0.5937499999998668 0
0.6250000000003879 0.624999999999837 0
0.6250000000004567 0.6562499999998075 0
0.6250000000005256 0.6874999999997775 0
0.6250000000005944 0.7187499999997479 0
0.6250000000006632 0.749999999999718 0
0.6250000000007321 0.7812499999996882 0
0.6250000000008009 0.8124999999996583 0
0.6250000000008697 0.8437499999996286 0
0.6250000000009386 0.874999999999607 0
0.6250000000010074 0.9062499999996991 0
0.6250000000010763 0.9374999999997993 0
0.6250000000011451 0.9687499999998997 0
0.6562499999991532 0.03125000000000564 0
0.6562499999992122 0.06250000000000602 0
0.6562499999992717 0.09375000000001844 0
0.6562499999993312 0.12500000000003 0
0.6562499999993909 0.1562500000000166 0
0.6562499999994504 0.1875000000000014 0
0.6562499999995099 0.2187499999999863 0
0.6562499999995692 0.2499999999999711 0
0.656249999999629 0.2812499999999559 0
0.6562499999996885 0.3124999999999408 0
0.656249999999748 0.3437499999999257 0
0.6562499999998073 0.3749999999999105 0
0.6562499999998668 0.4062499999998954 0
0.6562499999999263 0.4374999999998803 0
0.6562499999999858 0.4687499999998651 0
0.6562500000000453 0.4999999999998496 0
0.6562500000001048 0.5312499999998295 0
0.6562500000001643 0.5624999999998089 0
0.656250000000224 0.5937499999997886 0
0.6562500000002833 0.6249999999997682 0
0.6562500000003428 0.656249999999748 0
0.6562500000004023 0.6874999999997273 0
0.6562500000004619 0.718749999999707 0
0.6562500000005214 0.7499999999996867 0
0.6562500000005809 0.781249999999666 0
0.6562500000006404 0.8124999999996456 0
0.6562500000006997 0.8437499999996251 0
0.6562500000007594 0.8749999999996123 0
0.6562500000008187 0.9062499999997038 0
0.6562500000008782 0.9374999999998024 0
0.6562500000009377 0.9687499999999011 0
0.6874999999992257 0.03124999999999973 0
0.6874999999992761 0.06249999999999392 0
0.6874999999993261 0.09375000000000074 0
0.6874999999993765 0.1250000000000066 0
0.6874999999994267 0.1562499999999864 0
0.6874999999994766 0.1874999999999644 0
0.6874999999995268 0.2187499999999423 0
0.687499999999577 0.2499999999999202 0
0.6874999999996272 0.2812499999998982 0
0.6874999999996771 0.3124999999998761 0
0.6874999999997273 0.343749999999854 0
0.6874999999997775 0.3749999999998319 0
0.6874999999998277 0.4062499999998098 0
0.6874999999998779 0.4374999999997878 0
0.6874999999999281 0.4687499999997658 0
0.6874999999999782 0.4999999999997443 0
0.6875000000000282 0.5312499999997327 0
0.6875000000000784 0.5624999999997214 0
0.6875000000001286 0.5937499999997105 0
0.6875000000001787 0.6249999999996994 0
0.6875000000002289 0.6562499999996885 0
0.6875000000002791 0.6874999999996771 0
0.6875000000003291 0.7187499999996662 0
0.6875000000003793 0.7499999999996552 0
0.6875000000004294 0.7812499999996441 0
0.6875000000004796 0.812499999999633 0
0.6875000000005298 0.843749999999622 0
0.68750000000058 0.8749999999996176 0
0.6875000000006302 0.906249999999708 0
0.6875000000006803 0.9374999999998053 0
0.6875000000007303 0.9687499999999029 0
0.718749999999299 0.03124999999999379 0
0.7187499999993398 0.06249999999998185 0
0.7187499999993806 0.09374999999998301 0
0.7187499999994215 0.1249999999999832 0
0.718749999999462 0.1562499999999562 0
0.718749999999503 0.1874999999999272 0
0.718749999999544 0.2187499999998983 0
0.7187499999995847 0.2499999999998692 0
0.7187499999996252 0.2812499999998402 0
0.7187499999996662 0.3124999999998113 0
0.7187499999997068 0.3437499999997823 0
0.7187499999997479 0.3749999999997533 0
0.7187499999997885 0.4062499999997243 0
0.7187499999998292 0.4374999999996954 0
0.71874999999987 0.4687499999996664 0
0.7187499999999111 0.4999999999996391 0
0.7187499999999517 0.5312499999996356 0
0.7187499999999926 0.562499999999634 0
0.7187500000000334 0.5937499999996323 0
0.7187500000000741 0.6249999999996305 0
0.7187500000001151 0.656249999999629 0
0.7187500000001558 0.6874999999996272 0
0.7187500000001965 0.7187499999996252 0
0.7187500000002373 0.7499999999996236 0
0.7187500000002781 0.7812499999996219 0
0.7187500000003189 0.8124999999996201 0
0.7187500000003598 0.8437499999996184 0
0.7187500000004008 0.8749999999996227 0
0.7187500000004413 0.9062499999997125 0
0.7187500000004822 0.9374999999998084 0
0.7187500000005228 0.9687499999999042 0
0.7499999999993721 0.03124999999998788 0
0.7499999999994034 0.06249999999996972 0
0.7499999999994349 0.09374999999996532 0
0.7499999999994664 0.1249999999999599 0
0.749999999999498 0.156249999999926 0
0.7499999999995295 0.1874999999998901 0
0.7499999999995608 0.2187499999998543 0
0.7499999999995921 0.2499999999998184 0
0.7499999999996236 0.2812499999997825 0
0.7499999999996552 0.3124999999997466 0
0.7499999999996867 0.3437499999997107 0
0.7499999999997182 0.3749999999996748 0
0.7499999999997495 0.4062499999996388 0
0.7499999999997808 0.437499999999603 0
0.7499999999998124 0.4687499999995671 0
0.7499999999998439 0.4999999999995339 0
0.7499999999998754 0.5312499999995388 0
0.749999999999907 0.5624999999995465 0
0.749999999999938 0.5937499999995541 0
0.7499999999999696 0.6249999999995617 0
0.7500000000000011 0.6562499999995695 0
0.7500000000000326 0.6874999999995768 0
0.7500000000000639 0.7187499999995844 0
0.7500000000000955 0.7499999999995921 0
0.7500000000001268 0.7812499999995999 0
0.7500000000001583 0.8124999999996074 0
0.7500000000001898 0.843749999999615 0
0.7500000000002214 0.8749999999996279 0
0.7500000000002527 0.9062499999997169 0
0.750000000000284 0.9374999999998113 0
0.7500000000003155 0.9687499999999055 0
0.7812499999994449 0.03124999999998194 0
0.7812499999994673 0.06249999999995764 0
0.7812499999994891 0.09374999999994764 0
0.7812499999995115 0.1249999999999366 0
0.7812499999995335 0.1562499999998958 0
0.7812499999995557 0.1874999999998531 0
0.7812499999995777 0.2187499999998102 0
0.7812499999995997 0.2499999999997674 0
0.7812499999996221 0.2812499999997246 0
0.7812499999996438 0.3124999999996818 0
0.781249999999666 0.343749999999639 0
0.7812499999996882 0.3749999999995962 0
0.7812499999997105 0.4062499999995534 0
0.7812499999997324 0.4374999999995106 0
0.7812499999997544 0.4687499999994678 0
0.7812499999997766 0.4999999999994288 0
0.7812499999997986 0.531249999999442 0
0.7812499999998208 0.562499999999459 0
0.781249999999843 0.593749999999476 0
0.781249999999865 0.6249999999994929 0
0.7812499999998868 0.6562499999995099 0
0.781249999999909 0.6874999999995268 0
0.7812499999999312 0.7187499999995438 0
0.7812499999999534 0.7499999999995608 0
0.7812499999999756 0.7812499999995777 0
0.7812499999999976 0.8124999999995948 0
0.7812500000000195 0.8437499999996116 0
0.7812500000000417 0.8749999999996333 0
0.7812500000000639 0.9062499999997214 0
0.7812500000000857 0.9374999999998144 0
0.7812500000001079 0.9687499999999073 0
0.8124999999995182 0.03124999999997601 0
0.8124999999995312 0.06249999999994554 0
0.8124999999995437 0.09374999999992993 0
0.8124999999995566 0.1249999999999132 0
0.8124999999995692 0.1562499999998657 0
0.8124999999995821 0.1874999999998159 0
0.8124999999995948 0.2187499999997663 0
0.8124999999996072 0.2499999999997164 0
0.8124999999996201 0.2812499999996668 0
0.812499999999633 0.3124999999996171 0
0.8124999999996456 0.3437499999995673 0
0.8124999999996583 0.3749999999995177 0
0.8124999999996712 0.4062499999994679 0
0.812499999999684 0.4374999999994181 0
0.8124999999996967 0.4687499999993683 0
0.8124999999997093 0.4999999999993235 0
0.8124999999997222 0.531249999999345 0
0.8124999999997349 0.5624999999993715 0
0.8124999999997475 0.5937499999993978 0
0.8124999999997604 0.624999999999424 0
0.8124999999997731 0.6562499999994504 0
0.8124999999997857 0.6874999999994766 0
0.8124999999997986 0.7187499999995028 0
0.812499999999811 0.7499999999995295 0
0.8124999999998239 0.7812499999995555 0
0.8124999999998368 0.8124999999995819 0
0.8124999999998497 0.8437499999996083 0
0.8124999999998621 0.8749999999996384 0
0.812499999999875 0.9062499999997259 0
0.8124999999998879 0.9374999999998173 0
0.8124999999999003 0.9687499999999086 0
0.8437499999995911 0.03124999999997009 0
0.8437499999995948 0.06249999999993343 0
0.843749999999598 0.09374999999991225 0
0.8437499999996017 0.1249999999998899 0
0.8437499999996049 0.1562499999998355 0
0.8437499999996083 0.1874999999997788 0
0.8437499999996114 0.2187499999997222 0
0.8437499999996148 0.2499999999996655 0
0.8437499999996182 0.2812499999996089 0
0.8437499999996219 0.3124999999995524 0
0.8437499999996251 0.3437499999994956 0
0.8437499999996286 0.3749999999994391 0
0.8437499999996322 0.4062499999993824 0
0.8437499999996354 0.4374999999993257 0
0.8437499999996387 0.4687499999992691 0
0.8437499999996422 0.4999999999992183 0
0.8437499999996455 0.5312499999992482 0
0.8437499999996491 0.5624999999992838 0
0.8437499999996522 0.5937499999993194 0
0.8437499999996557 0.6249999999993552 0
0.8437499999996593 0.6562499999993909 0
0.8437499999996624 0.6874999999994265 0
0.8437499999996657 0.7187499999994623 0
0.8437499999996694 0.749999999999498 0
0.8437499999996727 0.7812499999995335 0
0.8437499999996763 0.8124999999995692 0
0.8437499999996793 0.8437499999996049 0
0.8437499999996828 0.8749999999996437 0
0.8437499999996861 0.9062499999997303 0
0.8437499999996894 0.9374999999998201 0
0.843749999999693 0.9687499999999102 0
0.874999999999665 0.03124999999996416 0
0.8749999999996598 0.06249999999992133 0
0.8749999999996544 0.09374999999989454 0
0.8749999999996493 0.1249999999998666 0
0.8749999999996438 0.1562499999998054 0
0.8749999999996384 0.1874999999997418 0
0.8749999999996332 0.2187499999996782 0
0.874999999999628 0.2499999999996146 0
0.8749999999996227 0.2812499999995511 0
0.8749999999996173 0.3124999999994875 0
0.8749999999996121 0.343749999999424 0
0.8749999999996069 0.3749999999993605 0
0.8749999999996017 0.4062499999992969 0
0.8749999999995961 0.4374999999992332 0
0.874999999999591 0.4687499999991697 0
0.8749999999995856 0.499999999999113 0
0.8749999999995804 0.5312499999991511 0
0.8749999999995753 0.5624999999991961 0
0.8749999999995698 0.5937499999992413 0
0.8749999999995648 0.6249999999992863 0
0.8749999999995595 0.6562499999993314 0
0.8749999999995541 0.6874999999993765 0
0.8749999999995488 0.7187499999994216 0
0.8749999999995433 0.7499999999994664 0
0.874999999999538 0.7812499999995115 0
0.8749999999995327 0.8124999999995566 0
0.8749999999995274 0.8437499999996015 0
0.8749999999995223 0.8749999999996491 0
0.8749999999995172 0.9062499999997348 0
0.8749999999995118 0.9374999999998233 0
0.8749999999995065 0.9687499999999117 0
0.9062499999997483 0.03124999999995823 0
0.9062499999997436 0.06249999999990923 0
0.9062499999997392 0.09374999999987683 0
0.9062499999997348 0.1249999999998432 0
0.9062499999997303 0.1562499999997752 0
0.9062499999997257 0.1874999999997047 0
0.9062499999997214 0.2187499999996342 0
0.9062499999997171 0.2499999999995637 0
0.9062499999997125 0.2812499999994932 0
0.9062499999997078 0.3124999999994228 0
0.9062499999997035 0.3437499999993523 0
0.9062499999996992 0.3749999999992819 0
0.9062499999996946 0.4062499999992114 0
0.9062499999996898 0.4374999999991408 0
0.9062499999996858 0.4687499999990704 0
0.9062499999996813 0.4999999999990078 0
0.9062499999996766 0.5312499999990543 0
0.9062499999996723 0.5624999999991086 0
0.9062499999996678 0.5937499999991631 0
0.9062499999996632 0.6249999999992175 0
0.9062499999996589 0.6562499999992719 0
0.9062499999996543 0.6874999999993263 0
0.9062499999996498 0.7187499999993806 0
0.9062499999996454 0.7499999999994349 0
0.9062499999996411 0.7812499999994893 0
0.9062499999996366 0.8124999999995437 0
0.9062499999996322 0.843749999999598 0
0.9062499999996275 0.8749999999996544 0
0.9062499999996231 0.9062499999997392 0
0.9062499999996184 0.9374999999998261 0
0.9062499999996142 0.9687499999999132 0
0.9374999999998319 0.03124999999995231 0
0.9374999999998294 0.06249999999989714 0
0.9374999999998261 0.09374999999985913 0
0.9374999999998233 0.1249999999998198 0
0.9374999999998201 0.156249999999745 0
0.9374999999998173 0.1874999999996676 0
0.9374999999998144 0.2187499999995902 0
0.937499999999811 0.2499999999995128 0
0.9374999999998084 0.2812499999994355 0
0.9374999999998053 0.3124999999993581 0
0.9374999999998024 0.3437499999992807 0
0.9374999999997995 0.3749999999992033 0
0.9374999999997964 0.4062499999991259 0
0.9374999999997935 0.4374999999990485 0
0.9374999999997902 0.4687499999989711 0
0.9374999999997875 0.4999999999989025 0
0.9374999999997844 0.5312499999989575 0
0.9374999999997813 0.5624999999990211 0
0.9374999999997786 0.593749999999085 0
0.9374999999997755 0.6249999999991487 0
0.9374999999997726 0.6562499999992124 0
0.9374999999997697 0.6874999999992761 0
0.9374999999997666 0.7187499999993398 0
0.9374999999997635 0.7499999999994036 0
0.9374999999997609 0.7812499999994673 0
0.9374999999997577 0.8124999999995308 0
0.9374999999997546 0.8437499999995945 0
0.9374999999997515 0.8749999999996597 0
0.9374999999997486 0.9062499999997439 0
0.9374999999997458 0.9374999999998292 0
0.9374999999997427 0.9687499999999146 0
0.9687499999999162 0.03124999999994638 0
0.9687499999999146 0.06249999999988502 0
0.9687499999999131 0.09374999999984142 0
0.9687499999999115 0.1249999999997965 0
0.9687499999999103 0.1562499999997148 0
0.9687499999999086 0.1874999999996305 0
0.9687499999999071 0.2187499999995462 0
0.9687499999999057 0.2499999999994619 0
0.9687499999999042 0.2812499999993775 0
0.9687499999999027 0.3124999999992932 0
0.9687499999999011 0.343749999999209 0
0.9687499999998999 0.3749999999991247 0
0.9687499999998981 0.4062499999990404 0
0.9687499999998967 0.4374999999989561 0
0.9687499999998954 0.4687499999988718 0
0.968749999999894 0.4999999999987973 0
0.9687499999998922 0.5312499999988607 0
0.9687499999998909 0.5624999999989336 0
0.9687499999998891 0.5937499999990066 0
0.9687499999998878 0.6249999999990796 0
0.9687499999998864 0.6562499999991529 0
0.9687499999998846 0.687499999999226 0
0.9687499999998833 0.7187499999992989 0
0.968749999999882 0.7499999999993721 0
0.9687499999998802 0.7812499999994451 0
0.9687499999998789 0.8124999999995184 0
0.9687499999998775 0.8437499999995913 0
0.9687499999998758 0.874999999999665 0
0.9687499999998745 0.9062499999997481 0
0.9687499999998727 0.9374999999998321 0
0.9687499999998713 0.9687499999999162 0
0.03124999999994341 0.01562500000006209 0
0.01562499999997319 0.03125000000012715 0
0.01562499999997167 0.01562500000006357 0
0.03124999999994934 0.0468750000001861 0
0.01562499999997615 0.06250000000025407 0
0.01562499999997467 0.04687500000019058 0
0.03124999999995527 0.07812500000031028 0
0.01562499999997912 0.09375000000038139 0
0.01562499999997764 0.07812500000031773 0
0.0312499999999612 0.1093750000004347 0
0.01562499999998208 0.1250000000005086 0
0.0156249999999806 0.109375000000445 0
0.03124999999996712 0.1406250000005586 0
0.01562499999998504 0.1562500000006353 0
0.01562499999998356 0.1406250000005719 0
0.03124999999997305 0.1718750000006817 0
0.01562499999998801 0.1875000000007618 0
0.01562499999998652 0.1718750000006985 0
0.03124999999997898 0.2031250000008049 0
0.01562499999999097 0.2187500000008885 0
0.01562499999998949 0.2031250000008252 0
0.03124999999998491 0.234375000000928 0
0.01562499999999394 0.250000000001015 0
0.01562499999999245 0.2343750000009517 0
0.03124999999999083 0.2656250000010512 0
0.01562499999999689 0.2812500000011417 0
0.01562499999999542 0.2656250000010784 0
0.03124999999999676 0.2968750000011743 0
0.01562499999999986 0.3125000000012683 0
0.01562499999999838 0.296875000001205 0
0.03125000000000269 0.3281250000012975 0
0.01562500000000283 0.3437500000013949 0
0.01562500000000135 0.3281250000013316 0
0.03125000000000862 0.3593750000014206 0
0.01562500000000579 0.3750000000015216 0
0.01562500000000431 0.3593750000014582 0
0.03125000000001454 0.3906250000015438 0
0.01562500000000875 0.4062500000016481 0
0.01562500000000727 0.3906250000015848 0
0.03125000000002047 0.421875000001667 0
0.01562500000001172 0.4375000000017748 0
0.01562500000001023 0.4218750000017115 0
0.0312500000000264 0.4531250000017901 0
0.01562500000001468 0.4687500000019014 0
0.0156250000000132 0.453125000001838 0
0.03125000000003232 0.4843750000019029 0
0.01562500000001764 0.5000000000020068 0
0.01562500000001616 0.4843750000019542 0
0.03125000000003825 0.5156250000018607 0
0.01562500000002061 0.5312500000018158 0
0.01562500000001913 0.5156250000019069 0
0.03125000000004418 0.5468750000016636 0
0.01562500000002357 0.5625000000016038 0
0.01562500000002209 0.5468750000017014 0
0.03125000000005011 0.5781250000014564 0
0.01562500000002654 0.5937500000013918 0
0.01562500000002505 0.578125000001505 0
0.03125000000005603 0.6093750000012489 0
0.01562500000002949 0.6250000000011795 0
0.01562500000002802 0.6093750000012828 0
0.03125000000006196 0.6406250000010414 0
0.01562500000003246 0.6562500000009676 0
0.01562500000003098 0.640625000001074 0
0.03125000000006788 0.6718750000008342 0
0.01562500000003542 0.6875000000007555 0
0.01562500000003394 0.6718750000008611 0
0.03125000000007381 0.7031250000006268 0
0.01562500000003839 0.7187500000005435 0
0.0156250000000369 0.7031250000006608 0
0.03125000000007974 0.7343750000004193 0
0.01562500000004135 0.7500000000003313 0
0.01562500000003987 0.7343750000004348 0
0.03125000000008567 0.7656250000002117 0
0.01562500000004432 0.781250000000119 0
0.01562500000004283 0.7656250000002128 0
0.03125000000009159 0.7968750000000041 0
0.01562500000004728 0.8124999999999067 0
0.0156250000000458 0.7968750000000191 0
0.03125000000009752 0.8281249999997966 0
0.01562500000005024 0.8437499999996947 0
0.01562500000004876 0.8281249999997957 0
0.03125000000010345 0.8593749999995998 0
0.0156250000000532 0.8749999999995038 0
0.01562500000005172 0.8593749999995823 0
0.03125000000010937 0.8906249999995604 0
0.01562500000005617 0.9062499999996119 0
0.01562500000005469 0.890624999999557 0
0.0312500000001153 0.9218749999996785 0
0.01562500000005914 0.9374999999997412 0
0.01562500000005765 0.9218749999996737 0
0.03125000000012123 0.953124999999807 0
0.01562500000006209 0.9687499999998705 0
0.01562500000006061 0.9531249999998059 0
0.03125000000012715 0.9843749999999356 0
0.01562500000006357 0.9843749999999353 0
0.06249999999987897 0.01562500000005913 0
0.0468749999999157 0.03125000000012122 0
0.0468749999999112 0.01562500000006061 0
0.06249999999989107 0.04687500000017709 0
0.04687499999992471 0.06250000000024197 0
0.0468749999999202 0.0468750000001816 0
0.06249999999990317 0.07812500000029537 0
0.04687499999993373 0.0937500000003637 0
0.04687499999992923 0.07812500000030284 0
0.06249999999991528 0.1093750000004142 0
0.04687499999994274 0.1250000000004852 0
0.04687499999993824 0.1093750000004245 0
0.06249999999992738 0.1406250000005317 0
0.04687499999995176 0.1562500000006051 0
0.04687499999994725 0.1406250000005451 0
0.06249999999993947 0.1718750000006481 0
0.04687499999996077 0.1875000000007248 0
0.04687499999995626 0.1718750000006649 0
0.06249999999995157 0.2031250000007644 0
0.04687499999996977 0.2187500000008445 0
0.04687499999996527 0.2031250000007847 0
0.06249999999996368 0.2343750000008805 0
0.04687499999997881 0.2500000000009641 0
0.0468749999999743 0.2343750000009043 0
0.06249999999997578 0.2656250000009968 0
0.0468749999999878 0.2812500000010838 0
0.04687499999998331 0.265625000001024 0
0.06249999999998787 0.296875000001113 0
0.04687499999999682 0.3125000000012035 0
0.04687499999999231 0.2968750000011437 0
0.06249999999999997 0.3281250000012293 0
0.04687500000000584 0.3437500000013232 0
0.04687500000000133 0.3281250000012634 0
0.06250000000001207 0.3593750000013456 0
0.04687500000001485 0.3750000000014431 0
0.04687500000001035 0.3593750000013831 0
0.06250000000002418 0.3906250000014618 0
0.04687500000002387 0.4062500000015626 0
0.04687500000001936 0.3906250000015029 0
0.06250000000003628 0.421875000001578 0
0.04687500000003288 0.4375000000016824 0
0.04687500000002837 0.4218750000016225 0
0.06250000000004838 0.4531250000016943 0
0.0468750000000419 0.468750000001802 0
0.04687500000003739 0.4531250000017422 0
0.06250000000006048 0.4843750000018006 0
0.0468750000000509 0.5000000000019015 0
0.0468750000000464 0.4843750000018517 0
0.06250000000007258 0.5156250000017597 0
0.04687500000005992 0.5312500000017188 0
0.04687500000005541 0.5156250000018103 0
0.06250000000008468 0.5468750000015715 0
0.04687500000006893 0.5625000000015163 0
0.04687500000006443 0.5468750000016176 0
0.06250000000009678 0.5781250000013736 0
0.04687500000007795 0.5937500000013136 0
0.04687500000007344 0.578125000001415 0
0.06250000000010887 0.6093750000011755 0
0.04687500000008694 0.6250000000011107 0
0.04687500000008245 0.6093750000012121 0
0.06250000000012097 0.6406250000009772 0
0.04687500000009598 0.6562500000009079 0
0.04687500000009147 0.6406250000010093 0
0.06250000000013307 0.6718750000007792 0
0.04687500000010497 0.6875000000007053 0
0.04687500000010048 0.6718750000008067 0
0.06250000000014516 0.7031250000005811 0
0.04687500000011399 0.7187500000005025 0
0.04687500000010948 0.703125000000604 0
0.06250000000015726 0.734375000000383 0
0.04687500000012301 0.7500000000002998 0
0.0468750000001185 0.7343750000004012 0
0.06250000000016936 0.765625000000185 0
0.04687500000013202 0.7812500000000969 0
0.04687500000012752 0.7656250000001983 0
0.06250000000018147 0.7968749999999869 0
0.04687500000014104 0.8124999999998941 0
0.04687500000013653 0.7968749999999954 0
0.06250000000019357 0.8281249999997886 0
0.04687500000015005 0.8437499999996914 0
0.04687500000014554 0.8281249999997926 0
0.06250000000020567 0.8593749999996008 0
0.04687500000015907 0.8749999999995093 0
0.04687500000015456 0.8593749999996003 0
0.06250000000021777 0.8906249999995652 0
0.04687500000016807 0.9062499999996163 0
0.04687500000016357 0.8906249999995628 0
0.06250000000022987 0.9218749999996821 0
0.04687500000017709 0.9374999999997442 0
0.04687500000017258 0.9218749999996803 0
0.06250000000024197 0.9531249999998093 0
0.0468750000001861 0.968749999999872 0
0.0468750000001816 0.9531249999998082 0
0.06250000000025407 0.9843749999999363 0
0.04687500000019058 0.9843749999999359 0
0.09374999999983256 0.01562500000005617 0
0.07812499999986322 0.0312500000001153 0
0.07812499999985577 0.01562500000005765 0
0.09374999999985027 0.04687500000016807 0
0.07812499999987813 0.06250000000022987 0
0.07812499999987067 0.04687500000017258 0
0.09374999999986798 0.07812500000028047 0
0.07812499999989303 0.09375000000034599 0
0.07812499999988558 0.07812500000028794 0
0.09374999999988567 0.1093750000003937 0
0.07812499999990792 0.1250000000004619 0
0.07812499999990047 0.1093750000004039 0
0.09374999999990337 0.140625000000505 0
0.07812499999992283 0.1562500000005749 0
0.07812499999991537 0.1406250000005184 0
0.09374999999992109 0.1718750000006145 0
0.07812499999993774 0.1875000000006877 0
0.07812499999993029 0.1718750000006313 0
0.0937499999999388 0.2031250000007238 0
0.07812499999995262 0.2187500000008005 0
0.07812499999994518 0.2031250000007441 0
0.09374999999995649 0.2343750000008331 0
0.07812499999996755 0.2500000000009132 0
0.07812499999996009 0.2343750000008568 0
0.09374999999997419 0.2656250000009424 0
0.07812499999998243 0.281250000001026 0
0.07812499999997499 0.2656250000009696 0
0.0937499999999919 0.2968750000010518 0
0.07812499999999734 0.3125000000011389 0
0.07812499999998987 0.2968750000010825 0
0.09375000000000962 0.3281250000011612 0
0.07812500000001224 0.3437500000012516 0
0.07812500000000477 0.3281250000011952 0
0.09375000000002731 0.3593750000012705 0
0.07812500000002714 0.3750000000013645 0
0.07812500000001971 0.359375000001308 0
0.09375000000004502 0.3906250000013797 0
0.07812500000004205 0.406250000001477 0
0.07812500000003458 0.3906250000014208 0
0.09375000000006273 0.421875000001489 0
0.07812500000005694 0.43750000000159 0
0.07812500000004952 0.4218750000015336 0
0.09375000000008042 0.4531250000015983 0
0.07812500000007186 0.4687500000017026 0
0.07812500000006441 0.4531250000016463 0
0.09375000000009814 0.4843750000016983 0
0.07812500000008676 0.5000000000017962 0
0.07812500000007933 0.4843750000017495 0
0.09375000000011584 0.5156250000016587 0
0.07812500000010167 0.531250000001622 0
0.07812500000009423 0.5156250000017093 0
0.09375000000013353 0.5468750000014793 0
0.07812500000011655 0.5625000000014289 0
0.07812500000010911 0.5468750000015254 0
0.09375000000015124 0.5781250000012905 0
0.07812500000013148 0.5937500000012355 0
0.07812500000012401 0.578125000001332 0
0.09375000000016896 0.6093750000011018 0
0.07812500000014636 0.6250000000010418 0
0.07812500000013892 0.6093750000011386 0
0.09375000000018666 0.640625000000913 0
0.07812500000016126 0.6562500000008484 0
0.07812500000015379 0.6406250000009451 0
0.09375000000020434 0.6718750000007244 0
0.07812500000017614 0.6875000000006551 0
0.0781250000001687 0.6718750000007517 0
0.09375000000022202 0.7031250000005358 0
0.07812500000019104 0.7187500000004616 0
0.07812500000018359 0.7031250000005584 0
0.09375000000023972 0.7343750000003471 0
0.07812500000020595 0.7500000000002683 0
0.07812500000019849 0.734375000000365 0
0.09375000000025745 0.7656250000001583 0
0.07812500000022085 0.7812500000000749 0
0.07812500000021341 0.7656250000001716 0
0.09375000000027515 0.7968749999999695 0
0.07812500000023576 0.8124999999998814 0
0.07812500000022832 0.7968749999999782 0
0.09375000000029286 0.8281249999997806 0
0.07812500000025066 0.8437499999996878 0
0.07812500000024322 0.8281249999997846 0
0.09375000000031057 0.8593749999996017 0
0.07812500000026557 0.8749999999995146 0
0.07812500000025813 0.8593749999996012 0
0.09375000000032828 0.8906249999995701 0
0.07812500000028047 0.9062499999996207 0
0.07812500000027303 0.8906249999995677 0
0.09375000000034599 0.9218749999996858 0
0.07812500000029537 0.9374999999997473 0
0.07812500000028794 0.921874999999684 0
0.0937500000003637 0.9531249999998115 0
0.07812500000031028 0.9687499999998735 0
0.07812500000030284 0.9531249999998104 0
0.09375000000038139 0.9843749999999372 0
0.07812500000031773 0.9843749999999367 0
0.1249999999997848 0.0156250000000532 0
0.109374999999819 0.03125000000010937 0
0.1093749999998087 0.01562500000005469 0
0.1249999999998082 0.04687500000015907 0
0.1093749999998395 0.06250000000021777 0
0.1093749999998292 0.04687500000016357 0
0.1249999999998315 0.07812500000026557 0
0.10937499999986 0.09375000000032828 0
0.1093749999998497 0.07812500000027303 0
0.1249999999998549 0.1093750000003731 0
0.1093749999998805 0.1250000000004385 0
0.1093749999998703 0.1093750000003834 0
0.1249999999998782 0.1406250000004783 0
0.1093749999999011 0.1562500000005448 0
0.1093749999998908 0.1406250000004917 0
0.1249999999999016 0.1718750000005808 0
0.1093749999999216 0.1875000000006505 0
0.1093749999999113 0.1718750000005976 0
0.1249999999999249 0.2031250000006832 0
0.1093749999999421 0.2187500000007565 0
0.1093749999999318 0.2031250000007035 0
0.1249999999999482 0.2343750000007857 0
0.1093749999999626 0.2500000000008623 0
0.1093749999999524 0.2343750000008094 0
0.1249999999999716 0.2656250000008881 0
0.1093749999999832 0.2812500000009682 0
0.1093749999999729 0.2656250000009152 0
0.1249999999999949 0.2968750000009905 0
0.1093750000000037 0.3125000000010741 0
0.1093749999999934 0.2968750000010212 0
0.1250000000000183 0.3281250000010929 0
0.1093750000000242 0.3437500000011799 0
0.1093750000000139 0.328125000001127 0
0.1250000000000416 0.3593750000011953 0
0.1093750000000447 0.3750000000012859 0
0.1093750000000345 0.3593750000012329 0
0.125000000000065 0.3906250000012977 0
0.1093750000000653 0.4062500000013916 0
0.109375000000055 0.3906250000013387 0
0.1250000000000883 0.4218750000014001 0
0.1093750000000858 0.4375000000014975 0
0.1093750000000755 0.4218750000014446 0
0.1250000000001117 0.4531250000015025 0
0.1093750000001063 0.4687500000016033 0
0.1093750000000961 0.4531250000015504 0
0.125000000000135 0.4843750000015961 0
0.1093750000001268 0.500000000001691 0
0.1093750000001166 0.4843750000016472 0
0.1250000000001584 0.5156250000015576 0
0.1093750000001474 0.5312500000015252 0
0.1093750000001371 0.5156250000016083 0
0.1250000000001817 0.5468750000013871 0
0.1093750000001679 0.5625000000013413 0
0.1093750000001576 0.5468750000014331 0
0.1250000000002051 0.5781250000012077 0
0.1093750000001884 0.5937500000011571 0
0.1093750000001782 0.578125000001249 0
0.1250000000002284 0.6093750000010283 0
0.1093750000002089 0.625000000000973 0
0.1093750000001987 0.609375000001065 0
0.1250000000002518 0.640625000000849 0
0.1093750000002295 0.656250000000789 0
0.1093750000002192 0.640625000000881 0
0.1250000000002751 0.6718750000006697 0
0.10937500000025 0.6875000000006051 0
0.1093750000002397 0.671875000000697 0
0.1250000000002985 0.7031250000004903 0
0.1093750000002705 0.718750000000421 0
0.1093750000002602 0.703125000000513 0
0.1250000000003218 0.7343750000003111 0
0.109375000000291 0.750000000000237 0
0.1093750000002808 0.7343750000003291 0
0.1250000000003452 0.7656250000001316 0
0.1093750000003116 0.7812500000000528 0
0.1093750000003013 0.7656250000001449 0
0.1250000000003685 0.7968749999999519 0
0.1093750000003321 0.8124999999998685 0
0.1093750000003218 0.7968749999999607 0
0.1250000000003918 0.8281249999997725 0
0.1093750000003526 0.8437499999996845 0
0.1093750000003423 0.8281249999997766 0
0.1250000000004152 0.8593749999996028 0
0.1093750000003731 0.8749999999995198 0
0.1093750000003629 0.8593749999996021 0
0.1250000000004385 0.890624999999575 0
0.1093750000003937 0.9062499999996253 0
0.1093750000003834 0.8906249999995726 0
0.1250000000004619 0.9218749999996896 0
0.1093750000004142 0.9374999999997502 0
0.1093750000004039 0.9218749999996876 0
0.1250000000004852 0.9531249999998137 0
0.1093750000004347 0.9687499999998751 0
0.1093750000004245 0.9531249999998126 0
0.1250000000005086 0.9843749999999378 0
0.1093750000004449 0.9843749999999375 0
0.1562499999996997 0.01562500000005024 0
0.1406249999997556 0.03125000000010345 0
0.1406249999997423 0.01562500000005172 0
0.1562499999997299 0.04687500000015005 0
0.1406249999997824 0.06250000000020567 0
0.140624999999769 0.04687500000015456 0
0.1562499999997601 0.07812500000025066 0
0.1406249999998092 0.09375000000031057 0
0.1406249999997958 0.07812500000025813 0
0.1562499999997903 0.1093750000003526 0
0.140624999999836 0.1250000000004152 0
0.1406249999998226 0.1093750000003629 0
0.1562499999998204 0.1406250000004515 0
0.1406249999998627 0.1562500000005145 0
0.1406249999998493 0.1406250000004649 0
0.1562499999998506 0.1718750000005472 0
0.1406249999998894 0.1875000000006135 0
0.1406249999998761 0.171875000000564 0
0.1562499999998808 0.2031250000006427 0
0.1406249999999162 0.2187500000007124 0
0.1406249999999028 0.2031250000006629 0
0.156249999999911 0.2343750000007381 0
0.140624999999943 0.2500000000008114 0
0.1406249999999296 0.2343750000007619 0
0.1562499999999412 0.2656250000008336 0
0.1406249999999697 0.2812500000009103 0
0.1406249999999564 0.2656250000008608 0
0.1562499999999713 0.2968750000009292 0
0.1406249999999965 0.3125000000010094 0
0.1406249999999831 0.2968750000009598 0
0.1562500000000015 0.3281250000010247 0
0.1406250000000233 0.3437500000011082 0
0.1406250000000099 0.3281250000010588 0
0.1562500000000317 0.3593750000011202 0
0.14062500000005 0.3750000000012073 0
0.1406250000000366 0.3593750000011577 0
0.1562500000000619 0.3906250000012157 0
0.1406250000000768 0.4062500000013061 0
0.1406250000000634 0.3906250000012567 0
0.156250000000092 0.4218750000013111 0
0.1406250000001036 0.4375000000014051 0
0.1406250000000902 0.4218750000013556 0
0.1562500000001222 0.4531250000014066 0
0.1406250000001303 0.468750000001504 0
0.1406250000001169 0.4531250000014546 0
0.1562500000001524 0.4843750000014939 0
0.1406250000001571 0.5000000000015858 0
0.1406250000001437 0.484375000001545 0
0.1562500000001826 0.5156250000014566 0
0.1406250000001839 0.5312500000014283 0
0.1406250000001705 0.5156250000015072 0
0.1562500000002128 0.5468750000012947 0
0.1406250000002106 0.5625000000012537 0
0.1406250000001973 0.5468750000013409 0
0.1562500000002429 0.5781250000011249 0
0.1406250000002374 0.5937500000010789 0
0.140625000000224 0.5781250000011663 0
0.1562500000002731 0.6093750000009548 0
0.1406250000002641 0.6250000000009042 0
0.1406250000002507 0.6093750000009915 0
0.1562500000003033 0.6406250000007848 0
0.1406250000002909 0.6562500000007296 0
0.1406250000002775 0.6406250000008169 0
0.1562500000003335 0.6718750000006148 0
0.1406250000003177 0.6875000000005549 0
0.1406250000003043 0.6718750000006423 0
0.1562500000003637 0.7031250000004448 0
0.1406250000003444 0.7187500000003801 0
0.1406250000003311 0.7031250000004675 0
0.1562500000003939 0.7343750000002748 0
0.1406250000003712 0.7500000000002056 0
0.1406250000003578 0.7343750000002929 0
0.156250000000424 0.7656250000001047 0
0.140625000000398 0.7812500000000306 0
0.1406250000003846 0.7656250000001181 0
0.1562500000004542 0.7968749999999345 0
0.1406250000004247 0.8124999999998558 0
0.1406250000004113 0.7968749999999433 0
0.1562500000004844 0.8281249999997644 0
0.1406250000004515 0.8437499999996811 0
0.1406250000004381 0.8281249999997685 0
0.1562500000005146 0.8593749999996034 0
0.1406250000004783 0.874999999999525 0
0.1406250000004649 0.8593749999996031 0
0.1562500000005448 0.8906249999995799 0
0.140625000000505 0.9062499999996299 0
0.1406250000004917 0.8906249999995774 0
0.1562500000005749 0.9218749999996934 0
0.1406250000005318 0.9374999999997532 0
0.1406250000005184 0.9218749999996916 0
0.1562500000006051 0.9531249999998159 0
0.1406250000005586 0.9687499999998765 0
0.1406250000005452 0.9531249999998148 0
0.1562500000006353 0.9843749999999386 0
0.1406250000005719 0.9843749999999383 0
0.187499999999612 0.01562500000004728 0
0.1718749999996727 0.03125000000009752 0
0.1718749999996558 0.01562500000004876 0
0.187499999999649 0.04687500000014104 0
0.1718749999997062 0.06250000000019357 0
0.1718749999996894 0.04687500000014554 0
0.1874999999996861 0.07812500000023576 0
0.1718749999997399 0.09375000000029286 0
0.1718749999997231 0.07812500000024322 0
0.1874999999997232 0.1093750000003321 0
0.1718749999997736 0.1250000000003918 0
0.1718749999997567 0.1093750000003423 0
0.1874999999997604 0.1406250000004247 0
0.1718749999998072 0.1562500000004843 0
0.1718749999997904 0.1406250000004381 0
0.1874999999997974 0.1718750000005135 0
0.1718749999998408 0.1875000000005763 0
0.171874999999824 0.1718750000005303 0
0.1874999999998345 0.2031250000006021 0
0.1718749999998744 0.2187500000006684 0
0.1718749999998576 0.2031250000006224 0
0.1874999999998716 0.2343750000006907 0
0.1718749999999081 0.2500000000007604 0
0.1718749999998913 0.2343750000007144 0
0.1874999999999087 0.2656250000007793 0
0.1718749999999417 0.2812500000008525 0
0.1718749999999249 0.2656250000008064 0
0.1874999999999458 0.2968750000008679 0
0.1718749999999754 0.3125000000009446 0
0.1718749999999585 0.2968750000008986 0
0.1874999999999829 0.3281250000009565 0
0.171875000000009 0.3437500000010366 0
0.1718749999999922 0.3281250000009906 0
0.18750000000002 0.3593750000010451 0
0.1718750000000426 0.3750000000011287 0
0.1718750000000258 0.3593750000010826 0
0.1875000000000571 0.3906250000011336 0
0.1718750000000763 0.4062500000012206 0
0.1718750000000595 0.3906250000011747 0
0.1875000000000942 0.4218750000012221 0
0.1718750000001099 0.4375000000013126 0
0.1718750000000931 0.4218750000012666 0
0.1875000000001313 0.4531250000013107 0
0.1718750000001436 0.4687500000014047 0
0.1718750000001267 0.4531250000013587 0
0.1875000000001683 0.4843750000013916 0
0.1718750000001772 0.5000000000014807 0
0.1718750000001604 0.4843750000014426 0
0.1875000000002055 0.5156250000013556 0
0.1718750000002109 0.5312500000013314 0
0.171875000000194 0.5156250000014062 0
0.1875000000002426 0.5468750000012026 0
0.1718750000002445 0.562500000001166 0
0.1718750000002277 0.5468750000012487 0
0.1875000000002796 0.5781250000010418 0
0.1718750000002781 0.5937500000010008 0
0.1718750000002613 0.5781250000010834 0
0.1875000000003167 0.6093750000008813 0
0.1718750000003118 0.6250000000008353 0
0.1718750000002949 0.609375000000918 0
0.1875000000003538 0.6406250000007206 0
0.1718750000003453 0.6562500000006701 0
0.1718750000003285 0.6406250000007527 0
0.1875000000003909 0.67187500000056 0
0.171875000000379 0.6875000000005047 0
0.1718750000003622 0.6718750000005874 0
0.187500000000428 0.7031250000003992 0
0.1718750000004127 0.7187500000003393 0
0.1718750000003959 0.703125000000422 0
0.1875000000004651 0.7343750000002387 0
0.1718750000004463 0.7500000000001741 0
0.1718750000004295 0.7343750000002567 0
0.1875000000005022 0.7656250000000779 0
0.1718750000004799 0.7812500000000085 0
0.1718750000004631 0.7656250000000914 0
0.1875000000005393 0.7968749999999172 0
0.1718750000005135 0.8124999999998431 0
0.1718750000004967 0.7968749999999258 0
0.1875000000005764 0.8281249999997565 0
0.1718750000005472 0.8437499999996778 0
0.1718750000005304 0.8281249999997605 0
0.1875000000006135 0.8593749999996045 0
0.1718750000005808 0.8749999999995302 0
0.171875000000564 0.8593749999996039 0
0.1875000000006506 0.8906249999995847 0
0.1718750000006145 0.9062499999996344 0
0.1718750000005977 0.8906249999995822 0
0.1875000000006877 0.9218749999996971 0
0.1718750000006481 0.9374999999997562 0
0.1718750000006313 0.9218749999996951 0
0.1875000000007248 0.9531249999998184 0
0.1718750000006817 0.9687499999998781 0
0.1718750000006649 0.9531249999998173 0
0.1875000000007618 0.9843749999999394 0
0.1718750000006985 0.9843749999999389 0
0.2187499999995242 0.01562500000004432 0
0.2031249999995884 0.03125000000009159 0
0.2031249999995681 0.0156250000000458 0
0.2187499999995682 0.04687500000013202 0
0.2031249999996289 0.06250000000018147 0
0.2031249999996086 0.04687500000013653 0
0.2187499999996122 0.07812500000022085 0
0.2031249999996694 0.09375000000027515 0
0.2031249999996491 0.07812500000022832 0
0.2187499999996562 0.1093750000003116 0
0.20312499999971 0.1250000000003685 0
0.2031249999996897 0.1093750000003218 0
0.2187499999997002 0.140625000000398 0
0.2031249999997506 0.1562500000004542 0
0.2031249999997303 0.1406250000004113 0
0.2187499999997443 0.1718750000004799 0
0.2031249999997911 0.1875000000005392 0
0.2031249999997708 0.1718750000004967 0
0.2187499999997882 0.2031250000005615 0
0.2031249999998316 0.2187500000006244 0
0.2031249999998113 0.2031250000005818 0
0.2187499999998322 0.2343750000006432 0
0.2031249999998722 0.2500000000007095 0
0.2031249999998519 0.234375000000667 0
0.2187499999998763 0.2656250000007249 0
0.2031249999999128 0.2812500000007946 0
0.2031249999998925 0.2656250000007521 0
0.2187499999999203 0.2968750000008066 0
0.2031249999999533 0.3125000000008798 0
0.203124999999933 0.2968750000008372 0
0.2187499999999643 0.3281250000008883 0
0.2031249999999939 0.343750000000965 0
0.2031249999999736 0.3281250000009224 0
0.2187500000000083 0.3593750000009699 0
0.2031250000000344 0.37500000000105 0
0.2031250000000142 0.3593750000010075 0
0.2187500000000523 0.3906250000010515 0
0.203125000000075 0.4062500000011351 0
0.2031250000000547 0.3906250000010926 0
0.2187500000000963 0.4218750000011332 0
0.2031250000001155 0.4375000000012203 0
0.2031250000000952 0.4218750000011776 0
0.2187500000001403 0.4531250000012149 0
0.203125000000156 0.4687500000013053 0
0.2031250000001358 0.4531250000012628 0
0.2187500000001844 0.4843750000012893 0
0.2031250000001966 0.5000000000013755 0
0.2031250000001763 0.4843750000013405 0
0.2187500000002284 0.5156250000012543 0
0.2031250000002372 0.5312500000012345 0
0.2031250000002169 0.515625000001305 0
0.2187500000002724 0.5468750000011102 0
0.2031250000002777 0.5625000000010784 0
0.2031250000002575 0.5468750000011564 0
0.2187500000003164 0.578125000000959 0
0.2031250000003183 0.5937500000009226 0
0.203125000000298 0.5781250000010003 0
0.2187500000003604 0.6093750000008078 0
0.2031250000003589 0.6250000000007665 0
0.2031250000003386 0.6093750000008445 0
0.2187500000004044 0.6406250000006565 0
0.2031250000003993 0.6562500000006106 0
0.2031250000003791 0.6406250000006886 0
0.2187500000004484 0.6718750000005052 0
0.2031250000004399 0.6875000000004545 0
0.2031250000004196 0.6718750000005326 0
0.2187500000004924 0.7031250000003537 0
0.2031250000004805 0.7187500000002985 0
0.2031250000004602 0.7031250000003766 0
0.2187500000005365 0.7343750000002025 0
0.203125000000521 0.7500000000001426 0
0.2031250000005008 0.7343750000002207 0
0.2187500000005804 0.7656250000000512 0
0.2031250000005616 0.7812499999999866 0
0.2031250000005413 0.7656250000000645 0
0.2187500000006244 0.7968749999998997 0
0.2031250000006021 0.8124999999998304 0
0.2031250000005819 0.7968749999999084 0
0.2187500000006684 0.8281249999997482 0
0.2031250000006427 0.8437499999996744 0
0.2031250000006224 0.8281249999997524 0
0.2187500000007125 0.8593749999996052 0
0.2031250000006832 0.8749999999995353 0
0.2031250000006629 0.8593749999996048 0
0.2187500000007565 0.8906249999995894 0
0.2031250000007238 0.9062499999996388 0
0.2031250000007035 0.890624999999587 0
0.2187500000008005 0.9218749999997009 0
0.2031250000007643 0.9374999999997592 0
0.2031250000007441 0.9218749999996991 0
0.2187500000008445 0.9531249999998204 0
0.2031250000008049 0.9687499999998795 0
0.2031250000007846 0.9531249999998194 0
0.2187500000008885 0.98437499999994 0
0.2031250000008252 0.9843749999999397 0
0.2499999999994364 0.01562500000004135 0
0.2343749999995041 0.03125000000008567 0
0.2343749999994803 0.01562500000004283 0
0.2499999999994873 0.04687500000012301 0
0.2343749999995515 0.06250000000016936 0
0.2343749999995278 0.04687500000012752 0
0.2499999999995383 0.07812500000020595 0
0.234374999999599 0.09375000000025745 0
0.2343749999995753 0.07812500000021341 0
0.2499999999995892 0.109375000000291 0
0.2343749999996464 0.1250000000003452 0
0.2343749999996227 0.1093750000003013 0
0.2499999999996401 0.1406250000003712 0
0.2343749999996939 0.156250000000424 0
0.2343749999996702 0.1406250000003846 0
0.249999999999691 0.1718750000004463 0
0.2343749999997414 0.1875000000005022 0
0.2343749999997176 0.1718750000004631 0
0.2499999999997419 0.203125000000521 0
0.2343749999997888 0.2187500000005804 0
0.2343749999997651 0.2031250000005412 0
0.2499999999997929 0.2343750000005957 0
0.2343749999998363 0.2500000000006585 0
0.2343749999998125 0.2343750000006194 0
0.2499999999998438 0.2656250000006705 0
0.2343749999998838 0.2812500000007368 0
0.23437499999986 0.2656250000006977 0
0.2499999999998947 0.2968750000007453 0
0.2343749999999312 0.3125000000008151 0
0.2343749999999075 0.2968750000007759 0
0.2499999999999456 0.3281250000008201 0
0.2343749999999787 0.3437500000008933 0
0.234374999999955 0.3281250000008542 0
0.2499999999999965 0.3593750000008948 0
0.2343750000000261 0.3750000000009714 0
0.2343750000000024 0.3593750000009324 0
0.2500000000000475 0.3906250000009695 0
0.2343750000000736 0.4062500000010496 0
0.2343750000000499 0.3906250000010105 0
0.2500000000000984 0.4218750000010443 0
0.2343750000001211 0.4375000000011279 0
0.2343750000000974 0.4218750000010887 0
0.2500000000001493 0.453125000001119 0
0.2343750000001685 0.468750000001206 0
0.2343750000001448 0.453125000001167 0
0.2500000000002002 0.4843750000011869 0
0.234375000000216 0.5000000000012702 0
0.2343750000001923 0.4843750000012381 0
0.2500000000002512 0.5156250000011533 0
0.2343750000002635 0.5312500000011375 0
0.2343750000002398 0.5156250000012037 0
0.2500000000003021 0.5468750000010181 0
0.234375000000311 0.5625000000009909 0
0.2343750000002872 0.546875000001064 0
0.250000000000353 0.5781250000008762 0
0.2343750000003584 0.5937500000008444 0
0.2343750000003347 0.5781250000009175 0
0.250000000000404 0.6093750000007343 0
0.2343750000004059 0.6250000000006977 0
0.2343750000003821 0.609375000000771 0
0.2500000000004549 0.6406250000005923 0
0.2343750000004533 0.6562500000005511 0
0.2343750000004297 0.6406250000006244 0
0.2500000000005058 0.6718750000004503 0
0.2343750000005008 0.6875000000004043 0
0.2343750000004771 0.6718750000004777 0
0.2500000000005567 0.7031250000003082 0
0.2343750000005483 0.7187500000002577 0
0.2343750000005246 0.7031250000003311 0
0.2500000000006076 0.7343750000001663 0
0.2343750000005957 0.7500000000001111 0
0.234375000000572 0.7343750000001843 0
0.2500000000006585 0.7656250000000244 0
0.2343750000006432 0.7812499999999645 0
0.2343750000006195 0.7656250000000377 0
0.2500000000007095 0.7968749999998823 0
0.2343750000006907 0.8124999999998176 0
0.234375000000667 0.7968749999998911 0
0.2500000000007604 0.8281249999997402 0
0.2343750000007382 0.8437499999996708 0
0.2343750000007144 0.8281249999997442 0
0.2500000000008114 0.8593749999996063 0
0.2343750000007856 0.8749999999995406 0
0.2343750000007619 0.8593749999996059 0
0.2500000000008623 0.8906249999995945 0
0.2343750000008331 0.9062499999996434 0
0.2343750000008094 0.890624999999592 0
0.2500000000009132 0.9218749999997046 0
0.2343750000008806 0.9374999999997621 0
0.2343750000008568 0.9218749999997027 0
0.2500000000009641 0.9531249999998228 0
0.234375000000928 0.9687499999998811 0
0.2343750000009043 0.9531249999998216 0
0.250000000001015 0.9843749999999409 0
0.2343750000009517 0.9843749999999405 0
0.2812499999993486 0.01562500000003839 0
0.2656249999994197 0.03125000000007974 0
0.2656249999993925 0.01562500000003987 0
0.2812499999994066 0.04687500000011399 0
0.2656249999994741 0.06250000000015726 0
0.2656249999994469 0.0468750000001185 0
0.2812499999994644 0.07812500000019104 0
0.2656249999995285 0.09375000000023972 0
0.2656249999995013 0.07812500000019849 0
0.2812499999995222 0.1093750000002705 0
0.2656249999995829 0.1250000000003218 0
0.2656249999995557 0.1093750000002808 0
0.28124999999958 0.1406250000003444 0
0.2656249999996372 0.1562500000003939 0
0.26562499999961 0.1406250000003578 0
0.2812499999996378 0.1718750000004127 0
0.2656249999996916 0.1875000000004651 0
0.2656249999996644 0.1718750000004295 0
0.2812499999996957 0.2031250000004805 0
0.265624999999746 0.2187500000005364 0
0.2656249999997188 0.2031250000005007 0
0.2812499999997535 0.2343750000005483 0
0.2656249999998004 0.2500000000006076 0
0.2656249999997732 0.234375000000572 0
0.2812499999998113 0.2656250000006161 0
0.2656249999998547 0.281250000000679 0
0.2656249999998275 0.2656250000006433 0
0.2812499999998692 0.296875000000684 0
0.2656249999999092 0.3125000000007503 0
0.2656249999998819 0.2968750000007146 0
0.2812499999999271 0.3281250000007518 0
0.2656249999999635 0.3437500000008216 0
0.2656249999999363 0.3281250000007859 0
0.2812499999999849 0.3593750000008196 0
0.2656250000000179 0.3750000000008928 0
0.2656249999999907 0.3593750000008572 0
0.2812500000000428 0.3906250000008875 0
0.2656250000000723 0.4062500000009641 0
0.2656250000000451 0.3906250000009285 0
0.2812500000001006 0.4218750000009552 0
0.2656250000001267 0.4375000000010354 0
0.2656250000000995 0.4218750000009998 0
0.2812500000001584 0.4531250000010231 0
0.265625000000181 0.4687500000011067 0
0.2656250000001539 0.453125000001071 0
0.2812500000002163 0.4843750000010847 0
0.2656250000002355 0.5000000000011651 0
0.2656250000002082 0.4843750000011359 0
0.2812500000002741 0.5156250000010525 0
0.2656250000002898 0.5312500000010407 0
0.2656250000002626 0.5156250000011029 0
0.2812500000003319 0.5468750000009259 0
0.2656250000003442 0.5625000000009034 0
0.265625000000317 0.5468750000009719 0
0.2812500000003897 0.5781250000007934 0
0.2656250000003986 0.5937500000007662 0
0.2656250000003714 0.5781250000008348 0
0.2812500000004476 0.6093750000006607 0
0.265625000000453 0.6250000000006288 0
0.2656250000004258 0.6093750000006976 0
0.2812500000005054 0.6406250000005281 0
0.2656250000005073 0.6562500000004916 0
0.2656250000004801 0.6406250000005602 0
0.2812500000005633 0.6718750000003955 0
0.2656250000005617 0.6875000000003542 0
0.2656250000005345 0.6718750000004229 0
0.2812500000006211 0.7031250000002627 0
0.2656250000006161 0.7187500000002167 0
0.2656250000005889 0.7031250000002854 0
0.281250000000679 0.7343750000001301 0
0.2656250000006705 0.7500000000000797 0
0.2656250000006433 0.7343750000001482 0
0.2812500000007368 0.7656249999999976 0
0.2656250000007249 0.7812499999999423 0
0.2656250000006977 0.765625000000011 0
0.2812500000007946 0.7968749999998649 0
0.2656250000007793 0.8124999999998049 0
0.2656250000007521 0.7968749999998737 0
0.2812500000008525 0.8281249999997322 0
0.2656250000008337 0.8437499999996676 0
0.2656250000008065 0.8281249999997362 0
0.2812500000009103 0.8593749999996074 0
0.265625000000888 0.8749999999995461 0
0.2656250000008608 0.8593749999996069 0
0.2812500000009682 0.8906249999995993 0
0.2656250000009424 0.9062499999996477 0
0.2656250000009152 0.8906249999995969 0
0.281250000001026 0.9218749999997082 0
0.2656250000009968 0.9374999999997651 0
0.2656250000009696 0.9218749999997063 0
0.2812500000010839 0.953124999999825 0
0.2656250000010512 0.9687499999998826 0
0.265625000001024 0.9531249999998239 0
0.2812500000011417 0.9843749999999416 0
0.2656250000010784 0.9843749999999413 0
0.3124999999992609 0.01562500000003542 0
0.2968749999993354 0.03125000000007381 0
0.2968749999993047 0.0156250000000369 0
0.3124999999993257 0.04687500000010497 0
0.2968749999993968 0.06250000000014516 0
0.2968749999993661 0.04687500000010948 0
0.3124999999993905 0.07812500000017614 0
0.2968749999994581 0.09375000000022202 0
0.2968749999994275 0.07812500000018359 0
0.3124999999994552 0.10937500000025 0
0.2968749999995193 0.1250000000002984 0
0.2968749999994887 0.1093750000002602 0
0.3124999999995199 0.1406250000003177 0
0.2968749999995806 0.1562500000003637 0
0.29687499999955 0.1406250000003311 0
0.3124999999995847 0.171875000000379 0
0.296874999999642 0.187500000000428 0
0.2968749999996113 0.1718750000003959 0
0.3124999999996494 0.2031250000004399 0
0.2968749999997032 0.2187500000004924 0
0.2968749999996725 0.2031250000004602 0
0.3124999999997142 0.2343750000005008 0
0.2968749999997645 0.2500000000005567 0
0.2968749999997338 0.2343750000005246 0
0.312499999999779 0.2656250000005617 0
0.2968749999998258 0.2812500000006211 0
0.2968749999997951 0.2656250000005889 0
0.3124999999998437 0.2968750000006227 0
0.2968749999998871 0.3125000000006855 0
0.2968749999998564 0.2968750000006533 0
0.3124999999999085 0.3281250000006836 0
0.2968749999999484 0.3437500000007498 0
0.2968749999999178 0.3281250000007177 0
0.3124999999999732 0.3593750000007445 0
0.2968750000000097 0.3750000000008142 0
0.2968749999999791 0.359375000000782 0
0.312500000000038 0.3906250000008054 0
0.2968750000000711 0.4062500000008786 0
0.2968750000000404 0.3906250000008464 0
0.3125000000001028 0.4218750000008663 0
0.2968750000001323 0.437500000000943 0
0.2968750000001017 0.4218750000009107 0
0.3125000000001675 0.4531250000009273 0
0.2968750000001936 0.4687500000010073 0
0.2968750000001629 0.4531250000009751 0
0.3125000000002323 0.4843750000009825 0
0.296875000000255 0.5000000000010599 0
0.2968750000002243 0.4843750000010336 0
0.312500000000297 0.5156250000009512 0
0.2968750000003161 0.5312500000009438 0
0.2968750000002855 0.5156250000010019 0
0.3125000000003617 0.5468750000008338 0
0.2968750000003775 0.5625000000008159 0
0.2968750000003468 0.5468750000008799 0
0.3125000000004265 0.5781250000007105 0
0.2968750000004388 0.5937500000006879 0
0.2968750000004082 0.5781250000007521 0
0.3125000000004913 0.6093750000005872 0
0.2968750000005 0.62500000000056 0
0.2968750000004695 0.6093750000006239 0
0.312500000000556 0.640625000000464 0
0.2968750000005614 0.6562500000004321 0
0.2968750000005307 0.640625000000496 0
0.3125000000006208 0.6718750000003406 0
0.2968750000006227 0.687500000000304 0
0.296875000000592 0.671875000000368 0
0.3125000000006855 0.7031250000002174 0
0.296875000000684 0.7187500000001761 0
0.2968750000006533 0.70312500000024 0
0.3125000000007503 0.7343750000000941 0
0.2968750000007453 0.7500000000000483 0
0.2968750000007146 0.7343750000001121 0
0.3125000000008151 0.7656249999999709 0
0.2968750000008066 0.7812499999999202 0
0.2968750000007759 0.7656249999999842 0
0.3125000000008798 0.7968749999998475 0
0.2968750000008679 0.8124999999997922 0
0.2968750000008372 0.7968749999998562 0
0.3125000000009446 0.828124999999724 0
0.2968750000009292 0.843749999999664 0
0.2968750000008986 0.828124999999728 0
0.3125000000010094 0.8593749999996081 0
0.2968750000009905 0.8749999999995515 0
0.2968750000009598 0.8593749999996078 0
0.3125000000010741 0.8906249999996041 0
0.2968750000010518 0.9062499999996521 0
0.2968750000010211 0.8906249999996017 0
0.3125000000011389 0.921874999999712 0
0.2968750000011131 0.9374999999997682 0
0.2968750000010824 0.9218749999997102 0
0.3125000000012036 0.9531249999998271 0
0.2968750000011744 0.9687499999998839 0
0.2968750000011438 0.9531249999998261 0
0.3125000000012684 0.9843749999999423 0
0.296875000001205 0.9843749999999419 0
0.3437499999991731 0.01562500000003246 0
0.3281249999992511 0.03125000000006788 0
0.328124999999217 0.01562500000003394 0
0.3437499999992448 0.04687500000009596 0
0.3281249999993194 0.06250000000013306 0
0.3281249999992852 0.04687500000010047 0
0.3437499999993165 0.07812500000016126 0
0.3281249999993876 0.09375000000020434 0
0.3281249999993535 0.0781250000001687 0
0.3437499999993882 0.1093750000002295 0
0.3281249999994558 0.1250000000002751 0
0.3281249999994217 0.1093750000002397 0
0.3437499999994598 0.1406250000002909 0
0.3281249999995239 0.1562500000003335 0
0.3281249999994899 0.1406250000003043 0
0.3437499999995314 0.1718750000003454 0
0.3281249999995922 0.1875000000003909 0
0.3281249999995581 0.1718750000003622 0
0.3437499999996032 0.2031250000003994 0
0.3281249999996604 0.2187500000004484 0
0.3281249999996263 0.2031250000004197 0
0.3437499999996749 0.2343750000004534 0
0.3281249999997287 0.2500000000005058 0
0.3281249999996945 0.2343750000004771 0
0.3437499999997465 0.2656250000005073 0
0.3281249999997968 0.2812500000005633 0
0.3281249999997627 0.2656250000005345 0
0.3437499999998181 0.2968750000005614 0
0.3281249999998651 0.3125000000006208 0
0.3281249999998309 0.296875000000592 0
0.3437499999998899 0.3281250000006154 0
0.3281249999999333 0.3437500000006782 0
0.3281249999998991 0.3281250000006495 0
0.3437499999999616 0.3593750000006694 0
0.3281250000000015 0.3750000000007356 0
0.3281249999999674 0.3593750000007069 0
0.3437500000000332 0.3906250000007234 0
0.3281250000000697 0.4062500000007931 0
0.3281250000000356 0.3906250000007644 0
0.3437500000001048 0.4218750000007774 0
0.3281250000001379 0.4375000000008507 0
0.3281250000001038 0.4218750000008219 0
0.3437500000001765 0.4531250000008313 0
0.3281250000002061 0.468750000000908 0
0.328125000000172 0.4531250000008793 0
0.3437500000002482 0.4843750000008802 0
0.3281250000002744 0.5000000000009547 0
0.3281250000002402 0.4843750000009313 0
0.3437500000003199 0.5156250000008502 0
0.3281250000003425 0.5312500000008469 0
0.3281250000003084 0.5156250000009006 0
0.3437500000003915 0.5468750000007416 0
0.3281250000004107 0.5625000000007284 0
0.3281250000003766 0.5468750000007876 0
0.3437500000004632 0.5781250000006277 0
0.328125000000479 0.5937500000006097 0
0.3281250000004449 0.5781250000006692 0
0.3437500000005349 0.6093750000005137 0
0.3281250000005472 0.6250000000004912 0
0.3281250000005131 0.6093750000005504 0
0.3437500000006066 0.6406250000003998 0
0.3281250000006154 0.6562500000003726 0
0.3281250000005813 0.6406250000004319 0
0.3437500000006782 0.6718750000002858 0
0.3281250000006836 0.6875000000002538 0
0.3281250000006495 0.6718750000003132 0
0.3437500000007498 0.7031250000001719 0
0.3281250000007518 0.7187500000001353 0
0.3281250000007176 0.7031250000001945 0
0.3437500000008216 0.734375000000058 0
0.3281250000008201 0.7500000000000169 0
0.3281250000007859 0.7343750000000759 0
0.3437500000008933 0.765624999999944 0
0.3281250000008883 0.7812499999998981 0
0.3281250000008542 0.7656249999999574 0
0.3437500000009649 0.79687499999983 0
0.3281250000009564 0.8124999999997794 0
0.3281250000009223 0.7968749999998387 0
0.3437500000010365 0.828124999999716 0
0.3281250000010247 0.8437499999996607 0
0.3281250000009905 0.82812499999972 0
0.3437500000011082 0.8593749999996092 0
0.3281250000010929 0.8749999999995568 0
0.3281250000010588 0.8593749999996086 0
0.3437500000011799 0.8906249999996092 0
0.3281250000011611 0.9062499999996565 0
0.328125000001127 0.8906249999996065 0
0.3437500000012516 0.9218749999997158 0
0.3281250000012293 0.9374999999997712 0
0.3281250000011953 0.921874999999714 0
0.3437500000013232 0.9531249999998295 0
0.3281250000012975 0.9687499999998854 0
0.3281250000012634 0.9531249999998282 0
0.3437500000013949 0.9843749999999432 0
0.3281250000013316 0.9843749999999427 0
0.3749999999990855 0.01562500000002949 0
0.3593749999991669 0.03125000000006196 0
0.3593749999991292 0.01562500000003098 0
0.3749999999991641 0.04687500000008694 0
0.3593749999992421 0.06250000000012096 0
0.3593749999992045 0.04687500000009145 0
0.3749999999992426 0.07812500000014636 0
0.3593749999993172 0.09375000000018666 0
0.3593749999992796 0.07812500000015381 0
0.3749999999993212 0.1093750000002089 0
0.3593749999993922 0.1250000000002518 0
0.3593749999993547 0.1093750000002192 0
0.3749999999993997 0.1406250000002641 0
0.3593749999994673 0.1562500000003033 0
0.3593749999994297 0.1406250000002775 0
0.3749999999994784 0.1718750000003118 0
0.3593749999995425 0.1875000000003538 0
0.3593749999995049 0.1718750000003286 0
0.374999999999557 0.2031250000003588 0
0.3593749999996176 0.2187500000004044 0
0.3593749999995801 0.2031250000003791 0
0.3749999999996356 0.2343750000004059 0
0.3593749999996928 0.2500000000004549 0
0.3593749999996552 0.2343750000004296 0
0.3749999999997141 0.265625000000453 0
0.3593749999997678 0.2812500000005054 0
0.3593749999997303 0.2656250000004801 0
0.3749999999997926 0.2968750000005 0
0.359374999999843 0.312500000000556 0
0.3593749999998054 0.2968750000005307 0
0.3749999999998712 0.3281250000005471 0
0.3593749999999181 0.3437500000006065 0
0.3593749999998805 0.3281250000005813 0
0.3749999999999498 0.3593750000005942 0
0.3593749999999933 0.3750000000006571 0
0.3593749999999557 0.3593750000006318 0
0.3750000000000284 0.3906250000006414 0
0.3593750000000683 0.4062500000007077 0
0.3593750000000309 0.3906250000006824 0
0.375000000000107 0.4218750000006885 0
0.3593750000001435 0.4375000000007583 0
0.3593750000001059 0.421875000000733 0
0.3750000000001856 0.4531250000007355 0
0.3593750000002186 0.4687500000008086 0
0.359375000000181 0.4531250000007835 0
0.3750000000002642 0.4843750000007779 0
0.3593750000002938 0.5000000000008494 0
0.3593750000002562 0.4843750000008291 0
0.3750000000003428 0.5156250000007492 0
0.3593750000003689 0.53125000000075 0
0.3593750000003313 0.5156250000007997 0
0.3750000000004214 0.5468750000006493 0
0.359375000000444 0.5625000000006408 0
0.3593750000004065 0.5468750000006954 0
0.3750000000005 0.5781250000005447 0
0.3593750000005191 0.5937500000005316 0
0.3593750000004816 0.5781250000005862 0
0.3750000000005785 0.6093750000004402 0
0.3593750000005943 0.6250000000004223 0
0.3593750000005568 0.609375000000477 0
0.3750000000006571 0.6406250000003356 0
0.3593750000006694 0.6562500000003131 0
0.3593750000006318 0.6406250000003677 0
0.3750000000007357 0.671875000000231 0
0.3593750000007445 0.6875000000002037 0
0.3593750000007069 0.6718750000002585 0
0.3750000000008142 0.7031250000001266 0
0.3593750000008196 0.7187500000000946 0
0.359375000000782 0.7031250000001492 0
0.3750000000008928 0.734375000000022 0
0.3593750000008948 0.7499999999999853 0
0.3593750000008572 0.73437500000004 0
0.3750000000009714 0.7656249999999173 0
0.3593750000009699 0.781249999999876 0
0.3593750000009324 0.7656249999999306 0
0.37500000000105 0.7968749999998127 0
0.359375000001045 0.8124999999997667 0
0.3593750000010075 0.7968749999998214 0
0.3750000000011287 0.828124999999708 0
0.3593750000011202 0.8437499999996574 0
0.3593750000010826 0.828124999999712 0
0.3750000000012073 0.8593749999996102 0
0.3593750000011953 0.8749999999995621 0
0.3593750000011577 0.8593749999996096 0
0.3750000000012859 0.890624999999614 0
0.3593750000012705 0.906249999999661 0
0.3593750000012329 0.8906249999996115 0
0.3750000000013645 0.9218749999997193 0
0.3593750000013456 0.9374999999997741 0
0.359375000001308 0.9218749999997176 0
0.3750000000014431 0.9531249999998317 0
0.3593750000014207 0.9687499999998872 0
0.3593750000013832 0.9531249999998306 0
0.3750000000015216 0.9843749999999439 0
0.3593750000014582 0.9843749999999436 0
0.4062499999989976 0.01562500000002654 0
0.3906249999990826 0.03125000000005603 0
0.3906249999990415 0.01562500000002802 0
0.4062499999990831 0.04687500000007794 0
0.3906249999991646 0.06250000000010886 0
0.3906249999991236 0.04687500000008244 0
0.4062499999991686 0.07812500000013145 0
0.3906249999992466 0.09375000000016896 0
0.3906249999992056 0.07812500000013892 0
0.4062499999992541 0.1093750000001884 0
0.3906249999993286 0.1250000000002284 0
0.3906249999992876 0.1093750000001987 0
0.4062499999993397 0.1406250000002374 0
0.3906249999994107 0.1562500000002731 0
0.3906249999993697 0.1406250000002507 0
0.4062499999994252 0.1718750000002781 0
0.3906249999994928 0.1875000000003167 0
0.3906249999994518 0.1718750000002949 0
0.4062499999995107 0.2031250000003183 0
0.3906249999995748 0.2187500000003604 0
0.3906249999995338 0.2031250000003385 0
0.4062499999995962 0.2343750000003584 0
0.3906249999996569 0.250000000000404 0
0.3906249999996159 0.2343750000003822 0
0.4062499999996816 0.2656250000003986 0
0.3906249999997389 0.2812500000004476 0
0.3906249999996979 0.2656250000004258 0
0.4062499999997671 0.2968750000004388 0
0.3906249999998209 0.3125000000004912 0
0.3906249999997798 0.2968750000004694 0
0.4062499999998526 0.328125000000479 0
0.390624999999903 0.3437500000005348 0
0.3906249999998619 0.328125000000513 0
0.4062499999999382 0.3593750000005191 0
0.390624999999985 0.3750000000005785 0
0.390624999999944 0.3593750000005567 0
0.4062500000000236 0.3906250000005593 0
0.3906250000000671 0.4062500000006222 0
0.390625000000026 0.3906250000006004 0
0.4062500000001091 0.4218750000005995 0
0.3906250000001491 0.4375000000006659 0
0.3906250000001081 0.421875000000644 0
0.4062500000001946 0.4531250000006397 0
0.3906250000002311 0.4687500000007094 0
0.3906250000001901 0.4531250000006877 0
0.4062500000002801 0.4843750000006757 0
0.3906250000003132 0.5000000000007442 0
0.3906250000002722 0.4843750000007269 0
0.4062500000003657 0.5156250000006481 0
0.3906250000003952 0.531250000000653 0
0.3906250000003543 0.5156250000006988 0
0.4062500000004512 0.5468750000005571 0
0.3906250000004773 0.5625000000005532 0
0.3906250000004363 0.5468750000006033 0
0.4062500000005367 0.5781250000004619 0
0.3906250000005593 0.5937500000004534 0
0.3906250000005183 0.5781250000005032 0
0.4062500000006222 0.6093750000003667 0
0.3906250000006414 0.6250000000003535 0
0.3906250000006004 0.6093750000004035 0
0.4062500000007077 0.6406250000002714 0
0.3906250000007234 0.6562500000002536 0
0.3906250000006825 0.6406250000003035 0
0.4062500000007931 0.6718750000001762 0
0.3906250000008054 0.6875000000001537 0
0.3906250000007644 0.6718750000002036 0
0.4062500000008786 0.703125000000081 0
0.3906250000008875 0.7187500000000538 0
0.3906250000008464 0.7031250000001039 0
0.4062500000009641 0.7343749999999858 0
0.3906250000009695 0.7499999999999539 0
0.3906250000009285 0.7343750000000038 0
0.4062500000010496 0.7656249999998905 0
0.3906250000010515 0.7812499999998539 0
0.3906250000010105 0.765624999999904 0
0.4062500000011351 0.7968749999997952 0
0.3906250000011336 0.812499999999754 0
0.3906250000010926 0.7968749999998039 0
0.4062500000012206 0.8281249999996998 0
0.3906250000012156 0.8437499999996539 0
0.3906250000011746 0.8281249999997038 0
0.4062500000013061 0.8593749999996112 0
0.3906250000012977 0.8749999999995675 0
0.3906250000012567 0.8593749999996106 0
0.4062500000013916 0.890624999999619 0
0.3906250000013798 0.9062499999996655 0
0.3906250000013388 0.8906249999996164 0
0.4062500000014771 0.9218749999997231 0
0.3906250000014618 0.9374999999997771 0
0.3906250000014208 0.9218749999997211 0
0.4062500000015626 0.9531249999998338 0
0.3906250000015439 0.9687499999998884 0
0.3906250000015029 0.9531249999998327 0
0.4062500000016481 0.9843749999999445 0
0.3906250000015848 0.9843749999999443 0
0.4374999999989099 0.01562500000002357 0
0.4218749999989982 0.03125000000005011 0
0.4218749999989537 0.01562500000002505 0
0.4374999999990022 0.04687500000006893 0
0.4218749999990871 0.06250000000009677 0
0.4218749999990427 0.04687500000007343 0
0.4374999999990946 0.07812500000011656 0
0.4218749999991761 0.09375000000015124 0
0.4218749999991316 0.078125000000124 0
0.4374999999991871 0.1093750000001679 0
0.4218749999992651 0.1250000000002051 0
0.4218749999992206 0.1093750000001781 0
0.4374999999992795 0.1406250000002106 0
0.4218749999993541 0.1562500000002429 0
0.4218749999993096 0.140625000000224 0
0.4374999999993719 0.1718750000002445 0
0.421874999999443 0.1875000000002796 0
0.4218749999993985 0.1718750000002612 0
0.4374999999994643 0.2031250000002777 0
0.4218749999995319 0.2187500000003164 0
0.4218749999994875 0.203125000000298 0
0.4374999999995567 0.2343750000003109 0
0.4218749999996209 0.250000000000353 0
0.4218749999995763 0.2343750000003347 0
0.4374999999996492 0.2656250000003442 0
0.42187499999971 0.2812500000003897 0
0.4218749999996654 0.2656250000003714 0
0.4374999999997417 0.2968750000003775 0
0.4218749999997988 0.3125000000004265 0
0.4218749999997544 0.2968750000004081 0
0.437499999999834 0.3281250000004107 0
0.4218749999998879 0.3437500000004632 0
0.4218749999998433 0.3281250000004448 0
0.4374999999999265 0.359375000000444 0
0.4218749999999768 0.3750000000005 0
0.4218749999999323 0.3593750000004816 0
0.4375000000000189 0.3906250000004773 0
0.4218750000000657 0.4062500000005367 0
0.4218750000000213 0.3906250000005183 0
0.4375000000001112 0.4218750000005105 0
0.4218750000001547 0.4375000000005733 0
0.4218750000001102 0.421875000000555 0
0.4375000000002037 0.4531250000005437 0
0.4218750000002437 0.4687500000006101 0
0.4218750000001992 0.4531250000005916 0
0.4375000000002962 0.4843750000005733 0
0.4218750000003326 0.5000000000006389 0
0.4218750000002881 0.4843750000006245 0
0.4375000000003885 0.5156250000005471 0
0.4218750000004216 0.5312500000005562 0
0.421875000000377 0.5156250000005977 0
0.4375000000004809 0.5468750000004647 0
0.4218750000005105 0.5625000000004656 0
0.421875000000466 0.5468750000005109 0
0.4375000000005734 0.5781250000003789 0
0.4218750000005996 0.5937500000003753 0
0.4218750000005551 0.5781250000004203 0
0.4375000000006658 0.6093750000002932 0
0.4218750000006884 0.6250000000002847 0
0.4218750000006439 0.60937500000033 0
0.4375000000007582 0.6406250000002073 0
0.4218750000007774 0.6562500000001941 0
0.4218750000007329 0.6406250000002394 0
0.4375000000008505 0.6718750000001213 0
0.4218750000008663 0.6875000000001035 0
0.4218750000008219 0.6718750000001488 0
0.4375000000009429 0.7031250000000354 0
0.4218750000009552 0.7187500000000129 0
0.4218750000009107 0.7031250000000582 0
0.4375000000010355 0.7343749999999496 0
0.4218750000010443 0.7499999999999225 0
0.4218750000009999 0.7343749999999677 0
0.437500000001128 0.7656249999998638 0
0.4218750000011332 0.7812499999998318 0
0.4218750000010888 0.7656249999998771 0
0.4375000000012202 0.7968749999997778 0
0.4218750000012221 0.8124999999997412 0
0.4218750000011777 0.7968749999997864 0
0.4375000000013126 0.8281249999996919 0
0.4218750000013111 0.8437499999996505 0
0.4218750000012665 0.8281249999996958 0
0.4375000000014051 0.8593749999996121 0
0.4218750000014001 0.8749999999995727 0
0.4218750000013556 0.8593749999996116 0
0.4375000000014975 0.8906249999996236 0
0.421875000001489 0.9062499999996698 0
0.4218750000014445 0.8906249999996212 0
0.43750000000159 0.9218749999997268 0
0.421875000001578 0.9374999999997801 0
0.4218750000015334 0.921874999999725 0
0.4375000000016824 0.9531249999998361 0
0.421875000001667 0.9687499999998899 0
0.4218750000016225 0.9531249999998349 0
0.4375000000017748 0.9843749999999454 0
0.4218750000017115 0.9843749999999449 0
0.4687499999988221 0.01562500000002061 0
0.4531249999989139 0.03125000000004417 0
0.4531249999988659 0.01562500000002209 0
0.4687499999989214 0.04687500000005991 0
0.4531249999990097 0.06250000000008467 0
0.4531249999989618 0.04687500000006442 0
0.4687499999990207 0.07812500000010165 0
0.4531249999991056 0.09375000000013355 0
0.4531249999990576 0.07812500000010911 0
0.46874999999912 0.1093750000001474 0
0.4531249999992015 0.1250000000001817 0
0.4531249999991536 0.1093750000001577 0
0.4687499999992194 0.1406250000001839 0
0.4531249999992973 0.1562500000002128 0
0.4531249999992494 0.1406250000001973 0
0.4687499999993187 0.1718750000002109 0
0.4531249999993933 0.1875000000002425 0
0.4531249999993453 0.1718750000002277 0
0.4687499999994181 0.2031250000002372 0
0.4531249999994891 0.2187500000002724 0
0.4531249999994412 0.2031250000002574 0
0.4687499999995175 0.2343750000002635 0
0.4531249999995851 0.2500000000003021 0
0.4531249999995371 0.2343750000002872 0
0.4687499999996168 0.2656250000002898 0
0.4531249999996809 0.2812500000003319 0
0.453124999999633 0.265625000000317 0
0.468749999999716 0.2968750000003161 0
0.4531249999997767 0.3125000000003617 0
0.4531249999997288 0.2968750000003468 0
0.4687499999998154 0.3281250000003424 0
0.4531249999998727 0.3437500000003915 0
0.4531249999998247 0.3281250000003766 0
0.4687499999999148 0.3593750000003688 0
0.4531249999999686 0.3750000000004214 0
0.4531249999999206 0.3593750000004065 0
0.4687500000000142 0.3906250000003952 0
0.4531250000000644 0.4062500000004511 0
0.4531250000000165 0.3906250000004363 0
0.4687500000001134 0.4218750000004216 0
0.4531250000001602 0.4375000000004808 0
0.4531250000001124 0.4218750000004661 0
0.4687500000002127 0.4531250000004479 0
0.4531250000002561 0.4687500000005107 0
0.4531250000002082 0.4531250000004957 0
0.468750000000312 0.4843750000004711 0
0.453125000000352 0.5000000000005337 0
0.453125000000304 0.4843750000005222 0
0.4687500000004113 0.5156250000004459 0
0.4531250000004479 0.5312500000004593 0
0.4531250000003999 0.5156250000004965 0
0.4687500000005107 0.5468750000003726 0
0.4531250000005437 0.5625000000003779 0
0.4531250000004958 0.5468750000004188 0
0.4687500000006101 0.578125000000296 0
0.4531250000006398 0.593750000000297 0
0.4531250000005917 0.5781250000003374 0
0.4687500000007094 0.6093750000002195 0
0.4531250000007355 0.6250000000002157 0
0.4531250000006876 0.6093750000002564 0
0.4687500000008087 0.640625000000143 0
0.4531250000008313 0.6562500000001346 0
0.4531250000007834 0.6406250000001751 0
0.4687500000009081 0.6718750000000665 0
0.4531250000009273 0.6875000000000533 0
0.4531250000008793 0.6718750000000939 0
0.4687500000010073 0.70312499999999 0
0.4531250000010231 0.718749999999972 0
0.4531250000009751 0.7031250000000127 0
0.4687500000011066 0.7343749999999134 0
0.453125000001119 0.749999999999891 0
0.453125000001071 0.7343749999999315 0
0.468750000001206 0.7656249999998369 0
0.4531250000012149 0.7812499999998097 0
0.453125000001167 0.7656249999998503 0
0.4687500000013054 0.7968749999997603 0
0.4531250000013107 0.8124999999997284 0
0.4531250000012628 0.7968749999997691 0
0.4687500000014048 0.8281249999996838 0
0.4531250000014067 0.8437499999996473 0
0.4531250000013587 0.8281249999996879 0
0.4687500000015041 0.859374999999613 0
0.4531250000015025 0.8749999999995778 0
0.4531250000014546 0.8593749999996125 0
0.4687500000016033 0.8906249999996285 0
0.4531250000015983 0.9062499999996744 0
0.4531250000015504 0.8906249999996261 0
0.4687500000017026 0.9218749999997305 0
0.4531250000016943 0.937499999999783 0
0.4531250000016462 0.9218749999997287 0
0.468750000001802 0.9531249999998384 0
0.4531250000017901 0.9687499999998915 0
0.4531250000017422 0.9531249999998372 0
0.4687500000019014 0.9843749999999462 0
0.4531250000018381 0.9843749999999458 0
0.4999999999987448 0.01562500000001764 0
0.4843749999988346 0.03125000000003825 0
0.4843749999987834 0.01562500000001912 0
0.49999999999885 0.0468750000000509 0
0.4843749999989368 0.06250000000007257 0
0.4843749999988857 0.04687500000005541 0
0.4999999999989552 0.07812500000008676 0
0.4843749999990391 0.09375000000011585 0
0.4843749999989879 0.07812500000009422 0
0.4999999999990604 0.1093750000001268 0
0.4843749999991414 0.1250000000001583 0
0.4843749999990902 0.1093750000001371 0
0.4999999999991656 0.1406250000001571 0
0.4843749999992436 0.1562500000001826 0
0.4843749999991925 0.1406250000001705 0
0.4999999999992709 0.1718750000001772 0
0.484374999999346 0.1875000000002054 0
0.4843749999992948 0.171875000000194 0
0.4999999999993762 0.2031250000001966 0
0.4843749999994483 0.2187500000002284 0
0.4843749999993971 0.2031250000002169 0
0.4999999999994813 0.234375000000216 0
0.4843749999995505 0.2500000000002512 0
0.4843749999994993 0.2343750000002398 0
0.4999999999995866 0.2656250000002354 0
0.4843749999996528 0.2812500000002741 0
0.4843749999996017 0.2656250000002626 0
0.4999999999996918 0.2968750000002549 0
0.484374999999755 0.312500000000297 0
0.4843749999997038 0.2968750000002855 0
0.4999999999997969 0.3281250000002743 0
0.4843749999998573 0.3437500000003198 0
0.4843749999998062 0.3281250000003084 0
0.4999999999999022 0.3593750000002937 0
0.4843749999999597 0.3750000000003427 0
0.4843749999999085 0.3593750000003312 0
0.5000000000000074 0.3906250000003131 0
0.484375000000062 0.4062500000003656 0
0.4843750000000108 0.3906250000003542 0
0.5000000000001127 0.4218750000003326 0
0.4843750000001641 0.4375000000003885 0
0.4843750000001131 0.421875000000377 0
0.5000000000002179 0.4531250000003521 0
0.4843750000002665 0.4687500000004114 0
0.4843750000002154 0.4531250000003999 0
0.5000000000003232 0.4843750000003688 0
0.4843750000003687 0.5000000000004284 0
0.4843750000003176 0.48437500000042 0
0.5000000000004284 0.5156250000003448 0
0.4843750000004711 0.5312500000003624 0
0.4843750000004199 0.5156250000003952 0
0.5000000000005337 0.5468750000002804 0
0.4843750000005733 0.5625000000002905 0
0.4843750000005221 0.5468750000003264 0
0.5000000000006389 0.5781250000002132 0
0.4843750000006757 0.5937500000002187 0
0.4843750000006245 0.5781250000002545 0
0.5000000000007442 0.6093750000001461 0
0.4843750000007779 0.6250000000001469 0
0.4843750000007269 0.6093750000001829 0
0.5000000000008493 0.6406250000000789 0
0.4843750000008801 0.6562500000000751 0
0.484375000000829 0.6406250000001109 0
0.5000000000009546 0.6718750000000118 0
0.4843750000009825 0.6875000000000032 0
0.4843750000009313 0.6718750000000392 0
0.5000000000010598 0.7031249999999445 0
0.4843750000010846 0.7187499999999313 0
0.4843750000010336 0.7031249999999672 0
0.500000000001165 0.7343749999998774 0
0.4843750000011869 0.7499999999998596 0
0.4843750000011358 0.7343749999998954 0
0.5000000000012702 0.7656249999998103 0
0.4843750000012893 0.7812499999997876 0
0.4843750000012381 0.7656249999998237 0
0.5000000000013755 0.796874999999743 0
0.4843750000013916 0.8124999999997157 0
0.4843750000013404 0.7968749999997516 0
0.5000000000014807 0.8281249999996756 0
0.4843750000014939 0.8437499999996438 0
0.4843750000014427 0.8281249999996798 0
0.500000000001586 0.8593749999996138 0
0.4843750000015962 0.874999999999583 0
0.484375000001545 0.8593749999996134 0
0.5000000000016912 0.8906249999996333 0
0.4843750000016984 0.9062499999996789 0
0.4843750000016473 0.890624999999631 0
0.5000000000017965 0.9218749999997342 0
0.4843750000018007 0.9374999999997859 0
0.4843750000017495 0.9218749999997324 0
0.5000000000019016 0.9531249999998406 0
0.4843750000019029 0.968749999999893 0
0.4843750000018518 0.9531249999998395 0
0.5000000000020068 0.9843749999999469 0
0.4843750000019541 0.9843749999999465 0
0.5312499999988121 0.01562500000001468 0
0.5156249999988289 0.03125000000003232 0
0.5156249999987784 0.01562500000001616 0
0.531249999998909 0.0468750000000419 0
0.51562499999893 0.06250000000006048 0
0.5156249999988795 0.0468750000000464 0
0.5312499999990059 0.07812500000007186 0
0.515624999999031 0.09375000000009813 0
0.5156249999989806 0.07812500000007933 0
0.5312499999991028 0.1093750000001063 0
0.5156249999991322 0.125000000000135 0
0.5156249999990816 0.1093750000001166 0
0.5312499999991998 0.1406250000001303 0
0.5156249999992332 0.1562500000001524 0
0.5156249999991828 0.1406250000001437 0
0.5312499999992967 0.1718750000001436 0
0.5156249999993343 0.1875000000001683 0
0.5156249999992837 0.1718750000001604 0
0.5312499999993936 0.203125000000156 0
0.5156249999994353 0.2187500000001843 0
0.5156249999993849 0.2031250000001763 0
0.5312499999994904 0.2343750000001685 0
0.5156249999995364 0.2500000000002002 0
0.5156249999994859 0.2343750000001923 0
0.5312499999995872 0.265625000000181 0
0.5156249999996374 0.2812500000002162 0
0.5156249999995869 0.2656250000002082 0
0.5312499999996841 0.2968750000001936 0
0.5156249999997384 0.3125000000002323 0
0.515624999999688 0.2968750000002242 0
0.5312499999997811 0.3281250000002061 0
0.5156249999998395 0.3437500000002482 0
0.5156249999997891 0.3281250000002402 0
0.531249999999878 0.3593750000002187 0
0.5156249999999407 0.3750000000002642 0
0.5156249999998901 0.3593750000002562 0
0.5312499999999749 0.3906250000002311 0
0.5156250000000417 0.4062500000002801 0
0.5156249999999911 0.3906250000002722 0
0.5312500000000718 0.4218750000002437 0
0.5156250000001428 0.4375000000002962 0
0.5156250000000923 0.4218750000002881 0
0.5312500000001686 0.4531250000002561 0
0.5156250000002438 0.468750000000312 0
0.5156250000001933 0.4531250000003041 0
0.5312500000002655 0.4843750000002665 0
0.5156250000003448 0.5000000000003232 0
0.5156250000002943 0.4843750000003176 0
0.5312500000003624 0.5156250000002438 0
0.5156250000004459 0.5312500000002655 0
0.5156250000003955 0.5156250000002943 0
0.5312500000004593 0.5468750000001881 0
0.5156250000005471 0.5625000000002031 0
0.5156250000004965 0.5468750000002343 0
0.5312500000005562 0.5781250000001303 0
0.5156250000006481 0.5937500000001406 0
0.5156250000005975 0.5781250000001716 0
0.531250000000653 0.6093750000000726 0
0.5156250000007492 0.6250000000000782 0
0.5156250000006986 0.6093750000001094 0
0.53125000000075 0.6406250000000148 0
0.5156250000008502 0.6562500000000155 0
0.5156250000007996 0.6406250000000469 0
0.5312500000008469 0.6718749999999569 0
0.5156250000009512 0.6874999999999531 0
0.5156250000009007 0.6718749999999843 0
0.5312500000009438 0.703124999999899 0
0.5156250000010523 0.7187499999998904 0
0.5156250000010019 0.7031249999999218 0
0.5312500000010407 0.7343749999998412 0
0.5156250000011533 0.7499999999998281 0
0.5156250000011029 0.7343749999998594 0
0.5312500000011375 0.7656249999997834 0
0.5156250000012543 0.7812499999997655 0
0.5156250000012039 0.7656249999997968 0
0.5312500000012345 0.7968749999997254 0
0.5156250000013556 0.8124999999997029 0
0.515625000001305 0.7968749999997342 0
0.5312500000013314 0.8281249999996676 0
0.5156250000014566 0.8437499999996404 0
0.515625000001406 0.8281249999996716 0
0.5312500000014283 0.8593749999996149 0
0.5156250000015576 0.8749999999995882 0
0.5156250000015071 0.8593749999996143 0
0.5312500000015252 0.8906249999996382 0
0.5156250000016587 0.9062499999996833 0
0.5156250000016083 0.8906249999996357 0
0.531250000001622 0.921874999999738 0
0.5156250000017597 0.9374999999997889 0
0.5156250000017093 0.921874999999736 0
0.5312500000017188 0.9531249999998428 0
0.5156250000018607 0.9687499999998945 0
0.5156250000018102 0.9531249999998417 0
0.5312500000018158 0.9843749999999476 0
0.5156250000019069 0.9843749999999473 0
0.5624999999988898 0.01562500000001172 0
0.5468749999988969 0.0312500000000264 0
0.5468749999988509 0.0156250000000132 0
0.5624999999989773 0.04687500000003288 0
0.5468749999989894 0.06250000000004838 0
0.5468749999989432 0.04687500000003739 0
0.562499999999065 0.07812500000005695 0
0.5468749999990816 0.09375000000008042 0
0.5468749999990354 0.07812500000006442 0
0.5624999999991525 0.1093750000000858 0
0.5468749999991738 0.1250000000001117 0
0.5468749999991276 0.109375000000096 0
0.5624999999992399 0.1406250000001036 0
0.5468749999992659 0.1562500000001222 0
0.5468749999992198 0.140625000000117 0
0.5624999999993275 0.1718750000001099 0
0.5468749999993583 0.1875000000001312 0
0.5468749999993121 0.1718750000001267 0
0.5624999999994151 0.2031250000001155 0
0.5468749999994504 0.2187500000001403 0
0.5468749999994043 0.2031250000001358 0
0.5624999999995027 0.2343750000001211 0
0.5468749999995426 0.2500000000001493 0
0.5468749999994964 0.2343750000001448 0
0.5624999999995902 0.2656250000001267 0
0.5468749999996347 0.2812500000001584 0
0.5468749999995886 0.2656250000001538 0
0.5624999999996777 0.2968750000001323 0
0.5468749999997271 0.3125000000001675 0
0.5468749999996809 0.2968750000001629 0
0.5624999999997652 0.3281250000001379 0
0.5468749999998193 0.3437500000001765 0
0.5468749999997731 0.328125000000172 0
0.5624999999998528 0.3593750000001435 0
0.5468749999999116 0.3750000000001856 0
0.5468749999998654 0.3593750000001811 0
0.5624999999999405 0.3906250000001491 0
0.5468750000000038 0.4062500000001946 0
0.5468749999999576 0.3906250000001901 0
0.562500000000028 0.4218750000001547 0
0.546875000000096 0.4375000000002037 0
0.5468750000000498 0.4218750000001992 0
0.5625000000001155 0.4531250000001603 0
0.5468750000001881 0.4687500000002127 0
0.546875000000142 0.4531250000002082 0
0.5625000000002031 0.4843750000001642 0
0.5468750000002804 0.5000000000002179 0
0.5468750000002343 0.4843750000002154 0
0.5625000000002905 0.5156250000001428 0
0.5468750000003726 0.5312500000001685 0
0.5468750000003264 0.5156250000001934 0
0.562500000000378 0.5468750000000959 0
0.5468750000004647 0.5625000000001156 0
0.5468750000004186 0.5468750000001419 0
0.5625000000004656 0.5781250000000475 0
0.5468750000005571 0.5937500000000624 0
0.5468750000005109 0.5781250000000888 0
0.5625000000005532 0.6093749999999991 0
0.5468750000006493 0.6250000000000093 0
0.5468750000006033 0.6093750000000359 0
0.5625000000006408 0.6406249999999507 0
0.5468750000007416 0.6562499999999561 0
0.5468750000006954 0.6406249999999828 0
0.5625000000007284 0.6718749999999022 0
0.5468750000008338 0.687499999999903 0
0.5468750000007876 0.6718749999999295 0
0.5625000000008159 0.7031249999998537 0
0.5468750000009259 0.7187499999998497 0
0.5468750000008797 0.7031249999998763 0
0.5625000000009034 0.734374999999805 0
0.5468750000010181 0.7499999999997966 0
0.5468750000009719 0.734374999999823 0
0.5625000000009909 0.7656249999997566 0
0.5468750000011102 0.7812499999997434 0
0.546875000001064 0.76562499999977 0
0.5625000000010785 0.7968749999997081 0
0.5468750000012026 0.8124999999996901 0
0.5468750000011564 0.7968749999997169 0
0.5625000000011661 0.8281249999996596 0
0.5468750000012947 0.8437499999996371 0
0.5468750000012488 0.8281249999996636 0
0.5625000000012536 0.8593749999996158 0
0.5468750000013871 0.8749999999995935 0
0.5468750000013409 0.8593749999996153 0
0.5625000000013411 0.8906249999996434 0
0.5468750000014793 0.906249999999688 0
0.5468750000014331 0.8906249999996408 0
0.5625000000014287 0.921874999999742 0
0.5468750000015714 0.9374999999997919 0
0.5468750000015252 0.92187499999974 0
0.5625000000015162 0.953124999999845 0
0.5468750000016636 0.968749999999896 0
0.5468750000016174 0.9531249999998439 0
0.5625000000016038 0.9843749999999483 0
0.5468750000017014 0.9843749999999479 0
0.5937499999989677 0.01562500000000875 0
0.5781249999989702 0.03125000000002046 0
0.5781249999989287 0.01562500000001023 0
0.5937499999990459 0.04687500000002386 0
0.5781249999990532 0.06250000000003628 0
0.5781249999990116 0.04687500000002837 0
0.593749999999124 0.07812500000004205 0
0.5781249999991358 0.09375000000006271 0
0.5781249999990945 0.07812500000004952 0
0.5937499999992021 0.1093750000000653 0
0.5781249999992186 0.1250000000000883 0
0.5781249999991773 0.1093750000000755 0
0.5937499999992804 0.1406250000000768 0
0.5781249999993017 0.156250000000092 0
0.5781249999992601 0.1406250000000902 0
0.5937499999993585 0.1718750000000763 0
0.5781249999993845 0.1875000000000941 0
0.578124999999343 0.1718750000000931 0
0.5937499999994368 0.2031250000000749 0
0.5781249999994675 0.2187500000000963 0
0.578124999999426 0.2031250000000952 0
0.5937499999995151 0.2343750000000736 0
0.5781249999995504 0.2500000000000984 0
0.5781249999995088 0.2343750000000974 0
0.5937499999995932 0.2656250000000723 0
0.5781249999996332 0.2812500000001005 0
0.5781249999995917 0.2656250000000995 0
0.5937499999996714 0.296875000000071 0
0.578124999999716 0.3125000000001028 0
0.5781249999996745 0.2968750000001016 0
0.5937499999997495 0.3281250000000697 0
0.5781249999997988 0.3437500000001049 0
0.5781249999997573 0.3281250000001038 0
0.5937499999998278 0.3593750000000684 0
0.5781249999998819 0.375000000000107 0
0.5781249999998403 0.3593750000001059 0
0.593749999999906 0.3906250000000671 0
0.5781249999999647 0.4062500000001091 0
0.5781249999999232 0.3906250000001081 0
0.5937499999999841 0.4218750000000657 0
0.5781250000000475 0.4375000000001112 0
0.578125000000006 0.4218750000001102 0
0.5937500000000624 0.4531250000000644 0
0.5781250000001303 0.4687500000001135 0
0.5781250000000889 0.4531250000001124 0
0.5937500000001407 0.484375000000062 0
0.5781250000002134 0.5000000000001127 0
0.5781250000001719 0.4843750000001131 0
0.5937500000002189 0.5156250000000417 0
0.5781250000002962 0.5312500000000717 0
0.5781250000002547 0.5156250000000924 0
0.593750000000297 0.5468750000000038 0
0.5781250000003788 0.5625000000000281 0
0.5781250000003375 0.5468750000000497 0
0.5937500000003751 0.5781249999999647 0
0.5781250000004619 0.5937499999999841 0
0.5781250000004203 0.5781250000000061 0
0.5937500000004534 0.6093749999999255 0
0.5781250000005447 0.6249999999999405 0
0.5781250000005034 0.6093749999999624 0
0.5937500000005316 0.6406249999998864 0
0.5781250000006277 0.6562499999998966 0
0.5781250000005862 0.6406249999999186 0
0.5937500000006097 0.6718749999998472 0
0.5781250000007105 0.6874999999998528 0
0.578125000000669 0.6718749999998747 0
0.5937500000006879 0.7031249999998082 0
0.5781250000007934 0.718749999999809 0
0.5781250000007518 0.7031249999998309 0
0.5937500000007661 0.7343749999997691 0
0.5781250000008762 0.7499999999997652 0
0.5781250000008347 0.7343749999997871 0
0.5937500000008443 0.7656249999997299 0
0.578125000000959 0.7812499999997213 0
0.5781250000009176 0.7656249999997432 0
0.5937500000009226 0.7968749999996907 0
0.5781250000010421 0.8124999999996775 0
0.5781250000010005 0.7968749999996995 0
0.5937500000010009 0.8281249999996516 0
0.5781250000011249 0.8437499999996336 0
0.5781250000010835 0.8281249999996556 0
0.5937500000010791 0.8593749999996168 0
0.5781250000012077 0.8749999999995989 0
0.5781250000011664 0.8593749999996162 0
0.5937500000011573 0.8906249999996483 0
0.5781250000012907 0.9062499999996927 0
0.5781250000012492 0.8906249999996458 0
0.5937500000012355 0.9218749999997456 0
0.5781250000013736 0.9374999999997949 0
0.578125000001332 0.9218749999997438 0
0.5937500000013136 0.9531249999998475 0
0.5781250000014564 0.9687499999998975 0
0.5781250000014149 0.9531249999998462 0
0.5937500000013918 0.9843749999999492 0
0.578125000001505 0.9843749999999487 0
0.6249999999990452 0.01562500000000579 0
0.6093749999990432 0.03125000000001454 0
0.6093749999990065 0.01562500000000727 0
0.6249999999991142 0.04687500000001485 0
0.6093749999991169 0.06250000000002418 0
0.6093749999990801 0.04687500000001935 0
0.6249999999991831 0.07812500000002714 0
0.6093749999991902 0.09375000000004501 0
0.6093749999991536 0.07812500000003461 0
0.6249999999992519 0.1093750000000447 0
0.6093749999992638 0.125000000000065 0
0.609374999999227 0.109375000000055 0
0.6249999999993208 0.14062500000005 0
0.6093749999993373 0.1562500000000618 0
0.6093749999993006 0.1406250000000634 0
0.6249999999993896 0.1718750000000426 0
0.6093749999994108 0.1875000000000571 0
0.6093749999993741 0.1718750000000595 0
0.6249999999994584 0.2031250000000344 0
0.6093749999994844 0.2187500000000523 0
0.6093749999994477 0.2031250000000547 0
0.6249999999995272 0.2343750000000261 0
0.6093749999995578 0.2500000000000475 0
0.6093749999995212 0.2343750000000499 0
0.624999999999596 0.2656250000000179 0
0.6093749999996314 0.2812500000000427 0
0.6093749999995947 0.2656250000000451 0
0.624999999999665 0.2968750000000097 0
0.609374999999705 0.312500000000038 0
0.6093749999996682 0.2968750000000404 0
0.6249999999997339 0.3281250000000014 0
0.6093749999997784 0.3437500000000332 0
0.6093749999997417 0.3281250000000356 0
0.6249999999998026 0.3593749999999932 0
0.609374999999852 0.3750000000000284 0
0.6093749999998151 0.3593750000000308 0
0.6249999999998714 0.390624999999985 0
0.6093749999999254 0.4062500000000236 0
0.6093749999998886 0.390625000000026 0
0.6249999999999404 0.4218749999999768 0
0.6093749999999991 0.4375000000000189 0
0.6093749999999623 0.4218750000000213 0
0.6250000000000093 0.4531249999999685 0
0.6093750000000726 0.4687500000000141 0
0.6093750000000359 0.4531250000000165 0
0.625000000000078 0.4843749999999596 0
0.6093750000001461 0.5000000000000074 0
0.6093750000001094 0.4843750000000108 0
0.6250000000001469 0.5156249999999407 0
0.6093750000002197 0.5312499999999749 0
0.6093750000001829 0.5156249999999913 0
0.6250000000002158 0.5468749999999114 0
0.6093750000002931 0.5624999999999404 0
0.6093750000002564 0.5468749999999576 0
0.6250000000002847 0.5781249999998817 0
0.6093750000003667 0.5937499999999059 0
0.6093750000003298 0.5781249999999232 0
0.6250000000003535 0.6093749999998519 0
0.6093750000004402 0.6249999999998715 0
0.6093750000004035 0.6093749999998886 0
0.6250000000004223 0.6406249999998223 0
0.6093750000005137 0.6562499999998371 0
0.609375000000477 0.6406249999998543 0
0.6250000000004912 0.6718749999997925 0
0.6093750000005872 0.6874999999998026 0
0.6093750000005504 0.6718749999998198 0
0.62500000000056 0.7031249999997626 0
0.6093750000006607 0.7187499999997683 0
0.6093750000006239 0.7031249999997855 0
0.6250000000006288 0.7343749999997329 0
0.6093750000007342 0.7499999999997338 0
0.6093750000006974 0.7343749999997509 0
0.6250000000006977 0.7656249999997031 0
0.6093750000008078 0.7812499999996992 0
0.609375000000771 0.7656249999997166 0
0.6250000000007665 0.7968749999996733 0
0.6093750000008813 0.8124999999996647 0
0.6093750000008445 0.7968749999996819 0
0.6250000000008353 0.8281249999996434 0
0.6093750000009549 0.8437499999996303 0
0.609375000000918 0.8281249999996475 0
0.6250000000009042 0.8593749999996179 0
0.6093750000010284 0.8749999999996043 0
0.6093750000009917 0.8593749999996173 0
0.625000000000973 0.8906249999996531 0
0.6093750000011019 0.906249999999697 0
0.6093750000010651 0.8906249999996507 0
0.6250000000010418 0.9218749999997492 0
0.6093750000011754 0.9374999999997978 0
0.6093750000011386 0.9218749999997473 0
0.6250000000011107 0.9531249999998495 0
0.6093750000012489 0.9687499999998991 0
0.6093750000012121 0.9531249999998485 0
0.6250000000011795 0.9843749999999498 0
0.6093750000012828 0.9843749999999495 0
0.6562499999991234 0.01562500000000282 0
0.6406249999991165 0.03125000000000861 0
0.6406249999990843 0.01562500000000431 0
0.6562499999991827 0.04687500000000583 0
0.6406249999991804 0.06250000000001207 0
0.6406249999991485 0.04687500000001034 0
0.6562499999992419 0.07812500000001224 0
0.6406249999992446 0.0937500000000273 0
0.6406249999992125 0.07812500000001971 0
0.6562499999993014 0.1093750000000242 0
0.6406249999993088 0.1250000000000416 0
0.6406249999992767 0.1093750000000345 0
0.6562499999993611 0.1406250000000233 0
0.6406249999993731 0.1562500000000317 0
0.6406249999993409 0.1406250000000367 0
0.6562499999994207 0.171875000000009 0
0.6406249999994372 0.18750000000002 0
0.6406249999994051 0.1718750000000258 0
0.6562499999994802 0.2031249999999939 0
0.6406249999995014 0.2187500000000083 0
0.6406249999994693 0.2031250000000142 0
0.6562499999995396 0.2343749999999787 0
0.6406249999995653 0.2499999999999966 0
0.6406249999995334 0.2343750000000024 0
0.6562499999995991 0.2656249999999635 0
0.6406249999996297 0.2812499999999848 0
0.6406249999995975 0.2656249999999907 0
0.6562499999996587 0.2968749999999484 0
0.640624999999694 0.3124999999999732 0
0.6406249999996619 0.296874999999979 0
0.6562499999997182 0.3281249999999333 0
0.6406249999997581 0.3437499999999615 0
0.6406249999997261 0.3281249999999674 0
0.6562499999997776 0.3593749999999181 0
0.6406249999998221 0.3749999999999498 0
0.6406249999997901 0.3593749999999557 0
0.656249999999837 0.390624999999903 0
0.6406249999998863 0.4062499999999382 0
0.6406249999998542 0.390624999999944 0
0.6562499999998965 0.4218749999998879 0
0.6406249999999506 0.4374999999999264 0
0.6406249999999184 0.4218749999999323 0
0.656249999999956 0.4531249999998727 0
0.6406250000000148 0.4687499999999147 0
0.6406249999999827 0.4531249999999206 0
0.6562500000000155 0.4843749999998573 0
0.6406250000000788 0.4999999999999022 0
0.6406250000000467 0.4843749999999085 0
0.6562500000000751 0.5156249999998395 0
0.6406250000001431 0.531249999999878 0
0.6406250000001109 0.5156249999998901 0
0.6562500000001346 0.5468749999998193 0
0.6406250000002073 0.5624999999998527 0
0.6406250000001752 0.5468749999998653 0
0.6562500000001942 0.5781249999997988 0
0.6406250000002716 0.5937499999998277 0
0.6406250000002395 0.5781249999998403 0
0.6562500000002537 0.6093749999997784 0
0.6406250000003356 0.6249999999998026 0
0.6406250000003036 0.6093749999998151 0
0.6562500000003131 0.6406249999997581 0
0.6406250000003998 0.6562499999997777 0
0.6406250000003677 0.6406249999997902 0
0.6562500000003726 0.6718749999997377 0
0.640625000000464 0.6874999999997524 0
0.6406250000004319 0.6718749999997651 0
0.6562500000004321 0.7031249999997171 0
0.6406250000005281 0.7187499999997274 0
0.640625000000496 0.70312499999974 0
0.6562500000004916 0.7343749999996969 0
0.6406250000005923 0.7499999999997023 0
0.6406250000005602 0.7343749999997149 0
0.6562500000005511 0.7656249999996764 0
0.6406250000006565 0.7812499999996771 0
0.6406250000006244 0.7656249999996897 0
0.6562500000006106 0.7968749999996558 0
0.6406250000007206 0.8124999999996519 0
0.6406250000006886 0.7968749999996646 0
0.65625000000067 0.8281249999996354 0
0.6406250000007847 0.8437499999996269 0
0.6406250000007526 0.8281249999996394 0
0.6562500000007295 0.8593749999996187 0
0.640625000000849 0.8749999999996096 0
0.6406250000008168 0.8593749999996183 0
0.656250000000789 0.8906249999996581 0
0.640625000000913 0.9062499999997015 0
0.640625000000881 0.8906249999996555 0
0.6562500000008484 0.9218749999997531 0
0.6406250000009772 0.9374999999998008 0
0.6406250000009451 0.9218749999997512 0
0.6562500000009079 0.9531249999998517 0
0.6406250000010414 0.9687499999999004 0
0.6406250000010093 0.9531249999998506 0
0.6562500000009674 0.9843749999999505 0
0.6406250000010739 0.9843749999999502 0
0.6874999999992008 0.01562499999999986 0
0.6718749999991895 0.03125000000000269 0
0.6718749999991621 0.01562500000000134 0
0.6874999999992509 0.04687499999999682 0
0.6718749999992442 0.06249999999999997 0
0.6718749999992168 0.04687500000000132 0
0.6874999999993011 0.07812499999999734 0
0.6718749999992989 0.09375000000000959 0
0.6718749999992716 0.0781250000000048 0
0.6874999999993513 0.1093750000000037 0
0.6718749999993539 0.1250000000000183 0
0.6718749999993264 0.1093750000000139 0
0.6874999999994016 0.1406249999999965 0
0.6718749999994088 0.1562500000000015 0
0.6718749999993813 0.1406250000000099 0
0.6874999999994517 0.1718749999999754 0
0.6718749999994635 0.1874999999999829 0
0.6718749999994361 0.1718749999999922 0
0.6874999999995017 0.2031249999999533 0
0.6718749999995184 0.2187499999999643 0
0.6718749999994911 0.2031249999999736 0
0.6874999999995519 0.2343749999999312 0
0.6718749999995731 0.2499999999999457 0
0.6718749999995458 0.234374999999955 0
0.6874999999996021 0.2656249999999092 0
0.6718749999996281 0.2812499999999271 0
0.6718749999996007 0.2656249999999363 0
0.6874999999996522 0.2968749999998871 0
0.6718749999996828 0.3124999999999085 0
0.6718749999996555 0.2968749999999178 0
0.6874999999997022 0.3281249999998651 0
0.6718749999997377 0.3437499999998899 0
0.6718749999997102 0.3281249999998991 0
0.6874999999997524 0.359374999999843 0
0.6718749999997924 0.3749999999998712 0
0.671874999999765 0.3593749999998805 0
0.6874999999998026 0.3906249999998209 0
0.6718749999998472 0.4062499999998526 0
0.6718749999998198 0.3906249999998619 0
0.6874999999998528 0.4218749999997988 0
0.6718749999999021 0.437499999999834 0
0.6718749999998747 0.4218749999998433 0
0.687499999999903 0.4531249999997768 0
0.6718749999999569 0.4687499999998155 0
0.6718749999999295 0.4531249999998248 0
0.6874999999999531 0.4843749999997551 0
0.6718750000000118 0.4999999999997969 0
0.6718749999999843 0.4843749999998063 0
0.6875000000000032 0.5156249999997384 0
0.6718750000000665 0.5312499999997811 0
0.6718750000000392 0.5156249999997888 0
0.6875000000000533 0.5468749999997271 0
0.6718750000001213 0.5624999999997652 0
0.6718750000000939 0.5468749999997731 0
0.6875000000001035 0.578124999999716 0
0.6718750000001763 0.5937499999997495 0
0.6718750000001489 0.5781249999997575 0
0.6875000000001537 0.6093749999997049 0
0.671875000000231 0.6249999999997338 0
0.6718750000002037 0.6093749999997417 0
0.6875000000002038 0.6406249999996939 0
0.6718750000002859 0.6562499999997182 0
0.6718750000002585 0.640624999999726 0
0.687500000000254 0.6718749999996828 0
0.6718750000003407 0.6874999999997022 0
0.6718750000003133 0.6718749999997102 0
0.6875000000003041 0.7031249999996716 0
0.6718750000003955 0.7187499999996866 0
0.671875000000368 0.7031249999996945 0
0.6875000000003542 0.7343749999996607 0
0.6718750000004503 0.7499999999996709 0
0.6718750000004229 0.7343749999996789 0
0.6875000000004043 0.7656249999996496 0
0.6718750000005052 0.7812499999996551 0
0.6718750000004777 0.765624999999663 0
0.6875000000004545 0.7968749999996385 0
0.67187500000056 0.8124999999996393 0
0.6718750000005326 0.7968749999996472 0
0.6875000000005047 0.8281249999996274 0
0.6718750000006147 0.8437499999996235 0
0.6718750000005874 0.8281249999996314 0
0.6875000000005549 0.8593749999996199 0
0.6718750000006697 0.874999999999615 0
0.6718750000006423 0.8593749999996192 0
0.6875000000006051 0.8906249999996628 0
0.6718750000007244 0.9062499999997059 0
0.6718750000006971 0.8906249999996605 0
0.6875000000006553 0.9218749999997566 0
0.6718750000007793 0.9374999999998038 0
0.6718750000007518 0.9218749999997549 0
0.6875000000007053 0.9531249999998541 0
0.671875000000834 0.968749999999902 0
0.6718750000008066 0.9531249999998529 0
0.6875000000007554 0.9843749999999514 0
0.6718750000008609 0.9843749999999509 0
0.7187499999992786 0.01562499999999689 0
0.7031249999992624 0.03124999999999676 0
0.7031249999992396 0.01562499999999838 0
0.7187499999993194 0.04687499999998782 0
0.7031249999993079 0.06249999999998788 0
0.7031249999992852 0.04687499999999231 0
0.7187499999993602 0.07812499999998243 0
0.7031249999993534 0.09374999999999187 0
0.7031249999993308 0.07812499999998987 0
0.718749999999401 0.1093749999999831 0
0.7031249999993989 0.1249999999999949 0
0.7031249999993762 0.1093749999999934 0
0.7187499999994418 0.1406249999999697 0
0.7031249999994443 0.1562499999999713 0
0.7031249999994216 0.1406249999999831 0
0.7187499999994824 0.1718749999999417 0
0.7031249999994897 0.1874999999999458 0
0.703124999999467 0.1718749999999586 0
0.7187499999995235 0.2031249999999128 0
0.7031249999995355 0.2187499999999203 0
0.7031249999995126 0.2031249999999331 0
0.7187499999995643 0.2343749999998838 0
0.7031249999995808 0.2499999999998947 0
0.7031249999995581 0.2343749999999075 0
0.718749999999605 0.2656249999998547 0
0.7031249999996262 0.2812499999998692 0
0.7031249999996037 0.2656249999998819 0
0.7187499999996456 0.2968749999998258 0
0.7031249999996716 0.3124999999998437 0
0.7031249999996488 0.2968749999998564 0
0.7187499999996865 0.3281249999997968 0
0.7031249999997171 0.3437499999998181 0
0.7031249999996944 0.3281249999998309 0
0.7187499999997273 0.3593749999997678 0
0.7031249999997626 0.3749999999997926 0
0.7031249999997399 0.3593749999998054 0
0.7187499999997682 0.3906249999997388 0
0.7031249999998082 0.4062499999997671 0
0.7031249999997854 0.3906249999997798 0
0.7187499999998088 0.4218749999997099 0
0.7031249999998536 0.4374999999997417 0
0.7031249999998308 0.4218749999997544 0
0.7187499999998497 0.4531249999996809 0
0.703124999999899 0.4687499999997161 0
0.7031249999998763 0.4531249999997289 0
0.7187499999998905 0.4843749999996527 0
0.7031249999999447 0.4999999999996917 0
0.7031249999999218 0.4843749999997039 0
0.7187499999999314 0.5156249999996374 0
0.70312499999999 0.5312499999996841 0
0.7031249999999674 0.5156249999996879 0
0.7187499999999721 0.5468749999996347 0
0.7031250000000355 0.5624999999996777 0
0.7031250000000129 0.5468749999996809 0
0.718750000000013 0.5781249999996332 0
0.703125000000081 0.5937499999996714 0
0.7031250000000584 0.5781249999996747 0
0.7187500000000537 0.6093749999996314 0
0.7031250000001263 0.6249999999996649 0
0.7031250000001037 0.6093749999996682 0
0.7187500000000946 0.6406249999996297 0
0.7031250000001721 0.6562499999996587 0
0.7031250000001492 0.6406249999996618 0
0.7187500000001354 0.6718749999996281 0
0.7031250000002174 0.6874999999996522 0
0.7031250000001947 0.6718749999996555 0
0.7187500000001761 0.7031249999996262 0
0.7031250000002628 0.7187499999996456 0
0.70312500000024 0.7031249999996488 0
0.7187500000002169 0.7343749999996244 0
0.7031250000003082 0.7499999999996394 0
0.7031250000002855 0.7343749999996425 0
0.7187500000002577 0.7656249999996227 0
0.7031250000003537 0.781249999999633 0
0.7031250000003311 0.7656249999996363 0
0.7187500000002984 0.796874999999621 0
0.7031250000003992 0.8124999999996265 0
0.7031250000003765 0.7968749999996296 0
0.7187500000003393 0.8281249999996192 0
0.7031250000004448 0.8437499999996202 0
0.703125000000422 0.8281249999996232 0
0.7187500000003804 0.8593749999996205 0
0.7031250000004904 0.8749999999996202 0
0.7031250000004676 0.8593749999996202 0
0.718750000000421 0.8906249999996676 0
0.7031250000005358 0.9062499999997102 0
0.7031250000005131 0.8906249999996653 0
0.7187500000004617 0.9218749999997604 0
0.7031250000005813 0.9374999999998068 0
0.7031250000005584 0.9218749999997584 0
0.7187500000005025 0.9531249999998563 0
0.7031250000006266 0.9687499999999035 0
0.703125000000604 0.9531249999998552 0
0.7187500000005433 0.984374999999952 0
0.7031250000006606 0.9843749999999517 0
0.7499999999993563 0.01562499999999394 0
0.7343749999993355 0.03124999999999083 0
0.7343749999993174 0.01562499999999542 0
0.7499999999993877 0.04687499999997879 0
0.7343749999993716 0.06249999999997578 0
0.7343749999993536 0.04687499999998331 0
0.7499999999994191 0.07812499999996753 0
0.7343749999994078 0.09374999999997416 0
0.7343749999993896 0.07812499999997496 0
0.7499999999994507 0.1093749999999626 0
0.734374999999444 0.1249999999999716 0
0.7343749999994258 0.1093749999999729 0
0.7499999999994822 0.140624999999943 0
0.73437499999948 0.1562499999999411 0
0.734374999999462 0.1406249999999564 0
0.7499999999995137 0.1718749999999081 0
0.7343749999995162 0.1874999999999087 0
0.7343749999994981 0.1718749999999249 0
0.7499999999995451 0.2031249999998722 0
0.7343749999995524 0.2187499999998763 0
0.7343749999995344 0.2031249999998925 0
0.7499999999995764 0.2343749999998363 0
0.7343749999995883 0.2499999999998438 0
0.7343749999995703 0.23437499999986 0
0.7499999999996079 0.2656249999998004 0
0.7343749999996244 0.2812499999998114 0
0.7343749999996065 0.2656249999998276 0
0.7499999999996394 0.2968749999997646 0
0.7343749999996607 0.312499999999779 0
0.7343749999996425 0.2968749999997952 0
0.7499999999996709 0.3281249999997287 0
0.7343749999996967 0.3437499999997465 0
0.7343749999996787 0.3281249999997627 0
0.7499999999997025 0.3593749999996927 0
0.7343749999997331 0.3749999999997141 0
0.7343749999997149 0.3593749999997303 0
0.7499999999997339 0.3906249999996568 0
0.7343749999997691 0.4062499999996816 0
0.7343749999997511 0.3906249999996979 0
0.7499999999997652 0.4218749999996209 0
0.734374999999805 0.4374999999996492 0
0.7343749999997871 0.4218749999996654 0
0.7499999999997966 0.453124999999585 0
0.7343749999998412 0.4687499999996168 0
0.7343749999998231 0.453124999999633 0
0.7499999999998281 0.4843749999995505 0
0.7343749999998774 0.4999999999995865 0
0.7343749999998592 0.4843749999996015 0
0.7499999999998597 0.5156249999995364 0
0.7343749999999136 0.5312499999995872 0
0.7343749999998955 0.515624999999587 0
0.7499999999998912 0.5468749999995426 0
0.7343749999999498 0.5624999999995902 0
0.7343749999999316 0.5468749999995886 0
0.7499999999999225 0.5781249999995504 0
0.7343749999999858 0.5937499999995932 0
0.7343749999999678 0.5781249999995919 0
0.7499999999999538 0.6093749999995579 0
0.7343750000000218 0.6249999999995961 0
0.7343750000000037 0.6093749999995947 0
0.7499999999999853 0.6406249999995656 0
0.7343750000000582 0.6562499999995992 0
0.7343750000000401 0.6406249999995977 0
0.7500000000000169 0.6718749999995731 0
0.7343750000000941 0.687499999999602 0
0.7343750000000761 0.6718749999996007 0
0.7500000000000483 0.7031249999995806 0
0.7343750000001302 0.7187499999996048 0
0.7343750000001122 0.7031249999996033 0
0.7500000000000797 0.7343749999995883 0
0.7343750000001663 0.7499999999996079 0
0.7343750000001483 0.7343749999996063 0
0.7500000000001111 0.765624999999596 0
0.7343750000002025 0.7812499999996109 0
0.7343750000001845 0.7656249999996093 0
0.7500000000001426 0.7968749999996037 0
0.7343750000002386 0.8124999999996138 0
0.7343750000002205 0.7968749999996123 0
0.7500000000001741 0.8281249999996112 0
0.7343750000002749 0.8437499999996168 0
0.7343750000002567 0.8281249999996152 0
0.7500000000002056 0.8593749999996214 0
0.7343750000003111 0.8749999999996253 0
0.7343750000002931 0.859374999999621 0
0.750000000000237 0.8906249999996724 0
0.7343750000003471 0.9062499999997147 0
0.7343750000003291 0.8906249999996699 0
0.7500000000002683 0.9218749999997641 0
0.734375000000383 0.9374999999998098 0
0.734375000000365 0.9218749999997623 0
0.7500000000002998 0.9531249999998583 0
0.7343750000004192 0.9687499999999049 0
0.7343750000004011 0.9531249999998573 0
0.7500000000003313 0.9843749999999527 0
0.7343750000004348 0.9843749999999524 0
0.781249999999434 0.01562499999999097 0
0.7656249999994085 0.03124999999998491 0
0.7656249999993952 0.01562499999999245 0
0.7812499999994561 0.04687499999996979 0
0.7656249999994353 0.06249999999996368 0
0.765624999999422 0.04687499999997428 0
0.7812499999994782 0.07812499999995265 0
0.765624999999462 0.09374999999995648 0
0.7656249999994487 0.07812499999996009 0
0.7812499999995003 0.1093749999999421 0
0.765624999999489 0.1249999999999483 0
0.7656249999994754 0.1093749999999524 0
0.7812499999995225 0.1406249999999162 0
0.7656249999995157 0.1562499999999109 0
0.7656249999995023 0.1406249999999296 0
0.7812499999995446 0.1718749999998744 0
0.7656249999995426 0.1874999999998716 0
0.7656249999995293 0.1718749999998913 0
0.7812499999995667 0.2031249999998316 0
0.7656249999995692 0.2187499999998322 0
0.7656249999995559 0.2031249999998519 0
0.7812499999995887 0.2343749999997888 0
0.7656249999995959 0.2499999999997929 0
0.7656249999995826 0.2343749999998126 0
0.7812499999996109 0.265624999999746 0
0.7656249999996229 0.2812499999997535 0
0.7656249999996093 0.2656249999997732 0
0.781249999999633 0.2968749999997032 0
0.7656249999996495 0.3124999999997142 0
0.7656249999996361 0.2968749999997339 0
0.7812499999996549 0.3281249999996604 0
0.7656249999996764 0.3437499999996748 0
0.7656249999996629 0.3281249999996945 0
0.7812499999996771 0.3593749999996176 0
0.7656249999997032 0.3749999999996355 0
0.7656249999996898 0.3593749999996552 0
0.7812499999996994 0.3906249999995748 0
0.76562499999973 0.4062499999995961 0
0.7656249999997166 0.3906249999996158 0
0.7812499999997214 0.4218749999995319 0
0.7656249999997566 0.4374999999995568 0
0.7656249999997433 0.4218749999995764 0
0.7812499999997434 0.4531249999994892 0
0.7656249999997834 0.4687499999995174 0
0.7656249999997701 0.4531249999995371 0
0.7812499999997655 0.4843749999994483 0
0.7656249999998103 0.4999999999994814 0
0.7656249999997968 0.4843749999994994 0
0.7812499999997876 0.5156249999994353 0
0.765624999999837 0.5312499999994904 0
0.7656249999998236 0.5156249999994857 0
0.7812499999998097 0.5468749999994504 0
0.7656249999998639 0.5624999999995027 0
0.7656249999998506 0.5468749999994964 0
0.7812499999998319 0.5781249999994675 0
0.7656249999998905 0.5937499999995151 0
0.7656249999998772 0.5781249999995091 0
0.781249999999854 0.6093749999994844 0
0.7656249999999173 0.6249999999995273 0
0.765624999999904 0.6093749999995212 0
0.7812499999998759 0.6406249999995014 0
0.7656249999999439 0.6562499999995397 0
0.7656249999999307 0.6406249999995335 0
0.7812499999998979 0.6718749999995184 0
0.7656249999999708 0.6874999999995518 0
0.7656249999999574 0.6718749999995458 0
0.7812499999999201 0.7031249999995353 0
0.7656249999999976 0.7187499999995641 0
0.7656249999999841 0.7031249999995579 0
0.7812499999999423 0.7343749999995524 0
0.7656250000000244 0.7499999999995764 0
0.765625000000011 0.7343749999995703 0
0.7812499999999645 0.7656249999995692 0
0.7656250000000512 0.7812499999995888 0
0.7656250000000379 0.7656249999995826 0
0.7812499999999866 0.7968749999995862 0
0.7656250000000779 0.8124999999996011 0
0.7656250000000645 0.7968749999995949 0
0.7812500000000085 0.8281249999996032 0
0.7656250000001047 0.8437499999996133 0
0.7656250000000914 0.8281249999996072 0
0.7812500000000306 0.8593749999996225 0
0.7656250000001316 0.8749999999996305 0
0.7656250000001181 0.8593749999996219 0
0.7812500000000528 0.8906249999996774 0
0.7656250000001583 0.9062499999997191 0
0.765625000000145 0.8906249999996747 0
0.7812500000000748 0.921874999999768 0
0.7656250000001849 0.9374999999998128 0
0.7656250000001715 0.921874999999766 0
0.7812500000000968 0.9531249999998608 0
0.7656250000002117 0.9687499999999064 0
0.7656250000001983 0.9531249999998597 0
0.781250000000119 0.9843749999999536 0
0.7656250000002128 0.9843749999999531 0
0.8124999999995118 0.01562499999998801 0
0.7968749999994815 0.03124999999997898 0
0.796874999999473 0.01562499999998949 0
0.8124999999995246 0.04687499999996078 0
0.7968749999994993 0.06249999999995159 0
0.7968749999994904 0.04687499999996528 0
0.8124999999995375 0.07812499999993774 0
0.7968749999995164 0.09374999999993879 0
0.7968749999995077 0.07812499999994518 0
0.8124999999995501 0.1093749999999216 0
0.796874999999534 0.1249999999999249 0
0.7968749999995252 0.1093749999999319 0
0.8124999999995629 0.1406249999998895 0
0.7968749999995514 0.1562499999998808 0
0.7968749999995426 0.1406249999999029 0
0.8124999999995757 0.1718749999998408 0
0.7968749999995689 0.1874999999998345 0
0.7968749999995601 0.1718749999998576 0
0.8124999999995884 0.2031249999997911 0
0.7968749999995862 0.2187499999997883 0
0.7968749999995776 0.2031249999998114 0
0.812499999999601 0.2343749999997414 0
0.7968749999996034 0.2499999999997419 0
0.7968749999995949 0.2343749999997651 0
0.8124999999996136 0.2656249999996916 0
0.7968749999996211 0.2812499999996957 0
0.7968749999996123 0.2656249999997188 0
0.8124999999996265 0.296874999999642 0
0.7968749999996384 0.3124999999996494 0
0.7968749999996297 0.2968749999996725 0
0.8124999999996393 0.3281249999995922 0
0.7968749999996558 0.3437499999996032 0
0.7968749999996471 0.3281249999996263 0
0.8124999999996519 0.3593749999995425 0
0.7968749999996733 0.374999999999557 0
0.7968749999996646 0.35937499999958 0
0.8124999999996647 0.3906249999994928 0
0.7968749999996908 0.4062499999995106 0
0.796874999999682 0.3906249999995338 0
0.8124999999996776 0.421874999999443 0
0.7968749999997082 0.4374999999994643 0
0.7968749999996995 0.4218749999994874 0
0.8124999999996904 0.4531249999993933 0
0.7968749999997256 0.4687499999994181 0
0.7968749999997169 0.4531249999994412 0
0.812499999999703 0.484374999999346 0
0.796874999999743 0.4999999999993762 0
0.7968749999997342 0.4843749999993971 0
0.8124999999997158 0.5156249999993343 0
0.7968749999997604 0.5312499999993935 0
0.7968749999997516 0.5156249999993848 0
0.8124999999997286 0.5468749999993583 0
0.7968749999997778 0.5624999999994152 0
0.7968749999997692 0.5468749999994044 0
0.8124999999997412 0.5781249999993847 0
0.7968749999997953 0.5937499999994369 0
0.7968749999997865 0.5781249999994262 0
0.812499999999754 0.6093749999994109 0
0.7968749999998127 0.6249999999994584 0
0.796874999999804 0.6093749999994477 0
0.8124999999997667 0.6406249999994372 0
0.7968749999998299 0.6562499999994802 0
0.7968749999998213 0.6406249999994693 0
0.8124999999997794 0.6718749999994635 0
0.7968749999998473 0.6874999999995017 0
0.7968749999998386 0.671874999999491 0
0.8124999999997922 0.7031249999994897 0
0.7968749999998649 0.7187499999995233 0
0.7968749999998561 0.7031249999995125 0
0.8124999999998048 0.7343749999995162 0
0.7968749999998822 0.7499999999995451 0
0.7968749999998735 0.7343749999995342 0
0.8124999999998175 0.7656249999995425 0
0.7968749999998997 0.7812499999995666 0
0.796874999999891 0.7656249999995559 0
0.8124999999998304 0.7968749999995687 0
0.7968749999999172 0.8124999999995883 0
0.7968749999999084 0.7968749999995774 0
0.8124999999998432 0.8281249999995951 0
0.7968749999999346 0.84374999999961 0
0.7968749999999259 0.8281249999995991 0
0.8124999999998559 0.8593749999996234 0
0.7968749999999519 0.8749999999996358 0
0.7968749999999433 0.859374999999623 0
0.8124999999998685 0.8906249999996821 0
0.7968749999999695 0.9062499999997237 0
0.7968749999999607 0.8906249999996797 0
0.8124999999998814 0.9218749999997715 0
0.7968749999999868 0.9374999999998158 0
0.7968749999999781 0.9218749999997697 0
0.8124999999998941 0.953124999999863 0
0.7968750000000041 0.968749999999908 0
0.7968749999999954 0.9531249999998619 0
0.8124999999999067 0.9843749999999543 0
0.7968750000000191 0.9843749999999539 0
0.8437499999995894 0.01562499999998504 0
0.8281249999995546 0.03124999999997305 0
0.8281249999995506 0.01562499999998652 0
0.843749999999593 0.04687499999995176 0
0.828124999999563 0.06249999999993949 0
0.8281249999995588 0.04687499999995627 0
0.8437499999995963 0.07812499999992284 0
0.8281249999995708 0.09374999999992109 0
0.8281249999995668 0.07812499999993029 0
0.8437499999995999 0.1093749999999011 0
0.8281249999995791 0.1249999999999016 0
0.828124999999575 0.1093749999999113 0
0.8437499999996032 0.1406249999998627 0
0.828124999999587 0.1562499999998506 0
0.828124999999583 0.1406249999998761 0
0.8437499999996065 0.1718749999998072 0
0.8281249999995952 0.1874999999997974 0
0.8281249999995911 0.171874999999824 0
0.8437499999996099 0.2031249999997505 0
0.8281249999996031 0.2187499999997442 0
0.8281249999995991 0.2031249999997708 0
0.8437499999996131 0.2343749999996939 0
0.828124999999611 0.249999999999691 0
0.8281249999996071 0.2343749999997176 0
0.8437499999996165 0.2656249999996372 0
0.8281249999996192 0.2812499999996378 0
0.8281249999996152 0.2656249999996645 0
0.8437499999996201 0.2968749999995806 0
0.8281249999996274 0.3124999999995847 0
0.8281249999996232 0.2968749999996113 0
0.8437499999996234 0.328124999999524 0
0.8281249999996354 0.3437499999995315 0
0.8281249999996314 0.3281249999995581 0
0.8437499999996269 0.3593749999994674 0
0.8281249999996434 0.3749999999994784 0
0.8281249999996394 0.359374999999505 0
0.8437499999996304 0.3906249999994107 0
0.8281249999996516 0.4062499999994251 0
0.8281249999996474 0.3906249999994518 0
0.8437499999996338 0.4218749999993541 0
0.8281249999996597 0.4374999999993719 0
0.8281249999996558 0.4218749999993986 0
0.8437499999996371 0.4531249999992974 0
0.8281249999996677 0.4687499999993187 0
0.8281249999996637 0.4531249999993454 0
0.8437499999996405 0.4843749999992437 0
0.8281249999996758 0.4999999999992709 0
0.8281249999996717 0.4843749999992949 0
0.8437499999996438 0.5156249999992333 0
0.8281249999996838 0.5312499999992966 0
0.8281249999996798 0.5156249999992839 0
0.8437499999996473 0.5468749999992659 0
0.828124999999692 0.5624999999993276 0
0.8281249999996879 0.5468749999993121 0
0.8437499999996506 0.5781249999993017 0
0.8281249999996998 0.5937499999993586 0
0.8281249999996958 0.5781249999993432 0
0.8437499999996539 0.6093749999993373 0
0.828124999999708 0.6249999999993896 0
0.8281249999997038 0.6093749999993742 0
0.8437499999996575 0.6406249999993731 0
0.8281249999997162 0.6562499999994207 0
0.8281249999997121 0.6406249999994051 0
0.8437499999996608 0.6718749999994087 0
0.828124999999724 0.6874999999994515 0
0.82812499999972 0.6718749999994361 0
0.843749999999664 0.7031249999994444 0
0.8281249999997322 0.7187499999994826 0
0.8281249999997282 0.7031249999994671 0
0.8437499999996676 0.7343749999994802 0
0.8281249999997402 0.7499999999995137 0
0.8281249999997362 0.7343749999994982 0
0.843749999999671 0.7656249999995157 0
0.8281249999997483 0.7812499999995445 0
0.8281249999997443 0.765624999999529 0
0.8437499999996745 0.7968749999995514 0
0.8281249999997565 0.8124999999995756 0
0.8281249999997524 0.7968749999995601 0
0.8437499999996778 0.828124999999587 0
0.8281249999997644 0.8437499999996065 0
0.8281249999997606 0.828124999999591 0
0.843749999999681 0.8593749999996243 0
0.8281249999997724 0.8749999999996411 0
0.8281249999997684 0.8593749999996239 0
0.8437499999996845 0.890624999999687 0
0.8281249999997806 0.9062499999997281 0
0.8281249999997766 0.8906249999996846 0
0.8437499999996878 0.9218749999997753 0
0.8281249999997886 0.9374999999998187 0
0.8281249999997846 0.9218749999997735 0
0.8437499999996911 0.9531249999998652 0
0.8281249999997966 0.9687499999999094 0
0.8281249999997926 0.9531249999998641 0
0.8437499999996947 0.9843749999999551 0
0.8281249999997958 0.9843749999999547 0
0.8749999999996676 0.01562499999998208 0
0.8593749999996281 0.03124999999996712 0
0.8593749999996285 0.01562499999998356 0
0.8749999999996625 0.04687499999994274 0
0.8593749999996273 0.06249999999992738 0
0.8593749999996279 0.04687499999994725 0
0.8749999999996572 0.07812499999990793 0
0.8593749999996262 0.0937499999999034 0
0.8593749999996267 0.07812499999991539 0
0.8749999999996518 0.1093749999998805 0
0.8593749999996254 0.1249999999998782 0
0.8593749999996259 0.1093749999998908 0
0.8749999999996465 0.140624999999836 0
0.8593749999996243 0.1562499999998205 0
0.8593749999996249 0.1406249999998493 0
0.8749999999996412 0.1718749999997736 0
0.8593749999996234 0.1874999999997603 0
0.8593749999996239 0.1718749999997904 0
0.8749999999996358 0.20312499999971 0
0.8593749999996223 0.2187499999997002 0
0.8593749999996229 0.2031249999997303 0
0.8749999999996305 0.2343749999996464 0
0.8593749999996214 0.2499999999996401 0
0.8593749999996219 0.2343749999996702 0
0.8749999999996254 0.2656249999995829 0
0.8593749999996205 0.28124999999958 0
0.859374999999621 0.26562499999961 0
0.8749999999996201 0.2968749999995193 0
0.8593749999996196 0.3124999999995199 0
0.8593749999996201 0.29687499999955 0
0.8749999999996148 0.3281249999994558 0
0.8593749999996185 0.3437499999994598 0
0.859374999999619 0.3281249999994899 0
0.8749999999996094 0.3593749999993923 0
0.8593749999996178 0.3749999999993998 0
0.8593749999996181 0.3593749999994298 0
0.8749999999996043 0.3906249999993287 0
0.859374999999617 0.4062499999993396 0
0.8593749999996173 0.3906249999993697 0
0.8749999999995989 0.421874999999265 0
0.8593749999996158 0.4374999999992795 0
0.8593749999996163 0.4218749999993096 0
0.8749999999995935 0.4531249999992015 0
0.8593749999996149 0.4687499999992194 0
0.8593749999996154 0.4531249999992494 0
0.8749999999995883 0.4843749999991414 0
0.8593749999996139 0.4999999999991657 0
0.8593749999996145 0.4843749999991925 0
0.874999999999583 0.515624999999132 0
0.859374999999613 0.5312499999991996 0
0.8593749999996134 0.5156249999991827 0
0.8749999999995779 0.5468749999991735 0
0.8593749999996122 0.5624999999992399 0
0.8593749999996125 0.5468749999992197 0
0.8749999999995726 0.5781249999992186 0
0.859374999999611 0.5937499999992804 0
0.8593749999996115 0.5781249999992601 0
0.8749999999995672 0.6093749999992638 0
0.8593749999996103 0.6249999999993208 0
0.8593749999996105 0.6093749999993006 0
0.8749999999995621 0.6406249999993089 0
0.8593749999996094 0.6562499999993612 0
0.8593749999996099 0.640624999999341 0
0.8749999999995568 0.671874999999354 0
0.8593749999996083 0.6874999999994015 0
0.8593749999996088 0.6718749999993813 0
0.8749999999995515 0.703124999999399 0
0.8593749999996072 0.718749999999442 0
0.8593749999996078 0.7031249999994218 0
0.874999999999546 0.734374999999444 0
0.8593749999996063 0.7499999999994822 0
0.8593749999996068 0.734374999999462 0
0.8749999999995406 0.765624999999489 0
0.8593749999996054 0.7812499999995225 0
0.8593749999996059 0.7656249999995023 0
0.8749999999995354 0.796874999999534 0
0.8593749999996045 0.8124999999995629 0
0.859374999999605 0.7968749999995427 0
0.87499999999953 0.828124999999579 0
0.8593749999996033 0.8437499999996032 0
0.8593749999996039 0.828124999999583 0
0.8749999999995248 0.8593749999996253 0
0.8593749999996025 0.8749999999996464 0
0.8593749999996029 0.8593749999996247 0
0.8749999999995197 0.8906249999996919 0
0.8593749999996017 0.9062499999997325 0
0.8593749999996021 0.8906249999996895 0
0.8749999999995145 0.9218749999997791 0
0.8593749999996005 0.9374999999998217 0
0.859374999999601 0.9218749999997771 0
0.8749999999995092 0.9531249999998674 0
0.8593749999995998 0.968749999999911 0
0.8593749999996001 0.9531249999998663 0
0.8749999999995038 0.9843749999999558 0
0.8593749999995823 0.9843749999999555 0
0.9062499999997505 0.01562499999997912 0
0.8906249999997067 0.0312499999999612 0
0.8906249999997091 0.0156249999999806 0
0.906249999999746 0.04687499999993373 0
0.8906249999997018 0.06249999999991528 0
0.8906249999997042 0.04687499999993824 0
0.9062499999997414 0.07812499999989303 0
0.8906249999996968 0.09374999999988569 0
0.8906249999996992 0.07812499999990048 0
0.906249999999737 0.10937499999986 0
0.890624999999692 0.1249999999998549 0
0.8906249999996945 0.1093749999998703 0
0.9062499999997325 0.1406249999998092 0
0.8906249999996871 0.1562499999997903 0
0.8906249999996896 0.1406249999998226 0
0.906249999999728 0.1718749999997399 0
0.890624999999682 0.1874999999997232 0
0.8906249999996846 0.1718749999997568 0
0.9062499999997236 0.2031249999996694 0
0.8906249999996774 0.2187499999996562 0
0.8906249999996797 0.2031249999996897 0
0.9062499999997193 0.2343749999995989 0
0.8906249999996725 0.2499999999995892 0
0.8906249999996749 0.2343749999996227 0
0.9062499999997148 0.2656249999995285 0
0.8906249999996676 0.2812499999995222 0
0.89062499999967 0.2656249999995557 0
0.9062499999997101 0.296874999999458 0
0.8906249999996625 0.3124999999994552 0
0.8906249999996652 0.2968749999994887 0
0.9062499999997056 0.3281249999993875 0
0.8906249999996578 0.3437499999993882 0
0.8906249999996603 0.3281249999994216 0
0.9062499999997014 0.3593749999993171 0
0.8906249999996531 0.3749999999993212 0
0.8906249999996554 0.3593749999993547 0
0.9062499999996969 0.3906249999992467 0
0.8906249999996481 0.4062499999992542 0
0.8906249999996505 0.3906249999992877 0
0.9062499999996922 0.4218749999991761 0
0.890624999999643 0.437499999999187 0
0.8906249999996456 0.4218749999992206 0
0.9062499999996878 0.4531249999991056 0
0.8906249999996384 0.46874999999912 0
0.8906249999996407 0.4531249999991536 0
0.9062499999996836 0.4843749999990391 0
0.8906249999996334 0.4999999999990604 0
0.8906249999996358 0.4843749999990902 0
0.9062499999996789 0.515624999999031 0
0.8906249999996285 0.5312499999991027 0
0.890624999999631 0.5156249999990814 0
0.9062499999996745 0.5468749999990814 0
0.8906249999996239 0.5624999999991523 0
0.8906249999996262 0.5468749999991274 0
0.90624999999967 0.5781249999991358 0
0.8906249999996187 0.5937499999992022 0
0.8906249999996213 0.5781249999991771 0
0.9062499999996655 0.6093749999991903 0
0.890624999999614 0.6249999999992519 0
0.8906249999996164 0.6093749999992271 0
0.906249999999661 0.6406249999992447 0
0.8906249999996092 0.6562499999993017 0
0.8906249999996115 0.6406249999992768 0
0.9062499999996566 0.6718749999992991 0
0.8906249999996042 0.6874999999993514 0
0.8906249999996066 0.6718749999993265 0
0.9062499999996521 0.7031249999993534 0
0.8906249999995993 0.7187499999994011 0
0.8906249999996018 0.7031249999993763 0
0.9062499999996476 0.7343749999994078 0
0.8906249999995943 0.7499999999994507 0
0.8906249999995969 0.734374999999426 0
0.9062499999996432 0.7656249999994621 0
0.8906249999995896 0.7812499999995004 0
0.8906249999995919 0.7656249999994755 0
0.9062499999996388 0.7968749999995165 0
0.8906249999995847 0.8124999999995501 0
0.8906249999995871 0.7968749999995253 0
0.9062499999996344 0.8281249999995708 0
0.8906249999995798 0.8437499999995998 0
0.8906249999995822 0.8281249999995748 0
0.9062499999996299 0.8593749999996262 0
0.8906249999995749 0.8749999999996517 0
0.8906249999995773 0.8593749999996257 0
0.9062499999996253 0.8906249999996968 0
0.8906249999995701 0.906249999999737 0
0.8906249999995725 0.8906249999996944 0
0.9062499999996207 0.9218749999997826 0
0.8906249999995651 0.9374999999998247 0
0.8906249999995676 0.9218749999997808 0
0.9062499999996163 0.9531249999998697 0
0.8906249999995604 0.9687499999999125 0
0.8906249999995627 0.9531249999998685 0
0.9062499999996119 0.9843749999999566 0
0.890624999999557 0.9843749999999563 0
0.9374999999998335 0.01562499999997615 0
0.9218749999997902 0.03124999999995527 0
0.9218749999997919 0.01562499999997764 0
0.9374999999998306 0.04687499999992473 0
0.9218749999997865 0.06249999999990318 0
0.9218749999997882 0.04687499999992924 0
0.9374999999998277 0.07812499999987813 0
0.9218749999997826 0.09374999999986798 0
0.9218749999997845 0.07812499999988559 0
0.9374999999998247 0.1093749999998395 0
0.9218749999997791 0.1249999999998315 0
0.9218749999997808 0.1093749999998497 0
0.9374999999998217 0.1406249999997824 0
0.9218749999997753 0.1562499999997601 0
0.9218749999997771 0.1406249999997958 0
0.9374999999998187 0.1718749999997063 0
0.9218749999997715 0.1874999999996861 0
0.9218749999997735 0.1718749999997231 0
0.9374999999998158 0.2031249999996289 0
0.921874999999768 0.2187499999996122 0
0.9218749999997697 0.2031249999996492 0
0.9374999999998127 0.2343749999995515 0
0.9218749999997641 0.2499999999995383 0
0.921874999999766 0.2343749999995752 0
0.9374999999998097 0.2656249999994741 0
0.9218749999997604 0.2812499999994643 0
0.9218749999997623 0.2656249999995013 0
0.9374999999998068 0.2968749999993968 0
0.9218749999997565 0.3124999999993904 0
0.9218749999997585 0.2968749999994274 0
0.9374999999998038 0.3281249999993194 0
0.9218749999997529 0.3437499999993165 0
0.9218749999997548 0.3281249999993535 0
0.9374999999998009 0.359374999999242 0
0.9218749999997493 0.3749999999992426 0
0.9218749999997511 0.3593749999992795 0
0.9374999999997979 0.3906249999991646 0
0.9218749999997455 0.4062499999991687 0
0.9218749999997475 0.3906249999992056 0
0.9374999999997949 0.4218749999990872 0
0.9218749999997417 0.4374999999990946 0
0.9218749999997436 0.4218749999991316 0
0.9374999999997918 0.4531249999990098 0
0.921874999999738 0.4687499999990207 0
0.9218749999997399 0.4531249999990578 0
0.9374999999997888 0.4843749999989369 0
0.9218749999997344 0.4999999999989552 0
0.9218749999997362 0.484374999998988 0
0.9374999999997859 0.51562499999893 0
0.9218749999997304 0.5312499999990059 0
0.9218749999997324 0.5156249999989804 0
0.9374999999997828 0.5468749999989893 0
0.9218749999997268 0.5624999999990649 0
0.9218749999997287 0.5468749999990352 0
0.93749999999978 0.578124999999053 0
0.9218749999997232 0.593749999999124 0
0.921874999999725 0.5781249999990943 0
0.9374999999997771 0.6093749999991168 0
0.9218749999997193 0.6249999999991831 0
0.9218749999997212 0.6093749999991536 0
0.9374999999997741 0.6406249999991805 0
0.9218749999997158 0.6562499999992422 0
0.9218749999997176 0.6406249999992126 0
0.9374999999997712 0.6718749999992443 0
0.921874999999712 0.6874999999993012 0
0.9218749999997138 0.6718749999992717 0
0.9374999999997682 0.7031249999993079 0
0.9218749999997082 0.7187499999993602 0
0.92187499999971 0.7031249999993308 0
0.9374999999997651 0.7343749999993716 0
0.9218749999997045 0.7499999999994192 0
0.9218749999997062 0.7343749999993896 0
0.9374999999997622 0.7656249999994355 0
0.9218749999997009 0.7812499999994783 0
0.9218749999997027 0.7656249999994488 0
0.9374999999997593 0.7968749999994991 0
0.9218749999996971 0.8124999999995373 0
0.9218749999996989 0.7968749999995078 0
0.9374999999997562 0.8281249999995627 0
0.9218749999996934 0.8437499999995963 0
0.9218749999996951 0.8281249999995668 0
0.9374999999997531 0.8593749999996272 0
0.9218749999996896 0.8749999999996571 0
0.9218749999996915 0.8593749999996266 0
0.9374999999997501 0.8906249999997018 0
0.9218749999996858 0.9062499999997415 0
0.9218749999996877 0.8906249999996992 0
0.9374999999997472 0.9218749999997866 0
0.921874999999682 0.9374999999998277 0
0.921874999999684 0.9218749999997846 0
0.9374999999997442 0.9531249999998719 0
0.9218749999996785 0.9687499999999138 0
0.9218749999996804 0.9531249999998708 0
0.9374999999997412 0.9843749999999574 0
0.9218749999996736 0.9843749999999569 0
0.968749999999917 0.01562499999997319 0
0.9531249999998741 0.03124999999994935 0
0.9531249999998752 0.01562499999997467 0
0.9687499999999154 0.04687499999991571 0
0.953124999999872 0.06249999999989108 0
0.953124999999873 0.04687499999992022 0
0.9687499999999138 0.07812499999986322 0
0.9531249999998697 0.09374999999985027 0
0.9531249999998708 0.07812499999987069 0
0.9687499999999123 0.109374999999819 0
0.9531249999998674 0.1249999999998082 0
0.9531249999998685 0.1093749999998292 0
0.968749999999911 0.1406249999997556 0
0.9531249999998652 0.1562499999997299 0
0.9531249999998663 0.140624999999769 0
0.9687499999999094 0.1718749999996727 0
0.953124999999863 0.1874999999996491 0
0.9531249999998641 0.1718749999996895 0
0.9687499999999079 0.2031249999995884 0
0.9531249999998608 0.2187499999995682 0
0.9531249999998619 0.2031249999996086 0
0.9687499999999064 0.2343749999995041 0
0.9531249999998583 0.2499999999994873 0
0.9531249999998594 0.2343749999995278 0
0.968749999999905 0.2656249999994197 0
0.9531249999998563 0.2812499999994065 0
0.9531249999998574 0.2656249999994469 0
0.9687499999999034 0.2968749999993354 0
0.953124999999854 0.3124999999993257 0
0.953124999999855 0.2968749999993661 0
0.9687499999999019 0.3281249999992511 0
0.9531249999998517 0.3437499999992448 0
0.9531249999998528 0.3281249999992852 0
0.9687499999999005 0.3593749999991668 0
0.9531249999998497 0.374999999999164 0
0.9531249999998508 0.3593749999992044 0
0.968749999999899 0.3906249999990826 0
0.9531249999998472 0.4062499999990832 0
0.9531249999998483 0.3906249999991236 0
0.9687499999998974 0.4218749999989982 0
0.9531249999998451 0.4374999999990023 0
0.9531249999998461 0.4218749999990427 0
0.9687499999998961 0.453124999998914 0
0.9531249999998428 0.4687499999989215 0
0.953124999999844 0.4531249999989619 0
0.9687499999998948 0.4843749999988346 0
0.9531249999998408 0.4999999999988499 0
0.9531249999998419 0.4843749999988858 0
0.9687499999998931 0.5156249999988289 0
0.9531249999998384 0.5312499999989091 0
0.9531249999998397 0.5156249999988793 0
0.9687499999998915 0.5468749999988971 0
0.9531249999998361 0.5624999999989774 0
0.9531249999998372 0.5468749999989431 0
0.96874999999989 0.5781249999989702 0
0.9531249999998339 0.5937499999990458 0
0.953124999999835 0.5781249999990116 0
0.9687499999998884 0.6093749999990431 0
0.9531249999998317 0.6249999999991142 0
0.9531249999998328 0.60937499999908 0
0.9687499999998871 0.6406249999991163 0
0.9531249999998295 0.6562499999991827 0
0.9531249999998306 0.6406249999991483 0
0.9687499999998855 0.6718749999991894 0
0.9531249999998272 0.687499999999251 0
0.9531249999998284 0.6718749999992168 0
0.968749999999884 0.7031249999992624 0
0.953124999999825 0.7187499999993193 0
0.9531249999998261 0.7031249999992852 0
0.9687499999998826 0.7343749999993354 0
0.9531249999998228 0.7499999999993878 0
0.9531249999998239 0.7343749999993536 0
0.9687499999998811 0.7656249999994086 0
0.9531249999998206 0.7812499999994562 0
0.9531249999998217 0.765624999999422 0
0.9687499999998795 0.7968749999994817 0
0.9531249999998184 0.8124999999995246 0
0.9531249999998195 0.7968749999994904 0
0.9687499999998782 0.8281249999995548 0
0.9531249999998161 0.843749999999593 0
0.9531249999998173 0.8281249999995588 0
0.9687499999998767 0.8593749999996282 0
0.9531249999998137 0.8749999999996624 0
0.953124999999815 0.8593749999996276 0
0.9687499999998752 0.8906249999997066 0
0.9531249999998116 0.906249999999746 0
0.9531249999998127 0.8906249999997042 0
0.9687499999998737 0.9218749999997902 0
0.9531249999998093 0.9374999999998307 0
0.9531249999998105 0.9218749999997884 0
0.968749999999872 0.9531249999998741 0
0.953124999999807 0.9687499999999154 0
0.9531249999998082 0.953124999999873 0
0.9687499999998705 0.984374999999958 0
0.9531249999998059 0.9843749999999577 0
0.984374999999958 0.03124999999994342 0
0.9843749999999585 0.01562499999997167 0
0.9843749999999574 0.06249999999987897 0
0.9843749999999577 0.0468749999999112 0
0.9843749999999565 0.09374999999983256 0
0.9843749999999569 0.07812499999985577 0
0.9843749999999558 0.1249999999997848 0
0.9843749999999561 0.1093749999998087 0
0.9843749999999551 0.1562499999996997 0
0.9843749999999555 0.1406249999997423 0
0.9843749999999543 0.187499999999612 0
0.9843749999999547 0.1718749999996558 0
0.9843749999999536 0.2187499999995242 0
0.9843749999999539 0.2031249999995681 0
0.9843749999999529 0.2499999999994364 0
0.9843749999999531 0.2343749999994803 0
0.984374999999952 0.2812499999993486 0
0.9843749999999525 0.2656249999993925 0
0.9843749999999514 0.3124999999992609 0
0.9843749999999517 0.2968749999993047 0
0.9843749999999505 0.3437499999991731 0
0.9843749999999509 0.328124999999217 0
0.9843749999999499 0.3749999999990854 0
0.9843749999999503 0.3593749999991293 0
0.984374999999949 0.4062499999989977 0
0.9843749999999496 0.3906249999990415 0
0.9843749999999484 0.4374999999989099 0
0.9843749999999487 0.4218749999989537 0
0.9843749999999477 0.4687499999988222 0
0.984374999999948 0.453124999998866 0
0.9843749999999469 0.4999999999987447 0
0.9843749999999474 0.4843749999987834 0
0.984374999999946 0.5312499999988122 0
0.9843749999999465 0.5156249999987784 0
0.9843749999999454 0.5624999999988898 0
0.9843749999999458 0.5468749999988509 0
0.9843749999999445 0.5937499999989675 0
0.9843749999999449 0.5781249999989287 0
0.9843749999999438 0.6249999999990452 0
0.9843749999999443 0.6093749999990064 0
0.9843749999999432 0.6562499999991231 0
0.9843749999999436 0.6406249999990843 0
0.9843749999999423 0.6874999999992009 0
0.9843749999999427 0.671874999999162 0
0.9843749999999416 0.7187499999992786 0
0.984374999999942 0.7031249999992397 0
0.9843749999999409 0.7499999999993563 0
0.9843749999999414 0.7343749999993174 0
0.98437499999994 0.781249999999434 0
0.9843749999999405 0.7656249999993952 0
0.9843749999999394 0.8124999999995119 0
0.9843749999999398 0.7968749999994729 0
0.9843749999999387 0.8437499999995897 0
0.9843749999999392 0.8281249999995508 0
0.9843749999999378 0.8749999999996676 0
0.9843749999999383 0.8593749999996285 0
0.9843749999999373 0.9062499999997504 0
0.9843749999999376 0.8906249999997091 0
0.9843749999999363 0.9374999999998337 0
0.9843749999999367 0.9218749999997921 0
0.9843749999999356 0.968749999999917 0
0.9843749999999361 0.9531249999998752 0
0.9843749999999353 0.9843749999999585 0
$EndNodes
$Elements
5 1152 1 1152
1 7 8 32
1 1 5 36 
2 5 6 37 
3 6 7 38 
4 7 8 39 
5 8 9 40 
6 9 10 41 
7 10 11 42 
8 11 12 43 
9 12 13 44 
10 13 14 45 
11 14 15 46 
12 15 16 47 
13 16 17 48 
14 17 18 49 
15 18 19 50 
16 19 20 51 
17 20 21 52 
18 21 22 53 
19 22 23 54 
20 23 24 55 
21 24 25 56 
22 25 26 57 
23 26 27 58 
24 27 28 59 
25 28 29 60 
26 29 30 61 
27 30 31 62 
28 31 32 63 
29 32 33 64 
30 33 34 65 
31 34 35 66 
32 35 2 67 
1 8 8 32
33 2 68 99 
34 68 69 100 
35 69 70 101 
36 70 71 102 
37 71 72 103 
38 72 73 104 
39 73 74 105 
40 74 75 106 
41 75 76 107 
42 76 77 108 
43 77 78 109 
44 78 79 110 
45 79 80 111 
46 80 81 112 
47 81 82 113 
48 82 83 114 
49 83 84 115 
50 84 85 116 
51 85 86 117 
52 86 87 118 
53 87 88 119 
54 88 89 120 
55 89 90 121 
56 90 91 122 
57 91 92 123 
58 92 93 124 
59 93 94 125 
60 94 95 126 
61 95 96 127 
62 96 97 128 
63 97 98 129 
64 98 3 130 
1 9 8 32
65 3 131 162 
66 131 132 163 
67 132 133 164 
68 133 134 165 
69 134 135 166 
70 135 136 167 
71 136 137 168 
72 137 138 169 
73 138 139 170 
74 139 140 171 
75 140 141 172 
76 141 142 173 
77 142 143 174 
78 143 144 175 
79 144 145 176 
80 145 146 177 
81 146 147 178 
82 147 148 179 
83 148 149 180 
84 149 150 181 
85 150 151 182 
86 151 152 183 
87 152 153 184 
88 153 154 185 
89 154 155 186 
90 155 156 187 
91 156 157 188 
92 157 158 189 
93 158 159 190 
94 159 160 191 
95 160 161 192 
96 161 4 193 
1 10 8 32
97 4 194 225 
98 194 195 226 
99 195 196 227 
100 196 197 228 
101 197 198 229 
102 198 199 230 
103 199 200 231 
104 200 201 232 
105 201 202 233 
106 202 203 234 
107 203 204 235 
108 204 205 236 
109 205 206 237 
110 206 207 238 
111 207 208 239 
112 208 209 240 
113 209 210 241 
114 210 211 242 
115 211 212 243 
116 212 213 244 
117 213 214 245 
118 214 215 246 
119 215 216 247 
120 216 217 248 
121 217 218 249 
122 218 219 250 
123 219 220 251 
124 220 221 252 
125 221 222 253 
126 222 223 254 
127 223 224 255 
128 224 1 256 
2 16 10 1024
129 1 5 257 224 36 1218 1219 256 1220 
130 224 257 258 223 1219 1221 1222 255 1223 
131 223 258 259 222 1222 1224 1225 254 1226 
132 222 259 260 221 1225 1227 1228 253 1229 
133 221 260 261 220 1228 1230 1231 252 1232 
134 220 261 262 219 1231 1233 1234 251 1235 
135 219 262 263 218 1234 1236 1237 250 1238 
136 218 263 264 217 1237 1239 1240 249 1241 
137 217 264 265 216 1240 1242 1243 248 1244 
138 216 265 266 215 1243 1245 1246 247 1247 
139 215 266 267 214 1246 1248 1249 246 1250 
140 214 267 268 213 1249 1251 1252 245 1253 
141 213 268 269 212 1252 1254 1255 244 1256 
142 212 269 270 211 1255 1257 1258 243 1259 
143 211 270 271 210 1258 1260 1261 242 1262 
144 210 271 272 209 1261 1263 1264 241 1265 
145 209 272 273 208 1264 1266 1267 240 1268 
146 208 273 274 207 1267 1269 1270 239 1271 
147 207 274 275 206 1270 1272 1273 238 1274 
148 206 275 276 205 1273 1275 1276 237 1277 
149 205 276 277 204 1276 1278 1279 236 1280 
150 204 277 278 203 1279 1281 1282 235 1283 
151 203 278 279 202 1282 1284 1285 234 1286 
152 202 279 280 201 1285 1287 1288 233 1289 
153 201 280 281 200 1288 1290 1291 232 1292 
154 200 281 282 199 1291 1293 1294 231 1295 
155 199 282 283 198 1294 1296 1297 230 1298 
156 198 283 284 197 1297 1299 1300 229 1301 
157 197 284 285 196 1300 1302 1303 228 1304 
158 196 285 286 195 1303 1305 1306 227 1307 
159 195 286 287 194 1306 1308 1309 226 1310 
160 194 287 161 4 1309 1311 193 225 1312 
161 5 6 288 257 37 1313 1314 1218 1315 
162 257 288 289 258 1314 1316 1317 1221 1318 
163 258 289 290 259 1317 1319 1320 1224 1321 
164 259 290 291 260 1320 1322 1323 1227 1324 
165 260 291 292 261 1323 1325 1326 1230 1327 
166 261 292 293 262 1326 1328 1329 1233 1330 
167 262 293 294 263 1329 1331 1332 1236 1333 
168 263 294 295 264 1332 1334 1335 1239 1336 
169 264 295 296 265 1335 1337 1338 1242 1339 
170 265 296 297 266 1338 1340 1341 1245 1342 
171 266 297 298 267 1341 1343 1344 1248 1345 
172 267 298 299 268 1344 1346 1347 1251 1348 
173 268 299 300 269 1347 1349 1350 1254 1351 
174 269 300 301 270 1350 1352 1353 1257 1354 
175 270 301 302 271 1353 1355 1356 1260 1357 
176 271 302 303 272 1356 1358 1359 1263 1360 
177 272 303 304 273 1359 1361 1362 1266 1363 
178 273 304 305 274 1362 1364 1365 1269 1366 
179 274 305 306 275 1365 1367 1368 1272 1369 
180 275 306 307 276 1368 1370 1371 1275 1372 
181 276 307 308 277 1371 1373 1374 1278 1375 
182 277 308 309 278 1374 1376 1377 1281 1378 
183 278 309 310 279 1377 1379 1380 1284 1381 
184 279 310 311 280 1380 1382 1383 1287 1384 
185 280 311 312 281 1383 1385 1386 1290 1387 
186 281 312 313 282 1386 1388 1389 1293 1390 
187 282 313 314 283 1389 1391 1392 1296 1393 
188 283 314 315 284 1392 1394 1395 1299 1396 
189 284 315 316 285 1395 1397 1398 1302 1399 
190 285 316 317 286 1398 1400 1401 1305 1402 
191 286 317 318 287 1401 1403 1404 1308 1405 
192 287 318 160 161 1404 1406 192 1311 1407 
193 6 7 319 288 38 1408 1409 1313 1410 
194 288 319 320 289 1409 1411 1412 1316 1413 
195 289 320 321 290 1412 1414 1415 1319 1416 
196 290 321 322 291 1415 1417 1418 1322 1419 
197 291 322 323 292 1418 1420 1421 1325 1422 
198 292 323 324 293 1421 1423 1424 1328 1425 
199 293 324 325 294 1424 1426 1427 1331 1428 
200 294 325 326 295 1427 1429 1430 1334 1431 
201 295 326 327 296 1430 1432 1433 1337 1434 
202 296 327 328 297 1433 1435 1436 1340 1437 
203 297 328 329 298 1436 1438 1439 1343 1440 
204 298 329 330 299 1439 1441 1442 1346 1443 
205 299 330 331 300 1442 1444 1445 1349 1446 
206 300 331 332 301 1445 1447 1448 1352 1449 
207 301 332 333 302 1448 1450 1451 1355 1452 
208 302 333 334 303 1451 1453 1454 1358 1455 
209 303 334 335 304 1454 1456 1457 1361 1458 
210 304 335 336 305 1457 1459 1460 1364 1461 
211 305 336 337 306 1460 1462 1463 1367 1464 
212 306 337 338 307 1463 1465 1466 1370 1467 
213 307 338 339 308 1466 1468 1469 1373 1470 
214 308 339 340 309 1469 1471 1472 1376 1473 
215 309 340 341 310 1472 1474 1475 1379 1476 
216 310 341 342 311 1475 1477 1478 1382 1479 
217 311 342 343 312 1478 1480 1481 1385 1482 
218 312 343 344 313 1481 1483 1484 1388 1485 
219 313 344 345 314 1484 1486 1487 1391 1488 
220 314 345 346 315 1487 1489 1490 1394 1491 
221 315 346 347 316 1490 1492 1493 1397 1494 
222 316 347 348 317 1493 1495 1496 1400 1497 
223 317 348 349 318 1496 1498 1499 1403 1500 
224 318 349 159 160 1499 1501 191 1406 1502 
225 7 8 350 319 39 1503 1504 1408 1505 
226 319 350 351 320 1504 1506 1507 1411 1508 
227 320 351 352 321 1507 1509 1510 1414 1511 
228 321 352 353 322 1510 1512 1513 1417 1514 
229 322 353 354 323 1513 1515 1516 1420 1517 
230 323 354 355 324 1516 1518 1519 1423 1520 
231 324 355 356 325 1519 1521 1522 1426 1523 
232 325 356 357 326 1522 1524 1525 1429 1526 
233 326 357 358 327 1525 1527 1528 1432 1529 
234 327 358 359 328 1528 1530 1531 1435 1532 
235 328 359 360 329 1531 1533 1534 1438 1535 
236 329 360 361 330 1534 1536 1537 1441 1538 
237 330 361 362 331 1537 1539 1540 1444 1541 
238 331 362 363 332 1540 1542 1543 1447 1544 
239 332 363 364 333 1543 1545 1546 1450 1547 
240 333 364 365 334 1546 1548 1549 1453 1550 
241 334 365 366 335 1549 1551 1552 1456 1553 
242 335 366 367 336 1552 1554 1555 1459 1556 
243 336 367 368 337 1555 1557 1558 1462 1559 
244 337 368 369 338 1558 1560 1561 1465 1562 
245 338 369 370 339 1561 1563 1564 1468 1565 
246 339 370 371 340 1564 1566 1567 1471 1568 
247 340 371 372 341 1567 1569 1570 1474 1571 
248 341 372 373 342 1570 1572 1573 1477 1574 
249 342 373 374 343 1573 1575 1576 1480 1577 
250 343 374 375 344 1576 1578 1579 1483 1580 
251 344 375 376 345 1579 1581 1582 1486 1583 
252 345 376 377 346 1582 1584 1585 1489 1586 
253 346 377 378 347 1585 1587 1588 1492 1589 
254 347 378 379 348 1588 1590 1591 1495 1592 
255 348 379 380 349 1591 1593 1594 1498 1595 
256 349 380 158 159 1594 1596 190 1501 1597 
257 8 9 381 350 40 1598 1599 1503 1600 
258 350 381 382 351 1599 1601 1602 1506 1603 
259 351 382 383 352 1602 1604 1605 1509 1606 
260 352 383 384 353 1605 1607 1608 1512 1609 
261 353 384 385 354 1608 1610 1611 1515 1612 
262 354 385 386 355 1611 1613 1614 1518 1615 
263 355 386 387 356 1614 1616 1617 1521 1618 
264 356 387 388 357 1617 1619 1620 1524 1621 
265 357 388 389 358 1620 1622 1623 1527 1624 
266 358 389 390 359 1623 1625 1626 1530 1627 
267 359 390 391 360 1626 1628 1629 1533 1630 
268 360 391 392 361 1629 1631 1632 1536 1633 
269 361 392 393 362 1632 1634 1635 1539 1636 
270 362 393 394 363 1635 1637 1638 1542 1639 
271 363 394 395 364 1638 1640 1641 1545 1642 
272 364 395 396 365 1641 1643 1644 1548 1645 
273 365 396 397 366 1644 1646 1647 1551 1648 
274 366 397 398 367 1647 1649 1650 1554 1651 
275 367 398 399 368 1650 1652 1653 1557 1654 
276 368 399 400 369 1653 1655 1656 1560 1657 
277 369 400 401 370 1656 1658 1659 1563 1660 
278 370 401 402 371 1659 1661 1662 1566 1663 
279 371 402 403 372 1662 1664 1665 1569 1666 
280 372 403 404 373 1665 1667 1668 1572 1669 
281 373 404 405 374 1668 1670 1671 1575 1672 
282 374 405 406 375 1671 1673 1674 1578 1675 
283 375 406 407 376 1674 1676 1677 1581 1678 
284 376 407 408 377 1677 1679 1680 1584 1681 
285 377 408 409 378 1680 1682 1683 1587 1684 
286 378 409 410 379 1683 1685 1686 1590 1687 
287 379 410 411 380 1686 1688 1689 1593 1690 
288 380 411 157 158 1689 1691 189 1596 1692 
289 9 10 412 381 41 1693 1694 1598 1695 
290 381 412 413 382 1694 1696 1697 1601 1698 
291 382 413 414 383 1697 1699 1700 1604 1701 
292 383 414 415 384 1700 1702 1703 1607 1704 
293 384 415 416 385 1703 1705 1706 1610 1707 
294 385 416 417 386 1706 1708 1709 1613 1710 
295 386 417 418 387 1709 1711 1712 1616 1713 
296 387 418 419 388 1712 1714 1715 1619 1716 
297 388 419 420 389 1715 1717 1718 1622 1719 
298 389 420 421 390 1718 1720 1721 1625 1722 
299 390 421 422 391 1721 1723 1724 1628 1725 
300 391 422 423 392 1724 1726 1727 1631 1728 
301 392 423 424 393 1727 1729 1730 1634 1731 
302 393 424 425 394 1730 1732 1733 1637 1734 
303 394 425 426 395 1733 1735 1736 1640 1737 
304 395 426 427 396 1736 1738 1739 1643 1740 
305 396 427 428 397 1739 1741 1742 1646 1743 
306 397 428 429 398 1742 1744 1745 1649 1746 
307 398 429 430 399 1745 1747 1748 1652 1749 
308 399 430 431 400 1748 1750 1751 1655 1752 
309 400 431 432 401 1751 1753 1754 1658 1755 
310 401 432 433 402 1754 1756 1757 1661 1758 
311 402 433 434 403 1757 1759 1760 1664 1761 
312 403 434 435 404 1760 1762 1763 1667 1764 
313 404 435 436 405 1763 1765 1766 1670 1767 
314 405 436 437 406 1766 1768 1769 1673 1770 
315 406 437 438 407 1769 1771 1772 1676 1773 
316 407 438 439 408 1772 1774 1775 1679 1776 
317 408 439 440 409 1775 1777 1778 1682 1779 
318 409 440 441 410 1778 1780 1781 1685 1782 
319 410 441 442 411 1781 1783 1784 1688 1785 
320 411 442 156 157 1784 1786 188 1691 1787 
321 10 11 443 412 42 1788 1789 1693 1790 
322 412 443 444 413 1789 1791 1792 1696 1793 
323 413 444 445 414 1792 1794 1795 1699 1796 
324 414 445 446 415 1795 1797 1798 1702 1799 
325 415 446 447 416 1798 1800 1801 1705 1802 
326 416 447 448 417 1801 1803 1804 1708 1805 
327 417 448 449 418 1804 1806 1807 1711 1808 
328 418 449 450 419 1807 1809 1810 1714 1811 
329 419 450 451 420 1810 1812 1813 1717 1814 
330 420 451 452 421 1813 1815 1816 1720 1817 
331 421 452 453 422 1816 1818 1819 1723 1820 
332 422 453 454 423 1819 1821 1822 1726 1823 
333 423 454 455 424 1822 1824 1825 1729 1826 
334 424 455 456 425 1825 1827 1828 1732 1829 
335 425 456 457 426 1828 1830 1831 1735 1832 
336 426 457 458 427 1831 1833 1834 1738 1835 
337 427 458 459 428 1834 1836 1837 1741 1838 
338 428 459 460 429 1837 1839 1840 1744 1841 
339 429 460 461 430 1840 1842 1843 1747 1844 
340 430 461 462 431 1843 1845 1846 1750 1847 
341 431 462 463 432 1846 1848 1849 1753 1850 
342 432 463 464 433 1849 1851 1852 1756 1853 
343 433 464 465 434 1852 1854 1855 1759 1856 
344 434 465 466 435 1855 1857 1858 1762 1859 
345 435 466 467 436 1858 1860 1861 1765 1862 
346 436 467 468 437 1861 1863 1864 1768 1865 
347 437 468 469 438 1864 1866 1867 1771 1868 
348 438 469 470 439 1867 1869 1870 1774 1871 
349 439 470 471 440 1870 1872 1873 1777 1874 
350 440 471 472 441 1873 1875 1876 1780 1877 
351 441 472 473 442 1876 1878 1879 1783 1880 
352 442 473 155 156 1879 1881 187 1786 1882 
353 11 12 474 443 43 1883 1884 1788 1885 
354 443 474 475 444 1884 1886 1887 1791 1888 
355 444 475 476 445 1887 1889 1890 1794 1891 
356 445 476 477 446 1890 1892 1893 1797 1894 
357 446 477 478 447 1893 1895 1896 1800 1897 
358 447 478 479 448 1896 1898 1899 1803 1900 
359 448 479 480 449 1899 1901 1902 1806 1903 
360 449 480 481 450 1902 1904 1905 1809 1906 
361 450 481 482 451 1905 1907 1908 1812 1909 
362 451 482 483 452 1908 1910 1911 1815 1912 
363 452 483 484 453 1911 1913 1914 1818 1915 
364 453 484 485 454 1914 1916 1917 1821 1918 
365 454 485 486 455 1917 1919 1920 1824 1921 
366 455 486 487 456 1920 1922 1923 1827 1924 
367 456 487 488 457 1923 1925 1926 1830 1927 
368 457 488 489 458 1926 1928 1929 1833 1930 
369 458 489 490 459 1929 1931 1932 1836 1933 
370 459 490 491 460 1932 1934 1935 1839 1936 
371 460 491 492 461 1935 1937 1938 1842 1939 
372 461 492 493 462 1938 1940 1941 1845 1942 
373 462 493 494 463 1941 1943 1944 1848 1945 
374 463 494 495 464 1944 1946 1947 1851 1948 
375 464 495 496 465 1947 1949 1950 1854 1951 
376 465 496 497 466 1950 1952 1953 1857 1954 
377 466 497 498 467 1953 1955 1956 1860 1957 
378 467 498 499 468 1956 1958 1959 1863 1960 
379 468 499 500 469 1959 1961 1962 1866 1963 
380 469 500 501 470 1962 1964 1965 1869 1966 
381 470 501 502 471 1965 1967 1968 1872 1969 
382 471 502 503 472 1968 1970 1971 1875 1972 
383 472 503 504 473 1971 1973 1974 1878 1975 
384 473 504 154 155 1974 1976 186 1881 1977 
385 12 13 505 474 44 1978 1979 1883 1980 
386 474 505 506 475 1979 1981 1982 1886 1983 
387 475 506 507 476 1982 1984 1985 1889 1986 
388 476 507 508 477 1985 1987 1988 1892 1989 
389 477 508 509 478 1988 1990 1991 1895 1992 
390 478 509 510 479 1991 1993 1994 1898 1995 
391 479 510 511 480 1994 1996 1997 1901 1998 
392 480 511 512 481 1997 1999 2000 1904 2001 
393 481 512 513 482 2000 2002 2003 1907 2004 
394 482 513 514 483 2003 2005 2006 1910 2007 
395 483 514 515 484 2006 2008 2009 1913 2010 
396 484 515 516 485 2009 2011 2012 1916 2013 
397 485 516 517 486 2012 2014 2015 1919 2016 
398 486 517 518 487 2015 2017 2018 1922 2019 
399 487 518 519 488 2018 2020 2021 1925 2022 
400 488 519 520 489 2021 2023 2024 1928 2025 
401 489 520 521 490 2024 2026 2027 1931 2028 
402 490 521 522 491 2027 2029 2030 1934 2031 
403 491 522 523 492 2030 2032 2033 1937 2034 
404 492 523 524 493 2033 2035 2036 1940 2037 
405 493 524 525 494 2036 2038 2039 1943 2040 
406 494 525 526 495 2039 2041 2042 1946 2043 
407 495 526 527 496 2042 2044 2045 1949 2046 
408 496 527 528 497 2045 2047 2048 1952 2049 
409 497 528 529 498 2048 2050 2051 1955 2052 
410 498 529 530 499 2051 2053 2054 1958 2055 
411 499 530 531 500 2054 2056 2057 1961 2058 
412 500 531 532 501 2057 2059 2060 1964 2061 
413 501 532 533 502 2060 2062 2063 1967 2064 
414 502 533 534 503 2063 2065 2066 1970 2067 
415 503 534 535 504 2066 2068 2069 1973 2070 
416 504 535 153 154 2069 2071 185 1976 2072 
417 13 14 536 505 45 2073 2074 1978 2075 
418 505 536 537 506 2074 2076 2077 1981 2078 
419 506 537 538 507 2077 2079 2080 1984 2081 
420 507 538 539 508 2080 2082 2083 1987 2084 
421 508 539 540 509 2083 2085 2086 1990 2087 
422 509 540 541 510 2086 2088 2089 1993 2090 
423 510 541 542 511 2089 2091 2092 1996 2093 
424 511 542 543 512 2092 2094 2095 1999 2096 
425 512 543 544 513 2095 2097 2098 2002 2099 
426 513 544 545 514 2098 2100 2101 2005 2102 
427 514 545 546 515 2101 2103 2104 2008 2105 
428 515 546 547 516 2104 2106 2107 2011 2108 
429 516 547 548 517 2107 2109 2110 2014 2111 
430 517 548 549 518 2110 2112 2113 2017 2114 
431 518 549 550 519 2113 2115 2116 2020 2117 
432 519 550 551 520 2116 2118 2119 2023 2120 
433 520 551 552 521 2119 2121 2122 2026 2123 
434 521 552 553 522 2122 2124 2125 2029 2126 
435 522 553 554 523 2125 2127 2128 2032 2129 
436 523 554 555 524 2128 2130 2131 2035 2132 
437 524 555 556 525 2131 2133 2134 2038 2135 
438 525 556 557 526 2134 2136 2137 2041 2138 
439 526 557 558 527 2137 2139 2140 2044 2141 
440 527 558 559 528 2140 2142 2143 2047 2144 
441 528 559 560 529 2143 2145 2146 2050 2147 
442 529 560 561 530 2146 2148 2149 2053 2150 
443 530 561 562 531 2149 2151 2152 2056 2153 
444 531 562 563 532 2152 2154 2155 2059 2156 
445 532 563 564 533 2155 2157 2158 2062 2159 
446 533 564 565 534 2158 2160 2161 2065 2162 
447 534 565 566 535 2161 2163 2164 2068 2165 
448 535 566 152 153 2164 2166 184 2071 2167 
449 14 15 567 536 46 2168 2169 2073 2170 
450 536 567 568 537 2169 2171 2172 2076 2173 
451 537 568 569 538 2172 2174 2175 2079 2176 
452 538 569 570 539 2175 2177 2178 2082 2179 
453 539 570 571 540 2178 2180 2181 2085 2182 
454 540 571 572 541 2181 2183 2184 2088 2185 
455 541 572 573 542 2184 2186 2187 2091 2188 
456 542 573 574 543 2187 2189 2190 2094 2191 
457 543 574 575 544 2190 2192 2193 2097 2194 
458 544 575 576 545 2193 2195 2196 2100 2197 
459 545 576 577 546 2196 2198 2199 2103 2200 
460 546 577 578 547 2199 2201 2202 2106 2203 
461 547 578 579 548 2202 2204 2205 2109 2206 
462 548 579 580 549 2205 2207 2208 2112 2209 
463 549 580 581 550 2208 2210 2211 2115 2212 
464 550 581 582 551 2211 2213 2214 2118 2215 
465 551 582 583 552 2214 2216 2217 2121 2218 
466 552 583 584 553 2217 2219 2220 2124 2221 
467 553 584 585 554 2220 2222 2223 2127 2224 
468 554 585 586 555 2223 2225 2226 2130 2227 
469 555 586 587 556 2226 2228 2229 2133 2230 
470 556 587 588 557 2229 2231 2232 2136 2233 
471 557 588 589 558 2232 2234 2235 2139 2236 
472 558 589 590 559 2235 2237 2238 2142 2239 
473 559 590 591 560 2238 2240 2241 2145 2242 
474 560 591 592 561 2241 2243 2244 2148 2245 
475 561 592 593 562 2244 2246 2247 2151 2248 
476 562 593 594 563 2247 2249 2250 2154 2251 
477 563 594 595 564 2250 2252 2253 2157 2254 
478 564 595 596 565 2253 2255 2256 2160 2257 
479 565 596 597 566 2256 2258 2259 2163 2260 
480 566 597 151 152 2259 2261 183 2166 2262 
481 15 16 598 567 47 2263 2264 2168 2265 
482 567 598 599 568 2264 2266 2267 2171 2268 
483 568 599 600 569 2267 2269 2270 2174 2271 
484 569 600 601 570 2270 2272 2273 2177 2274 
485 570 601 602 571 2273 2275 2276 2180 2277 
486 571 602 603 572 2276 2278 2279 2183 2280 
487 572 603 604 573 2279 2281 2282 2186 2283 
488 573 604 605 574 2282 2284 2285 2189 2286 
489 574 605 606 575 2285 2287 2288 2192 2289 
490 575 606 607 576 2288 2290 2291 2195 2292 
491 576 607 608 577 2291 2293 2294 2198 2295 
492 577 608 609 578 2294 2296 2297 2201 2298 
493 578 609 610 579 2297 2299 2300 2204 2301 
494 579 610 611 580 2300 2302 2303 2207 2304 
495 580 611 612 581 2303 2305 2306 2210 2307 
496 581 612 613 582 2306 2308 2309 2213 2310 
497 582 613 614 583 2309 2311 2312 2216 2313 
498 583 614 615 584 2312 2314 2315 2219 2316 
499 584 615 616 585 2315 2317 2318 2222 2319 
500 585 616 617 586 2318 2320 2321 2225 2322 
501 586 617 618 587 2321 2323 2324 2228 2325 
502 587 618 619 588 2324 2326 2327 2231 2328 
503 588 619 620 589 2327 2329 2330 2234 2331 
504 589 620 621 590 2330 2332 2333 2237 2334 
505 590 621 622 591 2333 2335 2336 2240 2337 
506 591 622 623 592 2336 2338 2339 2243 2340 
507 592 623 624 593 2339 2341 2342 2246 2343 
508 593 624 625 594 2342 2344 2345 2249 2346 
509 594 625 626 595 2345 2347 2348 2252 2349 
510 595 626 627 596 2348 2350 2351 2255 2352 
511 596 627 628 597 2351 2353 2354 2258 2355 
512 597 628 150 151 2354 2356 182 2261 2357 
513 16 17 629 598 48 2358 2359 2263 2360 
514 598 629 630 599 2359 2361 2362 2266 2363 
515 599 630 631 600 2362 2364 2365 2269 2366 
516 600 631 632 601 2365 2367 2368 2272 2369 
517 601 632 633 602 2368 2370 2371 2275 2372 
518 602 633 634 603 2371 2373 2374 2278 2375 
519 603 634 635 604 2374 2376 2377 2281 2378 
520 604 635 636 605 2377 2379 2380 2284 2381 
521 605 636 637 606 2380 2382 2383 2287 2384 
522 606 637 638 607 2383 2385 2386 2290 2387 
523 607 638 639 608 2386 2388 2389 2293 2390 
524 608 639 640 609 2389 2391 2392 2296 2393 
525 609 640 641 610 2392 2394 2395 2299 2396 
526 610 641 642 611 2395 2397 2398 2302 2399 
527 611 642 643 612 2398 2400 2401 2305 2402 
528 612 643 644 613 2401 2403 2404 2308 2405 
529 613 644 645 614 2404 2406 2407 2311 2408 
530 614 645 646 615 2407 2409 2410 2314 2411 
531 615 646 647 616 2410 2412 2413 2317 2414 
532 616 647 648 617 2413 2415 2416 2320 2417 
533 617 648 649 618 2416 2418 2419 2323 2420 
534 618 649 650 619 2419 2421 2422 2326 2423 
535 619 650 651 620 2422 2424 2425 2329 2426 
536 620 651 652 621 2425 2427 2428 2332 2429 
537 621 652 653 622 2428 2430 2431 2335 2432 
538 622 653 654 623 2431 2433 2434 2338 2435 
539 623 654 655 624 2434 2436 2437 2341 2438 
540 624 655 656 625 2437 2439 2440 2344 2441 
541 625 656 657 626 2440 2442 2443 2347 2444 
542 626 657 658 627 2443 2445 2446 2350 2447 
543 627 658 659 628 2446 2448 2449 2353 2450 
544 628 659 149 150 2449 2451 181 2356 2452 
545 17 18 660 629 49 2453 2454 2358 2455 
546 629 660 661 630 2454 2456 2457 2361 2458 
547 630 661 662 631 2457 2459 2460 2364 2461 
548 631 662 663 632 2460 2462 2463 2367 2464 
549 632 663 664 633 2463 2465 2466 2370 2467 
550 633 664 665 634 2466 2468 2469 2373 2470 
551 634 665 666 635 2469 2471 2472 2376 2473 
552 635 666 667 636 2472 2474 2475 2379 2476 
553 636 667 668 637 2475 2477 2478 2382 2479 
554 637 668 669 638 2478 2480 2481 2385 2482 
555 638 669 670 639 2481 2483 2484 2388 2485 
556 639 670 671 640 2484 2486 2487 2391 2488 
557 640 671 672 641 2487 2489 2490 2394 2491 
558 641 672 673 642 2490 2492 2493 2397 2494 
559 642 673 674 643 2493 2495 2496 2400 2497 
560 643 674 675 644 2496 2498 2499 2403 2500 
561 644 675 676 645 2499 2501 2502 2406 2503 
562 645 676 677 646 2502 2504 2505 2409 2506 
563 646 677 678 647 2505 2507 2508 2412 2509 
564 647 678 679 648 2508 2510 2511 2415 2512 
565 648 679 680 649 2511 2513 2514 2418 2515 
566 649 680 681 650 2514 2516 2517 2421 2518 
567 650 681 682 651 2517 2519 2520 2424 2521 
568 651 682 683 652 2520 2522 2523 2427 2524 
569 652 683 684 653 2523 2525 2526 2430 2527 
570 653 684 685 654 2526 2528 2529 2433 2530 
571 654 685 686 655 2529 2531 2532 2436 2533 
572 655 686 687 656 2532 2534 2535 2439 2536 
573 656 687 688 657 2535 2537 2538 2442 2539 
574 657 688 689 658 2538 2540 2541 2445 2542 
575 658 689 690 659 2541 2543 2544 2448 2545 
576 659 690 148 149 2544 2546 180 2451 2547 
577 18 19 691 660 50 2548 2549 2453 2550 
578 660 691 692 661 2549 2551 2552 2456 2553 
579 661 692 693 662 2552 2554 2555 2459 2556 
580 662 693 694 663 2555 2557 2558 2462 2559 
581 663 694 695 664 2558 2560 2561 2465 2562 
582 664 695 696 665 2561 2563 2564 2468 2565 
583 665 696 697 666 2564 2566 2567 2471 2568 
584 666 697 698 667 2567 2569 2570 2474 2571 
585 667 698 699 668 2570 2572 2573 2477 2574 
586 668 699 700 669 2573 2575 2576 2480 2577 
587 669 700 701 670 2576 2578 2579 2483 2580 
588 670 701 702 671 2579 2581 2582 2486 2583 
589 671 702 703 672 2582 2584 2585 2489 2586 
590 672 703 704 673 2585 2587 2588 2492 2589 
591 673 704 705 674 2588 2590 2591 2495 2592 
592 674 705 706 675 2591 2593 2594 2498 2595 
593 675 706 707 676 2594 2596 2597 2501 2598 
594 676 707 708 677 2597 2599 2600 2504 2601 
595 677 708 709 678 2600 2602 2603 2507 2604 
596 678 709 710 679 2603 2605 2606 2510 2607 
597 679 710 711 680 2606 2608 2609 2513 2610 
598 680 711 712 681 2609 2611 2612 2516 2613 
599 681 712 713 682 2612 2614 2615 2519 2616 
600 682 713 714 683 2615 2617 2618 2522 2619 
601 683 714 715 684 2618 2620 2621 2525 2622 
602 684 715 716 685 2621 2623 2624 2528 2625 
603 685 716 717 686 2624 2626 2627 2531 2628 
604 686 717 718 687 2627 2629 2630 2534 2631 
605 687 718 719 688 2630 2632 2633 2537 2634 
606 688 719 720 689 2633 2635 2636 2540 2637 
607 689 720 721 690 2636 2638 2639 2543 2640 
608 690 721 147 148 2639 2641 179 2546 2642 
609 19 20 722 691 51 2643 2644 2548 2645 
610 691 722 723 692 2644 2646 2647 2551 2648 
611 692 723 724 693 2647 2649 2650 2554 2651 
612 693 724 725 694 2650 2652 2653 2557 2654 
613 694 725 726 695 2653 2655 2656 2560 2657 
614 695 726 727 696 2656 2658 2659 2563 2660 
615 696 727 728 697 2659 2661 2662 2566 2663 
616 697 728 729 698 2662 2664 2665 2569 2666 
617 698 729 730 699 2665 2667 2668 2572 2669 
618 699 730 731 700 2668 2670 2671 2575 2672 
619 700 731 732 701 2671 2673 2674 2578 2675 
620 701 732 733 702 2674 2676 2677 2581 2678 
621 702 733 734 703 2677 2679 2680 2584 2681 
622 703 734 735 704 2680 2682 2683 2587 2684 
623 704 735 736 705 2683 2685 2686 2590 2687 
624 705 736 737 706 2686 2688 2689 2593 2690 
625 706 737 738 707 2689 2691 2692 2596 2693 
626 707 738 739 708 2692 2694 2695 2599 2696 
627 708 739 740 709 2695 2697 2698 2602 2699 
628 709 740 741 710 2698 2700 2701 2605 2702 
629 710 741 742 711 2701 2703 2704 2608 2705 
630 711 742 743 712 2704 2706 2707 2611 2708 
631 712 743 744 713 2707 2709 2710 2614 2711 
632 713 744 745 714 2710 2712 2713 2617 2714 
633 714 745 746 715 2713 2715 2716 2620 2717 
634 715 746 747 716 2716 2718 2719 2623 2720 
635 716 747 748 717 2719 2721 2722 2626 2723 
636 717 748 749 718 2722 2724 2725 2629 2726 
637 718 749 750 719 2725 2727 2728 2632 2729 
638 719 750 751 720 2728 2730 2731 2635 2732 
639 720 751 752 721 2731 2733 2734 2638 2735 
640 721 752 146 147 2734 2736 178 2641 2737 
641 20 21 753 722 52 2738 2739 2643 2740 
642 722 753 754 723 2739 2741 2742 2646 2743 
643 723 754 755 724 2742 2744 2745 2649 2746 
644 724 755 756 725 2745 2747 2748 2652 2749 
645 725 756 757 726 2748 2750 2751 2655 2752 
646 726 757 758 727 2751 2753 2754 2658 2755 
647 727 758 759 728 2754 2756 2757 2661 2758 
648 728 759 760 729 2757 2759 2760 2664 2761 
649 729 760 761 730 2760 2762 2763 2667 2764 
650 730 761 762 731 2763 2765 2766 2670 2767 
651 731 762 763 732 2766 2768 2769 2673 2770 
652 732 763 764 733 2769 2771 2772 2676 2773 
653 733 764 765 734 2772 2774 2775 2679 2776 
654 734 765 766 735 2775 2777 2778 2682 2779 
655 735 766 767 736 2778 2780 2781 2685 2782 
656 736 767 768 737 2781 2783 2784 2688 2785 
657 737 768 769 738 2784 2786 2787 2691 2788 
658 738 769 770 739 2787 2789 2790 2694 2791 
659 739 770 771 740 2790 2792 2793 2697 2794 
660 740 771 772 741 2793 2795 2796 2700 2797 
661 741 772 773 742 2796 2798 2799 2703 2800 
662 742 773 774 743 2799 2801 2802 2706 2803 
663 743 774 775 744 2802 2804 2805 2709 2806 
664 744 775 776 745 2805 2807 2808 2712 2809 
665 745 776 777 746 2808 2810 2811 2715 2812 
666 746 777 778 747 2811 2813 2814 2718 2815 
667 747 778 779 748 2814 2816 2817 2721 2818 
668 748 779 780 749 2817 2819 2820 2724 2821 
669 749 780 781 750 2820 2822 2823 2727 2824 
670 750 781 782 751 2823 2825 2826 2730 2827 
671 751 782 783 752 2826 2828 2829 2733 2830 
672 752 783 145 146 2829 2831 177 2736 2832 
673 21 22 784 753 53 2833 2834 2738 2835 
674 753 784 785 754 2834 2836 2837 2741 2838 
675 754 785 786 755 2837 2839 2840 2744 2841 
676 755 786 787 756 2840 2842 2843 2747 2844 
677 756 787 788 757 2843 2845 2846 2750 2847 
678 757 788 789 758 2846 2848 2849 2753 2850 
679 758 789 790 759 2849 2851 2852 2756 2853 
680 759 790 791 760 2852 2854 2855 2759 2856 
681 760 791 792 761 2855 2857 2858 2762 2859 
682 761 792 793 762 2858 2860 2861 2765 2862 
683 762 793 794 763 2861 2863 2864 2768 2865 
684 763 794 795 764 2864 2866 2867 2771 2868 
685 764 795 796 765 2867 2869 2870 2774 2871 
686 765 796 797 766 2870 2872 2873 2777 2874 
687 766 797 798 767 2873 2875 2876 2780 2877 
688 767 798 799 768 2876 2878 2879 2783 2880 
689 768 799 800 769 2879 2881 2882 2786 2883 
690 769 800 801 770 2882 2884 2885 2789 2886 
691 770 801 802 771 2885 2887 2888 2792 2889 
692 771 802 803 772 2888 2890 2891 2795 2892 
693 772 803 804 773 2891 2893 2894 2798 2895 
694 773 804 805 774 2894 2896 2897 2801 2898 
695 774 805 806 775 2897 2899 2900 2804 2901 
696 775 806 807 776 2900 2902 2903 2807 2904 
697 776 807 808 777 2903 2905 2906 2810 2907 
698 777 808 809 778 2906 2908 2909 2813 2910 
699 778 809 810 779 2909 2911 2912 2816 2913 
700 779 810 811 780 2912 2914 2915 2819 2916 
701 780 811 812 781 2915 2917 2918 2822 2919 
702 781 812 813 782 2918 2920 2921 2825 2922 
703 782 813 814 783 2921 2923 2924 2828 2925 
704 783 814 144 145 2924 2926 176 2831 2927 
705 22 23 815 784 54 2928 2929 2833 2930 
706 784 815 816 785 2929 2931 2932 2836 2933 
707 785 816 817 786 2932 2934 2935 2839 2936 
708 786 817 818 787 2935 2937 2938 2842 2939 
709 787 818 819 788 2938 2940 2941 2845 2942 
710 788 819 820 789 2941 2943 2944 2848 2945 
711 789 820 821 790 2944 2946 2947 2851 2948 
712 790 821 822 791 2947 2949 2950 2854 2951 
713 791 822 823 792 2950 2952 2953 2857 2954 
714 792 823 824 793 2953 2955 2956 2860 2957 
715 793 824 825 794 2956 2958 2959 2863 2960 
716 794 825 826 795 2959 2961 2962 2866 2963 
717 795 826 827 796 2962 2964 2965 2869 2966 
718 796 827 828 797 2965 2967 2968 2872 2969 
719 797 828 829 798 2968 2970 2971 2875 2972 
720 798 829 830 799 2971 2973 2974 2878 2975 
721 799 830 831 800 2974 2976 2977 2881 2978 
722 800 831 832 801 2977 2979 2980 2884 2981 
723 801 832 833 802 2980 2982 2983 2887 2984 
724 802 833 834 803 2983 2985 2986 2890 2987 
725 803 834 835 804 2986 2988 2989 2893 2990 
726 804 835 836 805 2989 2991 2992 2896 2993 
727 805 836 837 806 2992 2994 2995 2899 2996 
728 806 837 838 807 2995 2997 2998 2902 2999 
729 807 838 839 808 2998 3000 3001 2905 3002 
730 808 839 840 809 3001 3003 3004 2908 3005 
731 809 840 841 810 3004 3006 3007 2911 3008 
732 810 841 842 811 3007 3009 3010 2914 3011 
733 811 842 843 812 3010 3012 3013 2917 3014 
734 812 843 844 813 3013 3015 3016 2920 3017 
735 813 844 845 814 3016 3018 3019 2923 3020 
736 814 845 143 144 3019 3021 175 2926 3022 
737 23 24 846 815 55 3023 3024 2928 3025 
738 815 846 847 816 3024 3026 3027 2931 3028 
739 816 847 848 817 3027 3029 3030 2934 3031 
740 817 848 849 818 3030 3032 3033 2937 3034 
741 818 849 850 819 3033 3035 3036 2940 3037 
742 819 850 851 820 3036 3038 3039 2943 3040 
743 820 851 852 821 3039 3041 3042 2946 3043 
744 821 852 853 822 3042 3044 3045 2949 3046 
745 822 853 854 823 3045 3047 3048 2952 3049 
746 823 854 855 824 3048 3050 3051 2955 3052 
747 824 855 856 825 3051 3053 3054 2958 3055 
748 825 856 857 826 3054 3056 3057 2961 3058 
749 826 857 858 827 3057 3059 3060 2964 3061 
750 827 858 859 828 3060 3062 3063 2967 3064 
751 828 859 860 829 3063 3065 3066 2970 3067 
752 829 860 861 830 3066 3068 3069 2973 3070 
753 830 861 862 831 3069 3071 3072 2976 3073 
754 831 862 863 832 3072 3074 3075 2979 3076 
755 832 863 864 833 3075 3077 3078 2982 3079 
756 833 864 865 834 3078 3080 3081 2985 3082 
757 834 865 866 835 3081 3083 3084 2988 3085 
758 835 866 867 836 3084 3086 3087 2991 3088 
759 836 867 868 837 3087 3089 3090 2994 3091 
760 837 868 869 838 3090 3092 3093 2997 3094 
761 838 869 870 839 3093 3095 3096 3000 3097 
762 839 870 871 840 3096 3098 3099 3003 3100 
763 840 871 872 841 3099 3101 3102 3006 3103 
764 841 872 873 842 3102 3104 3105 3009 3106 
765 842 873 874 843 3105 3107 3108 3012 3109 
766 843 874 875 844 3108 3110 3111 3015 3112 
767 844 875 876 845 3111 3113 3114 3018 3115 
768 845 876 142 143 3114 3116 174 3021 3117 
769 24 25 877 846 56 3118 3119 3023 3120 
770 846 877 878 847 3119 3121 3122 3026 3123 
771 847 878 879 848 3122 3124 3125 3029 3126 
772 848 879 880 849 3125 3127 3128 3032 3129 
773 849 880 881 850 3128 3130 3131 3035 3132 
774 850 881 882 851 3131 3133 3134 3038 3135 
775 851 882 883 852 3134 3136 3137 3041 3138 
776 852 883 884 853 3137 3139 3140 3044 3141 
777 853 884 885 854 3140 3142 3143 3047 3144 
778 854 885 886 855 3143 3145 3146 3050 3147 
779 855 886 887 856 3146 3148 3149 3053 3150 
780 856 887 888 857 3149 3151 3152 3056 3153 
781 857 888 889 858 3152 3154 3155 3059 3156 
782 858 889 890 859 3155 3157 3158 3062 3159 
783 859 890 891 860 3158 3160 3161 3065 3162 
784 860 891 892 861 3161 3163 3164 3068 3165 
785 861 892 893 862 3164 3166 3167 3071 3168 
786 862 893 894 863 3167 3169 3170 3074 3171 
787 863 894 895 864 3170 3172 3173 3077 3174 
788 864 895 896 865 3173 3175 3176 3080 3177 
789 865 896 897 866 3176 3178 3179 3083 3180 
790 866 897 898 867 3179 3181 3182 3086 3183 
791 867 898 899 868 3182 3184 3185 3089 3186 
792 868 899 900 869 3185 3187 3188 3092 3189 
793 869 900 901 870 3188 3190 3191 3095 3192 
794 870 901 902 871 3191 3193 3194 3098 3195 
795 871 902 903 872 3194 3196 3197 3101 3198 
796 872 903 904 873 3197 3199 3200 3104 3201 
797 873 904 905 874 3200 3202 3203 3107 3204 
798 874 905 906 875 3203 3205 3206 3110 3207 
799 875 906 907 876 3206 3208 3209 3113 3210 
800 876 907 141 142 3209 3211 173 3116 3212 
801 25 26 908 877 57 3213 3214 3118 3215 
802 877 908 909 878 3214 3216 3217 3121 3218 
803 878 909 910 879 3217 3219 3220 3124 3221 
804 879 910 911 880 3220 3222 3223 3127 3224 
805 880 911 912 881 3223 3225 3226 3130 3227 
806 881 912 913 882 3226 3228 3229 3133 3230 
807 882 913 914 883 3229 3231 3232 3136 3233 
808 883 914 915 884 3232 3234 3235 3139 3236 
809 884 915 916 885 3235 3237 3238 3142 3239 
810 885 916 917 886 3238 3240 3241 3145 3242 
811 886 917 918 887 3241 3243 3244 3148 3245 
812 887 918 919 888 3244 3246 3247 3151 3248 
813 888 919 920 889 3247 3249 3250 3154 3251 
814 889 920 921 890 3250 3252 3253 3157 3254 
815 890 921 922 891 3253 3255 3256 3160 3257 
816 891 922 923 892 3256 3258 3259 3163 3260 
817 892 923 924 893 3259 3261 3262 3166 3263 
818 893 924 925 894 3262 3264 3265 3169 3266 
819 894 925 926 895 3265 3267 3268 3172 3269 
820 895 926 927 896 3268 3270 3271 3175 3272 
821 896 927 928 897 3271 3273 3274 3178 3275 
822 897 928 929 898 3274 3276 3277 3181 3278 
823 898 929 930 899 3277 3279 3280 3184 3281 
824 899 930 931 900 3280 3282 3283 3187 3284 
825 900 931 932 901 3283 3285 3286 3190 3287 
826 901 932 933 902 3286 3288 3289 3193 3290 
827 902 933 934 903 3289 3291 3292 3196 3293 
828 903 934 935 904 3292 3294 3295 3199 3296 
829 904 935 936 905 3295 3297 3298 3202 3299 
830 905 936 937 906 3298 3300 3301 3205 3302 
831 906 937 938 907 3301 3303 3304 3208 3305 
832 907 938 140 141 3304 3306 172 3211 3307 
833 26 27 939 908 58 3308 3309 3213 3310 
834 908 939 940 909 3309 3311 3312 3216 3313 
835 909 940 941 910 3312 3314 3315 3219 3316 
836 910 941 942 911 3315 3317 3318 3222 3319 
837 911 942 943 912 3318 3320 3321 3225 3322 
838 912 943 944 913 3321 3323 3324 3228 3325 
839 913 944 945 914 3324 3326 3327 3231 3328 
840 914 945 946 915 3327 3329 3330 3234 3331 
841 915 946 947 916 3330 3332 3333 3237 3334 
842 916 947 948 917 3333 3335 3336 3240 3337 
843 917 948 949 918 3336 3338 3339 3243 3340 
844 918 949 950 919 3339 3341 3342 3246 3343 
845 919 950 951 920 3342 3344 3345 3249 3346 
846 920 951 952 921 3345 3347 3348 3252 3349 
847 921 952 953 922 3348 3350 3351 3255 3352 
848 922 953 954 923 3351 3353 3354 3258 3355 
849 923 954 955 924 3354 3356 3357 3261 3358 
850 924 955 956 925 3357 3359 3360 3264 3361 
851 925 956 957 926 3360 3362 3363 3267 3364 
852 926 957 958 927 3363 3365 3366 3270 3367 
853 927 958 959 928 3366 3368 3369 3273 3370 
854 928 959 960 929 3369 3371 3372 3276 3373 
855 929 960 961 930 3372 3374 3375 3279 3376 
856 930 961 962 931 3375 3377 3378 3282 3379 
857 931 962 963 932 3378 3380 3381 3285 3382 
858 932 963 964 933 3381 3383 3384 3288 3385 
859 933 964 965 934 3384 3386 3387 3291 3388 
860 934 965 966 935 3387 3389 3390 3294 3391 
861 935 966 967 936 3390 3392 3393 3297 3394 
862 936 967 968 937 3393 3395 3396 3300 3397 
863 937 968 969 938 3396 3398 3399 3303 3400 
864 938 969 139 140 3399 3401 171 3306 3402 
865 27 28 970 939 59 3403 3404 3308 3405 
866 939 970 971 940 3404 3406 3407 3311 3408 
867 940 971 972 941 3407 3409 3410 3314 3411 
868 941 972 973 942 3410 3412 3413 3317 3414 
869 942 973 974 943 3413 3415 3416 3320 3417 
870 943 974 975 944 3416 3418 3419 3323 3420 
871 944 975 976 945 3419 3421 3422 3326 3423 
872 945 976 977 946 3422 3424 3425 3329 3426 
873 946 977 978 947 3425 3427 3428 3332 3429 
874 947 978 979 948 3428 3430 3431 3335 3432 
875 948 979 980 949 3431 3433 3434 3338 3435 
876 949 980 981 950 3434 3436 3437 3341 3438 
877 950 981 982 951 3437 3439 3440 3344 3441 
878 951 982 983 952 3440 3442 3443 3347 3444 
879 952 983 984 953 3443 3445 3446 3350 3447 
880 953 984 985 954 3446 3448 3449 3353 3450 
881 954 985 986 955 3449 3451 3452 3356 3453 
882 955 986 987 956 3452 3454 3455 3359 3456 
883 956 987 988 957 3455 3457 3458 3362 3459 
884 957 988 989 958 3458 3460 3461 3365 3462 
885 958 989 990 959 3461 3463 3464 3368 3465 
886 959 990 991 960 3464 3466 3467 3371 3468 
887 960 991 992 961 3467 3469 3470 3374 3471 
888 961 992 993 962 3470 3472 3473 3377 3474 
889 962 993 994 963 3473 3475 3476 3380 3477 
890 963 994 995 964 3476 3478 3479 3383 3480 
891 964 995 996 965 3479 3481 3482 3386 3483 
892 965 996 997 966 3482 3484 3485 3389 3486 
893 966 997 998 967 3485 3487 3488 3392 3489 
894 967 998 999 968 3488 3490 3491 3395 3492 
895 968 999 1000 969 3491 3493 3494 3398 3495 
896 969 1000 138 139 3494 3496 170 3401 3497 
897 28 29 1001 970 60 3498 3499 3403 3500 
898 970 1001 1002 971 3499 3501 3502 3406 3503 
899 971 1002 1003 972 3502 3504 3505 3409 3506 
900 972 1003 1004 973 3505 3507 3508 3412 3509 
901 973 1004 1005 974 3508 3510 3511 3415 3512 
902 974 1005 1006 975 3511 3513 3514 3418 3515 
903 975 1006 1007 976 3514 3516 3517 3421 3518 
904 976 1007 1008 977 3517 3519 3520 3424 3521 
905 977 1008 1009 978 3520 3522 3523 3427 3524 
906 978 1009 1010 979 3523 3525 3526 3430 3527 
907 979 1010 1011 980 3526 3528 3529 3433 3530 
908 980 1011 1012 981 3529 3531 3532 3436 3533 
909 981 1012 1013 982 3532 3534 3535 3439 3536 
910 982 1013 1014 983 3535 3537 3538 3442 3539 
911 983 1014 1015 984 3538 3540 3541 3445 3542 
912 984 1015 1016 985 3541 3543 3544 3448 3545 
913 985 1016 1017 986 3544 3546 3547 3451 3548 
914 986 1017 1018 987 3547 3549 3550 3454 3551 
915 987 1018 1019 988 3550 3552 3553 3457 3554 
916 988 1019 1020 989 3553 3555 3556 3460 3557 
917 989 1020 1021 990 3556 3558 3559 3463 3560 
918 990 1021 1022 991 3559 3561 3562 3466 3563 
919 991 1022 1023 992 3562 3564 3565 3469 3566 
920 992 1023 1024 993 3565 3567 3568 3472 3569 
921 993 1024 1025 994 3568 3570 3571 3475 3572 
922 994 1025 1026 995 3571 3573 3574 3478 3575 
923 995 1026 1027 996 3574 3576 3577 3481 3578 
924 996 1027 1028 997 3577 3579 3580 3484 3581 
925 997 1028 1029 998 3580 3582 3583 3487 3584 
926 998 1029 1030 999 3583 3585 3586 3490 3587 
927 999 1030 1031 1000 3586 3588 3589 3493 3590 
928 1000 1031 137 138 3589 3591 169 3496 3592 
929 29 30 1032 1001 61 3593 3594 3498 3595 
930 1001 1032 1033 1002 3594 3596 3597 3501 3598 
931 1002 1033 1034 1003 3597 3599 3600 3504 3601 
932 1003 1034 1035 1004 3600 3602 3603 3507 3604 
933 1004 1035 1036 1005 3603 3605 3606 3510 3607 
934 1005 1036 1037 1006 3606 3608 3609 3513 3610 
935 1006 1037 1038 1007 3609 3611 3612 3516 3613 
936 1007 1038 1039 1008 3612 3614 3615 3519 3616 
937 1008 1039 1040 1009 3615 3617 3618 3522 3619 
938 1009 1040 1041 1010 3618 3620 3621 3525 3622 
939 1010 1041 1042 1011 3621 3623 3624 3528 3625 
940 1011 1042 1043 1012 3624 3626 3627 3531 3628 
941 1012 1043 1044 1013 3627 3629 3630 3534 3631 
942 1013 1044 1045 1014 3630 3632 3633 3537 3634 
943 1014 1045 1046 1015 3633 3635 3636 3540 3637 
944 1015 1046 1047 1016 3636 3638 3639 3543 3640 
945 1016 1047 1048 1017 3639 3641 3642 3546 3643 
946 1017 1048 1049 1018 3642 3644 3645 3549 3646 
947 1018 1049 1050 1019 3645 3647 3648 3552 3649 
948 1019 1050 1051 1020 3648 3650 3651 3555 3652 
949 1020 1051 1052 1021 3651 3653 3654 3558 3655 
950 1021 1052 1053 1022 3654 3656 3657 3561 3658 
951 1022 1053 1054 1023 3657 3659 3660 3564 3661 
952 1023 1054 1055 1024 3660 3662 3663 3567 3664 
953 1024 1055 1056 1025 3663 3665 3666 3570 3667 
954 1025 1056 1057 1026 3666 3668 3669 3573 3670 
955 1026 1057 1058 1027 3669 3671 3672 3576 3673 
956 1027 1058 1059 1028 3672 3674 3675 3579 3676 
957 1028 1059 1060 1029 3675 3677 3678 3582 3679 
958 1029 1060 1061 1030 3678 3680 3681 3585 3682 
959 1030 1061 1062 1031 3681 3683 3684 3588 3685 
960 1031 1062 136 137 3684 3686 168 3591 3687 
961 30 31 1063 1032 62 3688 3689 3593 3690 
962 1032 1063 1064 1033 3689 3691 3692 3596 3693 
963 1033 1064 1065 1034 3692 3694 3695 3599 3696 
964 1034 1065 1066 1035 3695 3697 3698 3602 3699 
965 1035 1066 1067 1036 3698 3700 3701 3605 3702 
966 1036 1067 1068 1037 3701 3703 3704 3608 3705 
967 1037 1068 1069 1038 3704 3706 3707 3611 3708 
968 1038 1069 1070 1039 3707 3709 3710 3614 3711 
969 1039 1070 1071 1040 3710 3712 3713 3617 3714 
970 1040 1071 1072 1041 3713 3715 3716 3620 3717 
971 1041 1072 1073 1042 3716 3718 3719 3623 3720 
972 1042 1073 1074 1043 3719 3721 3722 3626 3723 
973 1043 1074 1075 1044 3722 3724 3725 3629 3726 
974 1044 1075 1076 1045 3725 3727 3728 3632 3729 
975 1045 1076 1077 1046 3728 3730 3731 3635 3732 
976 1046 1077 1078 1047 3731 3733 3734 3638 3735 
977 1047 1078 1079 1048 3734 3736 3737 3641 3738 
978 1048 1079 1080 1049 3737 3739 3740 3644 3741 
979 1049 1080 1081 1050 3740 3742 3743 3647 3744 
980 1050 1081 1082 1051 3743 3745 3746 3650 3747 
981 1051 1082 1083 1052 3746 3748 3749 3653 3750 
982 1052 1083 1084 1053 3749 3751 3752 3656 3753 
983 1053 1084 1085 1054 3752 3754 3755 3659 3756 
984 1054 1085 1086 1055 3755 3757 3758 3662 3759 
985 1055 1086 1087 1056 3758 3760 3761 3665 3762 
986 1056 1087 1088 1057 3761 3763 3764 3668 3765 
987 1057 1088 1089 1058 3764 3766 3767 3671 3768 
988 1058 1089 1090 1059 3767 3769 3770 3674 3771 
989 1059 1090 1091 1060 3770 3772 3773 3677 3774 
990 1060 1091 1092 1061 3773 3775 3776 3680 3777 
991 1061 1092 1093 1062 3776 3778 3779 3683 3780 
992 1062 1093 135 136 3779 3781 167 3686 3782 
993 31 32 1094 1063 63 3783 3784 3688 3785 
994 1063 1094 1095 1064 3784 3786 3787 3691 3788 
995 1064 1095 1096 1065 3787 3789 3790 3694 3791 
996 1065 1096 1097 1066 3790 3792 3793 3697 3794 
997 1066 1097 1098 1067 3793 3795 3796 3700 3797 
998 1067 1098 1099 1068 3796 3798 3799 3703 3800 
999 1068 1099 1100 1069 3799 3801 3802 3706 3803 
1000 1069 1100 1101 1070 3802 3804 3805 3709 3806 
1001 1070 1101 1102 1071 3805 3807 3808 3712 3809 
1002 1071 1102 1103 1072 3808 3810 3811 3715 3812 
1003 1072 1103 1104 1073 3811 3813 3814 3718 3815 
1004 1073 1104 1105 1074 3814 3816 3817 3721 3818 
1005 1074 1105 1106 1075 3817 3819 3820 3724 3821 
1006 1075 1106 1107 1076 3820 3822 3823 3727 3824 
1007 1076 1107 1108 1077 3823 3825 3826 3730 3827 
1008 1077 1108 1109 1078 3826 3828 3829 3733 3830 
1009 1078 1109 1110 1079 3829 3831 3832 3736 3833 
1010 1079 1110 1111 1080 3832 3834 3835 3739 3836 
1011 1080 1111 1112 1081 3835 3837 3838 3742 3839 
1012 1081 1112 1113 1082 3838 3840 3841 3745 3842 
1013 1082 1113 1114 1083 3841 3843 3844 3748 3845 
1014 1083 1114 1115 1084 3844 3846 3847 3751 3848 
1015 1084 1115 1116 1085 3847 3849 3850 3754 3851 
1016 1085 1116 1117 1086 3850 3852 3853 3757 3854 
1017 1086 1117 1118 1087 3853 3855 3856 3760 3857 
1018 1087 1118 1119 1088 3856 3858 3859 3763 3860 
1019 1088 1119 1120 1089 3859 3861 3862 3766 3863 
1020 1089 1120 1121 1090 3862 3864 3865 3769 3866 
1021 1090 1121 1122 1091 3865 3867 3868 3772 3869 
1022 1091 1122 1123 1092 3868 3870 3871 3775 3872 
1023 1092 1123 1124 1093 3871 3873 3874 3778 3875 
1024 1093 1124 134 135 3874 3876 166 3781 3877 
1025 32 33 1125 1094 64 3878 3879 3783 3880 
1026 1094 1125 1126 1095 3879 3881 3882 3786 3883 
1027 1095 1126 1127 1096 3882 3884 3885 3789 3886 
1028 1096 1127 1128 1097 3885 3887 3888 3792 3889 
1029 1097 1128 1129 1098 3888 3890 3891 3795 3892 
1030 1098 1129 1130 1099 3891 3893 3894 3798 3895 
1031 1099 1130 1131 1100 3894 3896 3897 3801 3898 
1032 1100 1131 1132 1101 3897 3899 3900 3804 3901 
1033 1101 1132 1133 1102 3900 3902 3903 3807 3904 
1034 1102 1133 1134 1103 3903 3905 3906 3810 3907 
1035 1103 1134 1135 1104 3906 3908 3909 3813 3910 
1036 1104 1135 1136 1105 3909 3911 3912 3816 3913 
1037 1105 1136 1137 1106 3912 3914 3915 3819 3916 
1038 1106 1137 1138 1107 3915 3917 3918 3822 3919 
1039 1107 1138 1139 1108 3918 3920 3921 3825 3922 
1040 1108 1139 1140 1109 3921 3923 3924 3828 3925 
1041 1109 1140 1141 1110 3924 3926 3927 3831 3928 
1042 1110 1141 1142 1111 3927 3929 3930 3834 3931 
1043 1111 1142 1143 1112 3930 3932 3933 3837 3934 
1044 1112 1143 1144 1113 3933 3935 3936 3840 3937 
1045 1113 1144 1145 1114 3936 3938 3939 3843 3940 
1046 1114 1145 1146 1115 3939 3941 3942 3846 3943 
1047 1115 1146 1147 1116 3942 3944 3945 3849 3946 
1048 1116 1147 1148 1117 3945 3947 3948 3852 3949 
1049 1117 1148 1149 1118 3948 3950 3951 3855 3952 
1050 1118 1149 1150 1119 3951 3953 3954 3858 3955 
1051 1119 1150 1151 1120 3954 3956 3957 3861 3958 
1052 1120 1151 1152 1121 3957 3959 3960 3864 3961 
1053 1121 1152 1153 1122 3960 3962 3963 3867 3964 
1054 1122 1153 1154 1123 3963 3965 3966 3870 3967 
1055 1123 1154 1155 1124 3966 3968 3969 3873 3970 
1056 1124 1155 133 134 3969 3971 165 3876 3972 
1057 33 34 1156 1125 65 3973 3974 3878 3975 
1058 1125 1156 1157 1126 3974 3976 3977 3881 3978 
1059 1126 1157 1158 1127 3977 3979 3980 3884 3981 
1060 1127 1158 1159 1128 3980 3982 3983 3887 3984 
1061 1128 1159 1160 1129 3983 3985 3986 3890 3987 
1062 1129 1160 1161 1130 3986 3988 3989 3893 3990 
1063 1130 1161 1162 1131 3989 3991 3992 3896 3993 
1064 1131 1162 1163 1132 3992 3994 3995 3899 3996 
1065 1132 1163 1164 1133 3995 3997 3998 3902 3999 
1066 1133 1164 1165 1134 3998 4000 4001 3905 4002 
1067 1134 1165 1166 1135 4001 4003 4004 3908 4005 
1068 1135 1166 1167 1136 4004 4006 4007 3911 4008 
1069 1136 1167 1168 1137 4007 4009 4010 3914 4011 
1070 1137 1168 1169 1138 4010 4012 4013 3917 4014 
1071 1138 1169 1170 1139 4013 4015 4016 3920 4017 
1072 1139 1170 1171 1140 4016 4018 4019 3923 4020 
1073 1140 1171 1172 1141 4019 4021 4022 3926 4023 
1074 1141 1172 1173 1142 4022 4024 4025 3929 4026 
1075 1142 1173 1174 1143 4025 4027 4028 3932 4029 
1076 1143 1174 1175 1144 4028 4030 4031 3935 4032 
1077 1144 1175 1176 1145 4031 4033 4034 3938 4035 
1078 1145 1176 1177 1146 4034 4036 4037 3941 4038 
1079 1146 1177 1178 1147 4037 4039 4040 3944 4041 
1080 1147 1178 1179 1148 4040 4042 4043 3947 4044 
1081 1148 1179 1180 1149 4043 4045 4046 3950 4047 
1082 1149 1180 1181 1150 4046 4048 4049 3953 4050 
1083 1150 1181 1182 1151 4049 4051 4052 3956 4053 
1084 1151 1182 1183 1152 4052 4054 4055 3959 4056 
1085 1152 1183 1184 1153 4055 4057 4058 3962 4059 
1086 1153 1184 1185 1154 4058 4060 4061 3965 4062 
1087 1154 1185 1186 1155 4061 4063 4064 3968 4065 
1088 1155 1186 132 133 4064 4066 164 3971 4067 
1089 34 35 1187 1156 66 4068 4069 3973 4070 
1090 1156 1187 1188 1157 4069 4071 4072 3976 4073 
1091 1157 1188 1189 1158 4072 4074 4075 3979 4076 
1092 1158 1189 1190 1159 4075 4077 4078 3982 4079 
1093 1159 1190 1191 1160 4078 4080 4081 3985 4082 
1094 1160 1191 1192 1161 4081 4083 4084 3988 4085 
1095 1161 1192 1193 1162 4084 4086 4087 3991 4088 
1096 1162 1193 1194 1163 4087 4089 4090 3994 4091 
1097 1163 1194 1195 1164 4090 4092 4093 3997 4094 
1098 1164 1195 1196 1165 4093 4095 4096 4000 4097 
1099 1165 1196 1197 1166 4096 4098 4099 4003 4100 
1100 1166 1197 1198 1167 4099 4101 4102 4006 4103 
1101 1167 1198 1199 1168 4102 4104 4105 4009 4106 
1102 1168 1199 1200 1169 4105 4107 4108 4012 4109 
1103 1169 1200 1201 1170 4108 4110 4111 4015 4112 
1104 1170 1201 1202 1171 4111 4113 4114 4018 4115 
1105 1171 1202 1203 1172 4114 4116 4117 4021 4118 
1106 1172 1203 1204 1173 4117 4119 4120 4024 4121 
1107 1173 1204 1205 1174 4120 4122 4123 4027 4124 
1108 1174 1205 1206 1175 4123 4125 4126 4030 4127 
1109 1175 1206 1207 1176 4126 4128 4129 4033 4130 
1110 1176 1207 1208 1177 4129 4131 4132 4036 4133 
1111 1177 1208 1209 1178 4132 4134 4135 4039 4136 
1112 1178 1209 1210 1179 4135 4137 4138 4042 4139 
1113 1179 1210 1211 1180 4138 4140 4141 4045 4142 
1114 1180 1211 1212 1181 4141 4143 4144 4048 4145 
1115 1181 1212 1213 1182 4144 4146 4147 4051 4148 
1116 1182 1213 1214 1183 4147 4149 4150 4054 4151 
1117 1183 1214 1215 1184 4150 4152 4153 4057 4154 
1118 1184 1215 1216 1185 4153 4155 4156 4060 4157 
1119 1185 1216 1217 1186 4156 4158 4159 4063 4160 
1120 1186 1217 131 132 4159 4161 163 4066 4162 
1121 35 2 68 1187 67 99 4163 4068 4164 
1122 1187 68 69 1188 4163 100 4165 4071 4166 
1123 1188 69 70 1189 4165 101 4167 4074 4168 
1124 1189 70 71 1190 4167 102 4169 4077 4170 
1125 1190 71 72 1191 4169 103 4171 4080 4172 
1126 1191 72 73 1192 4171 104 4173 4083 4174 
1127 1192 73 74 1193 4173 105 4175 4086 4176 
1128 1193 74 75 1194 4175 106 4177 4089 4178 
1129 1194 75 76 1195 4177 107 4179 4092 4180 
1130 1195 76 77 1196 4179 108 4181 4095 4182 
1131 1196 77 78 1197 4181 109 4183 4098 4184 
1132 1197 78 79 1198 4183 110 4185 4101 4186 
1133 1198 79 80 1199 4185 111 4187 4104 4188 
1134 1199 80 81 1200 4187 112 4189 4107 4190 
1135 1200 81 82 1201 4189 113 4191 4110 4192 
1136 1201 82 83 1202 4191 114 4193 4113 4194 
1137 1202 83 84 1203 4193 115 4195 4116 4196 
1138 1203 84 85 1204 4195 116 4197 4119 4198 
1139 1204 85 86 1205 4197 117 4199 4122 4200 
1140 1205 86 87 1206 4199 118 4201 4125 4202 
1141 1206 87 88 1207 4201 119 4203 4128 4204 
1142 1207 88 89 1208 4203 120 4205 4131 4206 
1143 1208 89 90 1209 4205 121 4207 4134 4208 
1144 1209 90 91 1210 4207 122 4209 4137 4210 
1145 1210 91 92 1211 4209 123 4211 4140 4212 
1146 1211 92 93 1212 4211 124 4213 4143 4214 
1147 1212 93 94 1213 4213 125 4215 4146 4216 
1148 1213 94 95 1214 4215 126 4217 4149 4218 
1149 1214 95 96 1215 4217 127 4219 4152 4220 
1150 1215 96 97 1216 4219 128 4221 4155 4222 
1151 1216 97 98 1217 4221 129 4223 4158 4224 
1152 1217 98 3 131 4223 130 162 4161 4225 
$EndElements
